User_ID,Product_ID,Gender,Age,Occupation,City_Category,Stay_In_Current_City_Years,Marital_Status,Product_Category_1,Product_Category_2,Product_Category_3,Purchase
1000861,P0093342,F,55+,8,C,4+,1,10,18.0,11.0,13888
1003773,P0095742,M,26-35,2,B,4+,1,15,17.0,6.0,2541
1003093,P0034442,F,0-17,14,B,4+,1,7,10.0,15.0,9555
1000467,P0091742,M,0-17,4,C,3,1,15,2.0,6.0,145
1004427,P0062542,M,36-45,0,A,2,0,1,4.0,,17720
1003445,P0062742,M,36-45,10,B,3,0,8,12.0,11.0,18800
1003172,P0052642,M,18-25,18,A,1,1,5,9.0,14.0,1558
1002920,P0014142,F,36-45,4,B,0,1,6,18.0,17.0,10422
1000131,P0056442,M,51-55,16,B,0,0,4,13.0,,17467
1001686,P0072142,M,0-17,18,A,1,1,15,3.0,,14621
1000770,P0037742,M,18-25,16,A,0,0,4,11.0,12.0,7265
1002392,P0093542,M,0-17,4,B,4+,1,3,18.0,13.0,4092
1002434,P0011842,F,46-50,19,C,4+,1,16,,6.0,18746
1001185,P0016542,M,46-50,8,C,4+,0,16,5.0,7.0,13456
1004556,P0026642,M,18-25,5,C,1,0,8,4.0,,16016
1003386,P0068442,F,26-35,20,C,2,0,6,9.0,13.0,5344
1004118,P0050242,M,51-55,12,C,1,1,13,3.0,,2272
1004844,P0092142,F,55+,20,A,2,1,9,16.0,16.0,6947
1002905,P0050842,M,51-55,10,B,0,0,9,10.0,10.0,18962
1000475,P0021142,M,55+,0,C,0,0,11,5.0,,14661
1001083,P0037342,F,36-45,16,B,0,1,8,4.0,14.0,275
1002559,P0050642,F,55+,5,A,2,0,13,,,2900
1002048,P0047242,M,18-25,2,B,0,1,1,2.0,12.0,19051
1002748,P0069642,M,51-55,15,A,1,0,17,3.0,9.0,16133
1000976,P0075042,F,55+,12,B,2,0,6,6.0,13.0,2199
1001807,P0013842,M,36-45,11,B,4+,1,12,3.0,,13492
1000190,P0020442,M,0-17,10,A,2,1,4,14.0,,14955
1002735,P0042342,M,55+,1,B,1,0,16,6.0,,6561
1003006,P0089242,M,26-35,18,A,1,1,3,11.0,,11172
1004659,P0051342,M,36-45,7,B,1,1,17,,11.0,7336
1001900,P0052842,F,46-50,12,B,0,1,18,18.0,17.0,4542
1001268,P0073442,M,55+,13,C,4+,0,18,4.0,,11450
1001529,P0082942,F,46-50,14,B,4+,0,18,3.0,,16473
1003203,P0098842,M,0-17,16,C,3,1,8,15.0,13.0,5027
1003557,P0016042,M,18-25,14,C,1,1,8,6.0,15.0,8279
1003891,P0071142,M,36-45,20,A,0,0,13,17.0,10.0,13535
1000647,P0040642,M,55+,9,A,2,1,12,10.0,,19691
1002889,P0045342,M,55+,0,B,0,0,15,5.0,,11232
1002436,P0049242,M,0-17,11,A,1,0,10,,17.0,17995
1000601,P0030342,F,55+,8,C,0,0,9,3.0,18.0,17829
1002364,P0035742,M,46-50,4,B,1,0,3,4.0,,3888
1002062,P0058542,M,55+,14,A,2,0,10,18.0,,1844
1000242,P0061642,F,55+,2,A,2,1,17,11.0,6.0,13517
1002042,P0054542,F,46-50,18,A,4+,1,15,,,10963
1002825,P0080842,M,46-50,6,C,3,1,10,4.0,7.0,6870
1002613,P0027942,M,26-35,6,A,0,0,14,5.0,6.0,15014
1001364,P0044142,M,26-35,6,B,3,0,16,2.0,14.0,1509
1001479,P0023242,F,46-50,1,B,0,1,6,6.0,15.0,13042
1002557,P0054242,M,51-55,1,B,4+,1,7,15.0,5.0,6378
1000776,P0093542,M,18-25,11,C,4+,0,10,16.0,15.0,14623
1004015,P0035242,F,26-35,4,A,2,0,18,10.0,7.0,4459
1000035,P0036442,F,36-45,3,B,2,1,9,7.0,16.0,4843
1003153,P0019242,F,26-35,6,A,2,1,2,16.0,,4993
1001956,P0076142,M,36-45,15,A,0,0,9,5.0,5.0,13239
1001586,P0051042,M,26-35,2,B,3,0,4,17.0,12.0,8985
1003944,P0023742,M,46-50,20,C,3,0,11,17.0,8.0,12767
1003074,P0030742,M,55+,1,B,2,0,17,10.0,17.0,15128
1001022,P0073642,M,36-45,16,B,4+,0,3,5.0,,833
1003462,P0084542,M,55+,8,C,3,1,15,14.0,7.0,13824
1002614,P0067242,M,55+,19,A,4+,0,2,,,860
1003844,P0040642,M,18-25,7,A,2,1,16,12.0,5.0,18041
1001501,P0036542,F,26-35,11,C,0,0,4,11.0,16.0,12890
1004799,P0074542,F,26-35,6,B,1,0,18,,,9953
1000162,P0041742,F,46-50,13,C,3,0,10,12.0,,12483
1004298,P0021242,F,36-45,15,B,2,0,6,2.0,,13605
1001982,P0047742,M,51-55,0,C,2,0,11,12.0,13.0,990
1000996,P0055342,M,46-50,9,A,3,0,10,10.0,,6441
1004912,P0029042,M,55+,10,C,1,1,1,7.0,14.0,2766
1003343,P0099042,M,36-45,6,C,0,0,16,8.0,11.0,7886
1004552,P0053942,F,26-35,17,B,3,0,5,,11.0,2566
1003799,P0028642,M,26-35,18,B,0,0,9,4.0,7.0,15795
1001276,P0093042,M,26-35,13,B,2,0,17,17.0,,12435
1001017,P0046642,M,26-35,16,C,3,0,4,,6.0,17073
1000338,P0018842,M,0-17,18,C,0,0,2,7.0,18.0,8779
1000879,P0028642,M,26-35,12,B,4+,0,2,3.0,,13459
1001077,P0091842,M,26-35,2,A,4+,1,5,8.0,10.0,15370
1004888,P0023142,M,51-55,1,B,4+,1,2,10.0,15.0,13792
1003994,P0097142,M,51-55,8,C,0,1,13,,,6771
1004860,P0073442,F,36-45,6,C,4+,1,5,10.0,3.0,18039
1000380,P0065942,M,55+,13,B,2,1,1,3.0,9.0,2533
1000493,P0089942,M,26-35,4,B,0,1,15,4.0,12.0,9785
1002063,P0047542,M,26-35,19,C,2,1,14,9.0,,18792
1003885,P0079042,M,36-45,14,C,1,1,12,5.0,14.0,3365
1000065,P0079142,M,55+,19,A,0,0,2,3.0,15.0,10580
1002569,P0019842,M,26-35,0,B,4+,1,1,5.0,,19722
1002028,P0094142,F,26-35,19,B,4+,1,3,4.0,14.0,2191
1002696,P0013342,M,46-50,6,A,1,1,11,6.0,13.0,13276
1001496,P0068142,M,0-17,4,C,3,1,17,,,1697
1000392,P0027042,M,36-45,3,C,1,0,5,10.0,,6318
1004515,P0046542,M,46-50,10,A,4+,1,17,15.0,,893
1004475,P0088342,M,51-55,18,B,4+,0,18,5.0,15.0,3222
1003562,P0015842,M,55+,5,C,3,1,3,18.0,11.0,16066
1002279,P0028042,M,18-25,19,A,1,1,15,7.0,17.0,10735
1003100,P0011842,M,18-25,17,A,2,0,16,,14.0,13145
1000201,P0032542,M,51-55,4,A,1,0,15,18.0,14.0,8210
1004876,P0057242,F,0-17,19,C,2,0,17,,8.0,14740
1003105,P0019442,F,55+,14,C,4+,1,18,15.0,,19886
1004599,P0098042,M,55+,20,A,4+,0,8,15.0,,14137
1002455,P0039642,M,18-25,19,A,1,0,14,18.0,10.0,10815
1003646,P0069242,M,0-17,5,C,4+,0,4,16.0,10.0,952
1000805,P0027442,M,18-25,3,C,3,0,10,14.0,9.0,7193
1002732,P0032142,M,18-25,16,C,0,0,7,9.0,7.0,15277
1002774,P0071442,M,55+,14,C,2,0,1,6.0,,4732
1001571,P0015342,M,46-50,17,C,4+,0,7,17.0,9.0,17030
1002691,P0079442,M,55+,5,A,2,1,12,9.0,,2593
1003841,P0096242,M,18-25,19,C,1,0,4,3.0,5.0,512
1001029,P0050242,M,55+,18,C,3,1,7,11.0,,2861
1000503,P0041742,M,51-55,11,A,2,0,15,15.0,6.0,12164
1004494,P0096642,M,0-17,8,A,4+,1,2,2.0,6.0,15594
1000871,P0044842,M,26-35,7,B,0,0,2,16.0,,7860
1004489,P0054242,M,55+,14,C,3,0,5,6.0,10.0,3629
1000207,P0093242,M,55+,0,B,1,1,3,6.0,7.0,13604
1001485,P0067942,M,26-35,1,B,4+,1,16,13.0,16.0,6605
1000864,P0063942,M,26-35,2,A,3,1,4,8.0,4.0,4650
1002791,P0088542,M,0-17,18,A,4+,0,15,11.0,,10092
1000564,P0038142,M,0-17,9,B,1,1,17,12.0,,7811
1004192,P0045942,M,26-35,13,B,1,0,11,,9.0,18815
1001758,P0092242,F,51-55,18,B,0,0,4,6.0,,14655
1001679,P0073042,M,18-25,10,B,3,0,4,11.0,4.0,19617
1003243,P0099142,M,26-35,20,C,0,0,4,17.0,14.0,3173
1004637,P0074542,F,36-45,5,B,0,0,2,6.0,,13023
1001060,P0074042,M,55+,18,A,0,0,16,3.0,16.0,12263
1001723,P0010742,M,0-17,13,B,2,0,13,2.0,13.0,14688
1003315,P0066242,M,36-45,7,B,1,1,8,4.0,3.0,15028
1003158,P0059042,M,36-45,1,A,0,0,2,7.0,9.0,18857
1002626,P0044042,M,0-17,17,B,2,0,17,10.0,13.0,19695
1002730,P0057142,M,55+,3,A,2,0,12,13.0,12.0,14050
1001598,P0089242,F,26-35,2,C,2,1,14,6.0,13.0,9206
1003061,P0078642,M,51-55,1,C,0,1,12,7.0,3.0,3038
1002694,P0079442,M,46-50,3,A,2,1,13,15.0,16.0,11584
1004892,P0080342,M,36-45,17,C,0,0,10,,9.0,255
1003628,P0034842,M,26-35,10,C,3,0,4,4.0,13.0,7912
1001364,P0033442,M,46-50,8,C,1,1,7,11.0,,12418
1001982,P0018242,M,55+,7,A,4+,0,2,7.0,,15100
1001664,P0019242,M,36-45,20,B,0,1,15,12.0,12.0,15434
1001530,P0098442,M,26-35,7,C,1,1,4,4.0,4.0,13308
1002039,P0049342,F,36-45,4,B,0,0,9,7.0,,9592
1003303,P0092342,M,26-35,12,B,3,1,6,16.0,12.0,1179
1002238,P0036742,M,55+,6,C,1,0,17,18.0,14.0,5993
1001307,P0051642,M,51-55,20,C,1,1,7,14.0,5.0,14153
1004030,P0073142,F,55+,4,B,2,0,16,,,11999
1002676,P0068242,F,18-25,12,C,0,1,17,15.0,,18438
1001283,P0062842,M,18-25,19,A,0,1,8,16.0,13.0,8286
1000710,P0035242,F,55+,15,A,4+,0,3,9.0,,19944
1004745,P0022142,M,0-17,13,C,2,1,6,5.0,4.0,19125
1004414,P0099142,M,46-50,4,B,2,1,18,15.0,10.0,3000
1003749,P0010942,M,55+,18,C,4+,1,11,,8.0,13234
1004780,P0089842,M,55+,3,A,2,0,6,,,5472
1000664,P0041542,F,36-45,10,B,2,1,13,11.0,8.0,18730
1001999,P0093742,M,36-45,1,C,3,0,9,12.0,,6719
1003446,P0037242,M,26-35,12,A,1,1,8,8.0,,10986
1003744,P0040542,F,46-50,15,B,4+,1,13,15.0,,1525
1001496,P0090442,M,36-45,8,A,3,1,14,17.0,3.0,7991
1003305,P0030942,M,46-50,15,C,3,0,1,2.0,,6341
1003764,P0082942,M,55+,6,C,3,1,5,18.0,,2378
1001854,P0085242,M,46-50,15,A,2,0,6,12.0,,16712
1004660,P0098542,M,18-25,12,A,4+,1,9,13.0,,10419
1001292,P0056342,F,36-45,4,A,2,0,13,6.0,16.0,4700
1003582,P0081142,M,36-45,14,A,2,1,1,2.0,,15738
1003458,P0082742,M,0-17,6,A,3,1,6,,12.0,4037
1001637,P0081642,M,46-50,17,B,0,1,7,,14.0,6421
1003697,P0051542,M,26-35,19,C,4+,1,10,17.0,,1925
1003000,P0031542,M,18-25,1,B,4+,0,4,11.0,,12491
1003153,P0017942,F,55+,7,A,3,1,18,8.0,17.0,18966
1000699,P0087842,F,0-17,9,B,3,0,16,5.0,4.0,19371
1002161,P0057942,M,18-25,9,C,1,0,11,3.0,10.0,9622
1004098,P0099042,M,26-35,10,A,3,0,17,11.0,18.0,14392
1004738,P0064642,M,0-17,20,A,2,1,2,17.0,14.0,15908
1000855,P0090042,M,18-25,20,C,3,0,7,16.0,11.0,11988
1003475,P0011742,M,26-35,7,B,4+,0,9,17.0,,2829
1001708,P0026442,M,51-55,15,C,0,0,14,4.0,12.0,15071
1002778,P0062442,M,0-17,15,C,0,0,17,,,8094
1001734,P0030142,F,26-35,16,B,2,0,15,18.0,16.0,2708
1004932,P0084042,M,0-17,5,B,0,1,7,3.0,15.0,18834
1003511,P0044542,M,36-45,17,A,3,1,7,9.0,11.0,4092
1000203,P0046542,F,36-45,16,A,0,1,14,9.0,6.0,11944
1003256,P0054742,M,18-25,11,A,3,1,9,16.0,3.0,12686
1004219,P0061242,M,46-50,14,C,1,1,9,,,18385
1004497,P0041842,M,51-55,6,B,4+,0,17,9.0,4.0,10046
1000767,P0031642,M,55+,13,B,2,1,2,4.0,11.0,1077
1004390,P0013342,F,46-50,3,A,1,1,12,3.0,,18741
1002328,P0097042,M,55+,16,C,0,0,16,14.0,14.0,14108
1002932,P0036542,M,55+,10,C,2,1,2,11.0,,11609
1000198,P0073942,M,55+,5,B,3,1,15,,4.0,4456
1001931,P0082342,F,26-35,9,B,1,0,6,,,10388
1003583,P0087442,M,0-17,14,B,4+,1,11,,,17611
1000609,P0092342,M,36-45,5,B,4+,1,17,3.0,,7267
1003273,P0017942,M,46-50,15,C,1,1,4,7.0,11.0,15410
1001148,P0077642,F,55+,11,A,1,1,5,6.0,5.0,404
1004283,P0051242,M,36-45,18,B,1,0,12,3.0,,8389
1003398,P0035142,M,55+,15,B,0,1,1,,6.0,11432
1002512,P0011142,M,51-55,13,B,4+,1,11,,16.0,14564
1001795,P0050042,M,26-35,5,C,4+,1,6,9.0,13.0,6509
1000660,P0091542,M,51-55,8,A,0,0,4,,,2784
1002812,P0082342,M,51-55,0,C,2,1,17,13.0,13.0,17184
1001370,P0038142,M,26-35,7,A,4+,1,12,10.0,12.0,10884
1001987,P0021142,M,0-17,6,C,2,1,10,12.0,17.0,15038
1000147,P0082242,M,51-55,13,B,2,1,14,10.0,16.0,17723
1003220,P0047742,M,46-50,7,B,2,0,7,7.0,14.0,8790
1002912,P0085042,M,55+,10,A,4+,0,11,5.0,15.0,13595
1001735,P0036742,M,26-35,8,C,3,0,3,11.0,5.0,7630
1001844,P0039742,F,26-35,18,A,2,0,8,12.0,,191
1000489,P0041642,M,55+,6,C,3,0,5,18.0,9.0,13593
1002977,P0066942,M,36-45,5,B,0,0,4,11.0,17.0,2341
1001960,P0060842,M,18-25,17,A,3,1,13,18.0,3.0,5662
1002386,P0064542,M,51-55,4,A,3,1,4,,10.0,1296
1002920,P0087442,M,46-50,18,B,1,1,6,16.0,,2940
1004737,P0046442,M,0-17,10,B,2,1,2,4.0,14.0,8550
1001803,P0064642,F,51-55,4,B,4+,0,5,11.0,,13866
1004062,P0037042,M,55+,8,B,1,1,15,,6.0,12978
1003370,P0057342,F,0-17,7,B,3,0,8,11.0,,2727
1000263,P0083842,F,36-45,10,B,0,0,2,18.0,14.0,1253
1000624,P0063642,F,51-55,5,C,4+,1,5,17.0,16.0,19561
1001017,P0033342,M,0-17,14,C,0,0,9,5.0,9.0,8006
1003644,P0015842,M,51-55,5,A,3,1,8,8.0,11.0,13536
1004977,P0035042,M,26-35,10,C,0,0,14,17.0,,474
1002050,P0094642,M,51-55,14,A,1,0,16,5.0,11.0,3193
1003724,P0018542,M,46-50,11,C,0,0,2,10.0,,13847
1004549,P0086242,M,51-55,8,C,1,1,3,4.0,10.0,13632
1003109,P0048942,F,0-17,9,B,2,1,4,6.0,,5460
1004091,P0027942,M,46-50,14,C,4+,1,15,7.0,,6157
1002057,P0081842,M,0-17,16,C,0,0,5,12.0,8.0,6058
1003171,P0095542,M,55+,15,C,1,0,15,,4.0,13139
1001683,P0024842,M,55+,7,B,3,0,18,9.0,,15944
1002256,P0068242,M,18-25,16,B,3,0,13,18.0,8.0,18310
1001155,P0022042,M,18-25,10,C,1,1,11,15.0,17.0,16288
1004500,P0086442,M,46-50,10,A,4+,1,10,17.0,10.0,1500
1003192,P0070442,M,55+,5,C,2,1,4,17.0,,13757
1001697,P0035542,M,18-25,1,B,2,0,5,8.0,,13353
1003992,P0086542,M,18-25,0,B,4+,1,1,6.0,4.0,12307
1004724,P0096342,M,26-35,19,A,0,0,13,,4.0,11666
1004683,P0089942,M,0-17,5,B,1,0,14,16.0,,299
1001649,P0040842,M,18-25,4,B,2,0,16,9.0,,6189
1001446,P0015842,M,46-50,8,C,4+,1,13,13.0,9.0,3473
1004200,P0016842,M,26-35,4,A,2,0,15,17.0,15.0,9398
1003924,P0054542,M,55+,17,B,2,0,9,3.0,,1147
1000254,P0048742,M,18-25,18,B,0,1,3,3.0,16.0,1397
1003184,P0018542,M,51-55,14,C,2,0,2,2.0,13.0,602
1002558,P0088542,F,55+,14,C,1,0,12,5.0,3.0,2009
1000099,P0032642,M,46-50,8,C,4+,1,18,4.0,17.0,1447
1002201,P0069242,M,0-17,13,C,0,0,4,11.0,,3584
1002962,P0072542,M,55+,4,A,0,0,15,7.0,16.0,5350
1004974,P0028342,M,51-55,16,C,4+,1,1,2.0,,3252
1004434,P0089142,M,55+,14,A,1,0,8,10.0,,938
1003778,P0042142,F,18-25,19,B,2,0,17,13.0,13.0,3680
1002870,P0041742,F,46-50,16,B,2,1,5,9.0,13.0,14049
1003235,P0066542,M,51-55,8,C,1,0,7,7.0,,14921
1003792,P0049842,F,46-50,12,C,3,0,3,9.0,11.0,4656
1000957,P0080842,M,36-45,12,C,4+,0,6,12.0,,7029
1004068,P0099842,M,55+,4,B,1,0,13,10.0,18.0,2273
1000161,P0039242,M,51-55,13,B,2,1,16,3.0,15.0,7353
1004494,P0039242,M,46-50,6,B,4+,1,17,11.0,,9488
1001301,P0058442,M,51-55,4,A,4+,1,6,16.0,,18159
1004912,P0099842,M,36-45,11,B,2,1,5,18.0,,3210
1003988,P0054642,M,0-17,2,C,1,1,18,10.0,,3093
1001528,P0090242,M,0-17,8,A,3,0,4,,11.0,4897
1001219,P0079142,M,55+,9,A,4+,0,12,18.0,13.0,18625
1004497,P0099142,M,26-35,0,A,4+,0,16,6.0,,17871
1004736,P0051142,M,51-55,13,B,4+,0,11,11.0,9.0,13378
1003105,P0060742,M,36-45,0,B,1,1,11,7.0,11.0,12455
1002736,P0083342,M,46-50,9,B,4+,0,6,13.0,,11014
1004556,P0088542,F,26-35,10,B,2,1,16,6.0,5.0,4595
1000955,P0098942,M,51-55,19,C,2,0,6,2.0,,17597
1004566,P0034342,F,26-35,1,A,0,1,9,,,1271
1003447,P0051942,M,51-55,1,A,4+,0,18,12.0,,4327
1001046,P0025342,M,55+,10,A,3,1,1,,4.0,12483
1001694,P0091542,F,55+,7,A,0,1,18,4.0,8.0,998
1003437,P0052342,M,0-17,2,A,4+,1,9,5.0,5.0,13016
1000563,P0037242,M,46-50,8,C,4+,0,14,6.0,10.0,18902
1002486,P0074642,M,36-45,15,C,1,0,12,11.0,,7833
1003355,P0092442,M,55+,15,A,1,1,10,,11.0,19995
1000226,P0061942,M,0-17,9,A,2,1,9,15.0,7.0,472
1004894,P0022742,M,26-35,5,B,0,0,12,3.0,,8933
1000960,P0047242,F,18-25,19,A,0,1,5,10.0,,1320
1004549,P0066742,M,55+,19,C,0,0,10,16.0,3.0,18033
1003068,P0073742,M,26-35,19,B,2,1,2,8.0,,2959
1000816,P0025842,F,18-25,10,C,3,0,6,11.0,10.0,15363
1004755,P0067042,M,51-55,7,B,3,1,5,16.0,12.0,7103
1004643,P0066942,M,0-17,19,B,3,1,1,,8.0,15711
1003121,P0075142,M,51-55,0,A,0,1,18,8.0,,11553
1000017,P0027542,M,36-45,5,C,4+,1,15,16.0,,14054
1001244,P0071942,M,46-50,7,C,0,0,2,16.0,18.0,4476
1002206,P0031042,M,55+,13,A,4+,0,15,12.0,3.0,14977
1002525,P0054642,M,18-25,2,B,1,0,11,18.0,,10313
1001070,P0068542,F,55+,1,B,2,0,13,12.0,14.0,4765
1003445,P0026642,M,46-50,0,C,3,1,15,14.0,15.0,2930
1002566,P0055942,M,51-55,10,A,0,0,10,18.0,,2370
1001061,P0045642,M,0-17,20,A,0,0,17,11.0,18.0,6926
1002328,P0040342,M,0-17,5,C,1,0,5,11.0,6.0,5692
1003421,P0033242,M,51-55,7,B,4+,1,1,13.0,5.0,6880
1000302,P0042642,M,51-55,6,B,3,0,12,18.0,9.0,16721
1004277,P0098342,M,0-17,5,A,2,0,7,4.0,4.0,14499
1000607,P0028142,F,36-45,17,B,4+,0,2,17.0,,14622
1003171,P0073342,M,18-25,11,B,4+,0,15,7.0,3.0,11769
1000700,P0043342,M,46-50,7,B,3,1,13,3.0,,5363
1001140,P0081442,M,26-35,20,C,2,0,7,17.0,5.0,347
1000191,P0012842,M,55+,18,A,3,1,14,4.0,,3838
1002301,P0081342,M,51-55,4,C,3,0,16,6.0,8.0,16311
1000981,P0019242,M,51-55,18,C,0,1,9,16.0,,13541
1002976,P0094042,F,55+,8,B,2,1,5,13.0,11.0,13530
1001185,P0096742,M,0-17,11,A,4+,0,10,,4.0,13831
1003328,P0078742,M,46-50,14,B,3,0,8,,,3450
1003395,P0042942,M,46-50,12,A,1,0,14,8.0,,8639
1000128,P0082242,F,36-45,12,B,2,1,11,8.0,10.0,12494
1002066,P0028342,M,18-25,20,A,1,1,1,6.0,,11280
1001817,P0019442,M,36-45,20,A,4+,0,10,12.0,14.0,19094
1000570,P0088442,M,36-45,4,B,2,1,2,9.0,,18863
1001896,P0074842,M,46-50,1,B,0,0,7,2.0,,18444
1002734,P0084842,M,18-25,18,C,2,0,17,9.0,,6719
1003864,P0045242,M,18-25,7,C,4+,0,5,3.0,11.0,17902
1004722,P0036442,M,18-25,13,A,0,0,10,17.0,5.0,7241
1004015,P0074642,M,55+,5,B,4+,0,5,,,6736
1002902,P0075542,M,0-17,6,B,2,1,5,7.0,,1006
1001687,P0011842,M,18-25,13,C,4+,1,9,15.0,3.0,2098
1003010,P0084242,M,46-50,5,B,2,0,11,3.0,6.0,11776
1000155,P0074542,F,55+,15,A,0,1,15,9.0,,4605
1002538,P0072542,M,0-17,3,A,2,1,5,13.0,18.0,19834
1001410,P0059842,M,26-35,6,A,4+,1,17,4.0,14.0,8238
1004058,P0023842,M,51-55,15,C,4+,0,14,9.0,,6119
1000785,P0073642,M,36-45,3,A,4+,0,2,,9.0,4567
1003176,P0081542,M,18-25,6,C,1,0,14,5.0,11.0,1632
1004342,P0067242,M,26-35,20,C,1,1,4,14.0,,12832
1002807,P0086142,M,18-25,1,A,1,1,3,18.0,17.0,4228
1000538,P0090942,M,36-45,7,C,3,0,15,17.0,8.0,7275
1001842,P0062442,M,46-50,9,C,2,1,16,17.0,,8761
1002456,P0035442,M,46-50,1,A,1,1,10,3.0,,13176
1000525,P0018442,F,36-45,5,A,4+,0,18,,6.0,1473
1002951,P0055742,M,26-35,3,C,4+,1,2,16.0,10.0,8412
1004132,P0063142,M,0-17,20,C,1,1,10,,,10527
1004781,P0066142,M,51-55,0,B,1,1,2,,6.0,10177
1004116,P0077542,M,51-55,5,A,4+,0,16,9.0,14.0,13989
1002369,P0019142,F,51-55,11,B,1,0,5,12.0,8.0,12165
1003848,P0069942,M,0-17,13,C,3,1,4,16.0,,9281
1004496,P0016842,M,18-25,14,B,3,1,17,18.0,11.0,14243
1002702,P0013642,M,36-45,17,C,3,1,13,,,9727
1000972,P0086442,F,36-45,16,B,0,1,12,,14.0,16104
1001167,P0086342,M,0-17,8,C,3,1,17,8.0,16.0,2566
1004930,P0023942,M,26-35,14,C,4+,1,9,15.0,,8428
1002775,P0096642,M,51-55,17,C,0,1,1,4.0,,14161
1001983,P0099242,M,55+,20,A,4+,1,1,18.0,,12470
1000854,P0077942,M,36-45,17,C,4+,0,2,5.0,3.0,10655
1004147,P0066542,F,46-50,4,A,1,0,14,,,10602
1003737,P0099742,M,46-50,15,C,2,1,5,,14.0,10877
1003770,P0027742,M,55+,8,B,3,1,1,3.0,,6321
1000575,P0090842,M,36-45,2,C,2,1,1,12.0,3.0,4675
1003262,P0091242,M,51-55,11,C,2,0,15,7.0,,3978
1001149,P0097042,M,51-55,13,B,1,1,1,11.0,6.0,8073
1001716,P0071742,M,51-55,0,C,2,1,16,7.0,17.0,14377
1004778,P0023642,M,26-35,8,C,3,1,10,3.0,,11904
1004934,P0028942,F,46-50,8,C,0,0,5,9.0,7.0,143
1003855,P0073942,M,26-35,19,B,4+,0,2,6.0,7.0,12482
1002492,P0044142,F,0-17,12,C,3,1,14,12.0,,9350
1002661,P0065842,M,18-25,7,A,1,1,11,15.0,7.0,2045
1003125,P0010442,M,51-55,10,A,0,1,3,10.0,15.0,2011
1003052,P0035642,M,0-17,13,A,1,0,11,6.0,9.0,6828
1000005,P0091142,F,18-25,15,A,3,0,16,5.0,3.0,1816
1004870,P0076142,M,55+,10,B,4+,1,17,2.0,4.0,15640
1000877,P0090542,F,46-50,18,C,2,1,4,16.0,6.0,4976
1000992,P0034242,F,18-25,9,A,2,0,15,7.0,16.0,7863
1004143,P0088642,M,18-25,7,C,1,0,11,,8.0,3872
1004365,P0081942,M,36-45,10,C,0,0,16,16.0,,15935
1004466,P0051442,M,18-25,7,B,4+,1,4,7.0,3.0,9814
1000636,P0072642,M,36-45,19,C,1,0,5,5.0,,1676
1001694,P0080642,M,18-25,9,A,4+,0,16,14.0,5.0,12308
1001683,P0044242,M,36-45,16,A,1,0,16,,,780
1004753,P0078142,F,46-50,10,B,0,1,1,13.0,4.0,2433
1000120,P0047842,M,46-50,11,A,3,1,3,2.0,6.0,16868
1000831,P0069342,F,18-25,9,A,2,1,2,17.0,9.0,2427
1003676,P0076542,M,55+,19,B,4+,0,10,,5.0,19481
1001370,P0075242,M,55+,16,B,4+,0,6,2.0,,16227
1000741,P0092542,M,26-35,2,A,0,1,8,18.0,6.0,8500
1000117,P0024542,M,55+,6,B,4+,0,6,16.0,5.0,194
1002839,P0042242,F,46-50,2,B,3,1,16,9.0,4.0,17349
1001151,P0022142,F,0-17,16,A,3,0,4,14.0,,215
1001932,P0035142,F,55+,7,A,0,1,16,5.0,,19638
1001013,P0095442,F,0-17,20,B,1,1,9,16.0,,7100
1001665,P0099842,M,36-45,18,C,1,1,9,13.0,,17892
1001082,P0041042,M,26-35,13,C,4+,0,8,3.0,,19422
1004730,P0070042,M,51-55,4,A,4+,1,5,,,5969
1000513,P0057442,F,36-45,18,A,0,1,17,4.0,12.0,13287
1002850,P0066942,M,18-25,12,C,3,0,16,10.0,10.0,17094
1000560,P0059142,F,55+,17,B,0,0,18,4.0,10.0,15125
1003673,P0067442,M,46-50,10,C,1,0,6,14.0,10.0,3415
1004584,P0044642,F,26-35,11,C,3,0,10,16.0,7.0,15562
1004993,P0091942,M,36-45,7,A,4+,1,16,,12.0,1860
1003344,P0058642,M,36-45,11,B,1,1,8,7.0,5.0,10611
1004071,P0057242,F,0-17,0,C,2,1,18,9.0,10.0,13648
1004800,P0048142,F,18-25,17,B,1,0,5,9.0,7.0,10695
1001471,P0037942,M,36-45,1,A,3,1,13,3.0,,10710
1000581,P0017142,F,0-17,11,C,3,0,15,18.0,14.0,11289
1002295,P0062042,F,26-35,18,A,0,1,6,3.0,,2791
1003148,P0046542,M,36-45,6,C,3,0,2,8.0,17.0,9391
1004250,P0019342,M,51-55,6,B,2,0,15,5.0,17.0,19729
1001680,P0047242,M,51-55,0,A,2,0,11,15.0,3.0,8114
1003507,P0043842,M,0-17,17,B,3,0,5,,3.0,13300
1002745,P0053642,M,51-55,7,C,4+,0,10,16.0,9.0,5684
1003357,P0043542,M,18-25,9,A,3,1,18,17.0,4.0,15719
1004046,P0076342,M,46-50,0,B,4+,0,12,3.0,9.0,9194
1001244,P0059142,M,51-55,14,B,3,0,17,16.0,18.0,5063
1003119,P0096742,M,26-35,14,C,1,1,17,3.0,,17161
1002142,P0013942,M,36-45,3,A,3,0,4,11.0,18.0,18567
1003060,P0045842,M,0-17,9,B,1,1,18,15.0,16.0,14797
1004549,P0067342,M,36-45,7,A,4+,1,10,7.0,5.0,19995
1002960,P0035342,M,46-50,13,A,3,0,14,15.0,6.0,6212
1002266,P0068042,F,36-45,12,A,4+,1,13,,4.0,1146
1002480,P0049742,M,36-45,20,A,2,0,14,,,8511
1004647,P0085642,M,0-17,16,C,0,0,4,5.0,11.0,10367
1001636,P0097642,M,46-50,6,B,4+,0,4,7.0,13.0,15161
1001758,P0026942,M,26-35,5,A,1,1,4,15.0,18.0,10890
1004453,P0078942,M,0-17,8,B,0,0,11,18.0,,6777
1002071,P0080042,M,55+,19,B,3,1,1,11.0,18.0,2336
1002850,P0061042,M,46-50,19,B,1,0,6,,5.0,14939
1003252,P0035942,F,46-50,7,C,0,0,5,13.0,,5461
1003731,P0068342,M,36-45,13,A,0,0,5,7.0,8.0,7328
1002490,P0055842,F,18-25,19,A,4+,0,12,2.0,,7986
1001632,P0062842,F,18-25,2,B,3,1,15,18.0,,18756
1002817,P0098142,M,26-35,12,B,3,0,6,3.0,13.0,6721
1001016,P0044042,M,36-45,20,C,3,0,12,3.0,16.0,3099
1001349,P0015642,M,18-25,8,C,4+,0,14,17.0,8.0,17210
1004612,P0031742,M,0-17,20,B,4+,0,11,2.0,,12318
1003088,P0071842,F,26-35,8,A,3,0,8,18.0,,17301
1002840,P0091542,M,36-45,10,C,0,0,7,13.0,13.0,11530
1000336,P0078442,M,51-55,5,A,3,1,6,14.0,,2316
1004593,P0083042,F,0-17,11,C,4+,1,13,,9.0,3368
1000896,P0056342,F,18-25,3,A,3,1,6,,6.0,10910
1003547,P0034642,M,18-25,3,B,4+,0,2,3.0,,14613
1000852,P0082942,F,18-25,16,C,3,0,11,,12.0,847
1001688,P0047242,M,18-25,6,B,0,0,8,15.0,,8474
1001932,P0051642,M,46-50,5,C,0,1,4,8.0,3.0,4694
1003747,P0013042,M,51-55,19,B,4+,1,7,,18.0,1278
1002428,P0046742,M,26-35,7,C,4+,0,15,2.0,3.0,12282
1001569,P0065842,M,26-35,6,C,1,1,10,18.0,15.0,18106
1004001,P0074542,M,18-25,7,C,2,1,3,14.0,,6877
1002739,P0020742,M,26-35,8,A,1,0,10,7.0,18.0,16963
1003499,P0068342,M,51-55,0,A,4+,0,3,2.0,18.0,5786
1003914,P0093842,M,0-17,2,C,4+,1,18,12.0,11.0,10143
1001067,P0051742,F,0-17,17,B,3,1,5,10.0,18.0,15674
1004381,P0071942,M,55+,18,B,1,0,1,,,18845
1002445,P0092042,M,26-35,10,C,2,1,6,17.0,15.0,12707
1004108,P0049742,F,18-25,15,A,1,1,7,13.0,16.0,1285
1003374,P0037142,F,36-45,17,A,0,0,2,5.0,,2791
1003970,P0078242,M,51-55,5,A,0,0,17,16.0,6.0,11440
1002547,P0021542,M,18-25,1,A,1,1,3,13.0,18.0,7596
1000754,P0094042,F,46-50,3,B,1,1,2,2.0,14.0,16367
1002083,P0068542,F,36-45,4,C,4+,0,18,17.0,13.0,12101
1002775,P0035542,M,51-55,20,C,3,0,14,18.0,13.0,19223
1002897,P0018042,M,46-50,13,C,0,0,16,17.0,18.0,10091
1004186,P0087942,M,26-35,0,B,2,1,12,5.0,,18999
1000776,P0022742,M,46-50,13,A,3,1,18,12.0,,883
1001626,P0093742,M,26-35,20,A,1,0,8,12.0,9.0,247
1003070,P0033442,M,46-50,12,B,0,1,1,,6.0,9131
1000418,P0065242,M,36-45,15,B,1,1,3,,,16768
1000115,P0028042,F,46-50,3,C,0,0,7,3.0,10.0,3958
1000617,P0025642,M,18-25,5,C,2,1,2,,14.0,13325
1003975,P0055342,M,26-35,8,B,3,1,16,17.0,3.0,4744
1003268,P0067042,F,0-17,0,B,2,1,9,9.0,,8418
1000826,P0095642,M,46-50,16,B,2,1,3,16.0,,18082
1001517,P0086042,M,26-35,3,A,3,0,14,9.0,,14789
1003147,P0080342,F,0-17,5,C,3,1,15,,11.0,12954
1000413,P0012342,M,26-35,15,B,2,0,16,9.0,12.0,18540
1000729,P0057242,F,55+,6,B,1,1,15,17.0,15.0,6454
1003349,P0049942,M,26-35,4,A,3,1,14,5.0,13.0,12488
1002809,P0069142,M,0-17,8,B,2,0,5,,7.0,555
1000676,P0023342,F,0-17,18,C,2,1,7,14.0,8.0,5615
1003466,P0052042,M,36-45,0,A,2,1,3,18.0,11.0,19604
1002505,P0031242,M,51-55,7,B,1,1,2,10.0,3.0,13096
1002968,P0058142,M,55+,19,C,4+,1,16,8.0,11.0,5540
1002787,P0044742,M,46-50,3,C,4+,1,2,12.0,,12464
1001123,P0026542,F,46-50,16,A,3,1,3,9.0,14.0,9418
1004080,P0044742,M,55+,0,C,4+,1,12,12.0,7.0,5227
1001572,P0094842,M,26-35,1,A,0,0,1,10.0,,1758
1002144,P0049742,M,55+,20,C,3,0,15,5.0,3.0,5969
1001688,P0068242,M,18-25,13,B,3,0,1,,6.0,3071
1004133,P0082542,F,18-25,1,A,2,1,1,2.0,17.0,11885
1003852,P0053442,F,51-55,0,C,0,0,15,,,15124
1003441,P0067642,M,26-35,12,A,4+,1,3,18.0,10.0,917
1003767,P0032042,M,36-45,7,C,3,1,14,10.0,9.0,3757
1002327,P0040742,M,0-17,8,A,0,0,10,8.0,3.0,109
1002915,P0089742,M,26-35,19,B,1,1,3,5.0,10.0,4152
1004969,P0079642,M,46-50,20,A,1,0,18,4.0,,4773
1003953,P0081842,M,18-25,1,A,2,0,4,13.0,12.0,10348
1000596,P0056542,M,18-25,16,B,0,0,17,4.0,11.0,9954
1000729,P0019842,F,18-25,5,C,3,0,4,11.0,18.0,10067
1001366,P0034142,M,36-45,2,B,1,1,15,18.0,,11913
1004493,P0025742,M,46-50,19,A,1,0,11,17.0,13.0,8038
1000699,P0070942,M,36-45,16,B,4+,0,3,4.0,5.0,14826
1000396,P0065342,M,0-17,5,B,4+,1,7,,,12503
1004172,P0075042,M,26-35,7,A,0,0,10,7.0,,7868
1004361,P0089442,M,26-35,13,A,4+,1,8,16.0,,2758
1002503,P0032642,F,55+,9,B,0,0,15,8.0,15.0,18505
1001820,P0052242,M,18-25,19,A,3,0,13,14.0,9.0,14553
1000718,P0017142,F,55+,9,C,3,1,3,13.0,14.0,5879
1002783,P0034242,M,18-25,14,C,3,0,15,5.0,13.0,12090
1004947,P0062942,M,0-17,7,C,4+,0,10,15.0,,9173
1003578,P0068842,M,36-45,10,C,4+,1,15,8.0,3.0,8440
1000144,P0014442,M,51-55,15,B,2,0,14,14.0,12.0,2381
1004981,P0057142,M,51-55,2,B,1,0,9,12.0,10.0,12456
1003141,P0047042,M,51-55,14,B,3,1,15,18.0,,10507
1004492,P0095442,M,46-50,12,A,4+,0,14,6.0,3.0,2387
1002939,P0075142,M,0-17,10,B,1,1,15,5.0,10.0,2894
1003637,P0078842,F,26-35,13,B,3,1,14,,,15001
1003223,P0083342,M,26-35,6,A,3,0,10,10.0,6.0,13444
1001168,P0019142,M,36-45,18,A,1,1,12,17.0,,7972
1002617,P0012142,M,55+,14,A,1,0,14,,17.0,8135
1001063,P0027142,M,0-17,5,C,4+,1,15,12.0,,1971
1002157,P0070342,M,46-50,19,B,1,0,12,8.0,,10393
1002983,P0029142,M,0-17,6,B,1,0,2,17.0,17.0,10086
1003295,P0017642,F,0-17,13,B,4+,1,17,,16.0,13205
1004730,P0038042,F,36-45,3,A,3,1,15,6.0,6.0,19829
1001157,P0046342,M,46-50,8,B,1,0,10,15.0,4.0,13158
1000733,P0027842,F,51-55,6,C,2,0,11,17.0,,14797
1004331,P0033742,M,26-35,14,B,0,0,14,2.0,18.0,3286
1004847,P0023442,F,18-25,2,B,1,0,9,13.0,,18790
1000954,P0097642,M,55+,4,A,1,1,3,14.0,3.0,7403
1002540,P0037942,M,51-55,16,C,0,1,1,14.0,,10115
1003325,P0011842,M,46-50,0,B,2,0,6,3.0,4.0,19574
1003302,P0069442,M,26-35,0,A,3,0,6,2.0,,19091
1001543,P0083942,M,51-55,15,C,2,0,5,7.0,7.0,3393
1001192,P0047042,F,36-45,13,C,0,1,4,9.0,9.0,2331
1002994,P0087642,M,55+,10,A,1,0,3,4.0,,18857
1002682,P0021142,M,46-50,13,A,3,0,13,12.0,14.0,7443
1001218,P0086242,M,46-50,7,A,2,1,4,6.0,,11394
1001541,P0077542,F,26-35,18,A,2,0,7,8.0,,5389
1003237,P0096942,F,26-35,1,A,3,0,11,7.0,10.0,3160
1002387,P0077942,M,0-17,9,A,2,1,10,17.0,6.0,18059
1003720,P0032042,F,0-17,4,B,0,0,5,,16.0,13746
1001389,P0040342,F,46-50,14,A,3,0,1,7.0,12.0,1870
1001857,P0080242,M,18-25,0,A,0,1,11,9.0,,5518
1001366,P0042442,F,36-45,1,C,3,0,13,18.0,3.0,18993
1000500,P0053642,M,26-35,18,C,0,1,8,17.0,17.0,6557
1001681,P0053742,M,0-17,16,C,1,1,16,16.0,15.0,14601
1000511,P0026942,M,36-45,14,A,1,1,9,16.0,,6191
1004313,P0047442,M,55+,17,A,2,0,4,7.0,17.0,15072
1001325,P0065642,M,51-55,20,B,3,1,7,,,7794
1001156,P0048042,M,51-55,7,B,3,1,12,18.0,3.0,2848
1001828,P0011342,F,46-50,20,B,0,0,9,6.0,15.0,15496
1003142,P0084242,F,26-35,13,B,2,0,13,15.0,,12481
1003487,P0076842,F,51-55,7,A,2,0,12,5.0,,14430
1001811,P0059942,M,55+,7,C,3,1,9,13.0,8.0,4825
1002924,P0074542,M,26-35,18,A,1,0,12,7.0,,8390
1002215,P0049042,M,0-17,12,A,3,0,16,4.0,,4358
1004187,P0064842,F,51-55,4,A,3,1,13,14.0,,6925
1000714,P0066442,M,18-25,9,A,4+,1,3,,15.0,16525
1003603,P0062942,F,51-55,6,C,0,1,6,4.0,16.0,4247
1004135,P0059142,F,26-35,8,C,0,0,14,,,5832
1003523,P0064942,M,18-25,13,B,4+,1,2,4.0,,1663
1004269,P0079842,M,36-45,5,A,2,0,3,16.0,10.0,8524
1004749,P0048442,M,51-55,9,B,0,1,16,,,2149
1004850,P0029542,M,26-35,0,C,2,0,8,3.0,,2533
1001244,P0085442,M,51-55,10,C,1,1,6,6.0,,18001
1003710,P0039942,F,51-55,7,B,2,1,3,11.0,,11988
1001082,P0091442,M,26-35,5,C,0,0,5,16.0,14.0,16944
1000456,P0064642,F,18-25,16,C,2,1,4,,10.0,8201
1004925,P0082642,F,0-17,3,A,1,1,6,16.0,,16668
1000895,P0083042,M,55+,5,A,4+,1,2,17.0,11.0,11415
1001385,P0092742,M,51-55,14,C,0,1,3,11.0,9.0,10301
1001959,P0070142,F,46-50,9,C,1,1,8,9.0,,510
1003073,P0040742,M,36-45,16,B,3,0,15,12.0,15.0,8088
1001997,P0035142,M,26-35,9,B,4+,1,10,14.0,7.0,7178
1004286,P0010742,M,51-55,4,C,4+,1,15,12.0,11.0,2568
1000505,P0086742,M,55+,18,A,0,1,6,17.0,8.0,2372
1001215,P0097442,M,0-17,6,A,1,1,12,5.0,8.0,18460
1001532,P0030742,F,26-35,18,B,3,0,8,9.0,4.0,7221
1003441,P0023042,M,51-55,9,A,1,0,6,3.0,,17536
1000824,P0083542,M,36-45,18,A,2,0,16,15.0,12.0,12755
1000929,P0080842,F,46-50,10,B,0,0,15,17.0,4.0,9737
1000134,P0075342,M,26-35,2,B,2,0,15,15.0,,7860
1002106,P0086342,M,51-55,10,A,2,0,8,,10.0,6364
1003628,P0070742,F,18-25,5,B,4+,1,14,,7.0,19987
1004781,P0012542,F,0-17,5,C,4+,1,16,7.0,,9820
1001853,P0072242,M,46-50,14,B,2,1,12,6.0,4.0,12107
1004911,P0055342,F,26-35,2,C,1,1,3,2.0,12.0,8412
1004176,P0073442,F,51-55,10,C,0,0,5,12.0,18.0,880
1002934,P0028542,M,46-50,7,C,0,0,13,,,14135
1003285,P0058342,M,18-25,7,B,1,0,15,5.0,5.0,19740
1004299,P0077942,F,26-35,15,B,2,0,8,13.0,,9064
1002812,P0015042,M,46-50,2,B,0,0,14,16.0,,11353
1001251,P0099042,M,26-35,7,C,4+,0,15,9.0,,5690
1003513,P0010442,F,26-35,7,B,3,0,8,16.0,5.0,16750
1001257,P0068842,M,46-50,12,A,4+,1,10,18.0,10.0,6709
1003377,P0025942,M,26-35,0,A,1,0,13,2.0,9.0,17506
1003487,P0030742,M,18-25,9,B,3,0,4,16.0,16.0,9624
1003585,P0035642,M,46-50,4,C,0,1,11,13.0,5.0,7773
1001397,P0030442,M,51-55,4,B,0,0,2,18.0,,6530
1003638,P0086642,M,55+,16,A,3,1,18,4.0,,13262
1003331,P0011042,M,46-50,13,C,0,0,6,18.0,,18758
1002704,P0010742,M,18-25,5,B,3,1,14,4.0,8.0,3914
1000471,P0050842,F,18-25,13,B,2,1,18,13.0,18.0,5440
1001354,P0013142,F,18-25,11,C,1,0,11,7.0,,12222
1002784,P0063942,M,51-55,19,C,4+,1,7,6.0,4.0,16358
1002832,P0081742,M,51-55,0,A,3,1,15,11.0,16.0,11514
1000358,P0048642,F,55+,4,B,3,1,1,17.0,,15293
1003020,P0032742,F,55+,17,A,2,1,10,14.0,12.0,2793
1000668,P0073942,M,26-35,13,A,4+,0,9,,11.0,11012
1004469,P0086642,M,26-35,6,C,2,1,16,4.0,3.0,4184
1001146,P0057442,F,36-45,14,B,2,1,16,16.0,15.0,11878
1004186,P0082342,M,55+,8,A,1,0,17,3.0,17.0,16374
1003720,P0085042,M,55+,14,A,0,0,12,9.0,,10955
1002746,P0030642,M,26-35,15,C,4+,1,7,8.0,5.0,502
1000540,P0041742,F,18-25,8,B,2,1,2,7.0,13.0,510
1002780,P0089442,M,36-45,6,B,0,0,3,12.0,9.0,18453
1004965,P0085642,M,55+,6,A,0,0,6,6.0,8.0,19464
1004137,P0065642,M,18-25,16,C,0,1,8,9.0,9.0,12829
1004836,P0071642,F,0-17,10,B,0,0,4,,12.0,8205
1003776,P0044742,M,55+,5,B,1,1,7,8.0,,16278
1002509,P0089242,M,51-55,13,A,1,1,4,,13.0,18123
1002780,P0033342,M,46-50,14,B,2,0,18,7.0,4.0,2085
1000925,P0080042,M,0-17,20,B,0,1,7,,11.0,16753
1002957,P0014342,M,51-55,7,B,2,0,1,10.0,5.0,9371
1001582,P0083642,M,51-55,3,B,3,0,5,,8.0,14335
1003325,P0024142,M,18-25,0,A,1,0,10,10.0,6.0,5357
1004486,P0074742,M,26-35,5,B,1,0,14,17.0,,1279
1000256,P0027542,M,46-50,0,B,4+,1,1,9.0,,15964
1004805,P0075342,M,26-35,20,C,3,1,12,14.0,18.0,13300
1001839,P0054842,M,26-35,4,A,1,1,2,3.0,9.0,4882
1001945,P0069142,M,55+,18,B,0,1,14,13.0,7.0,8744
1000010,P0018142,M,46-50,4,C,0,1,3,8.0,,7542
1002872,P0023442,M,46-50,4,A,0,0,3,,4.0,1034
1000798,P0081842,M,0-17,16,B,2,1,13,18.0,,16866
1004973,P0095542,F,18-25,11,C,1,1,17,3.0,10.0,6652
1001016,P0027642,M,26-35,6,A,2,0,3,5.0,15.0,19350
1001825,P0048242,M,18-25,14,B,1,0,14,14.0,,725
1004470,P0034242,M,18-25,18,C,4+,0,2,8.0,3.0,12601
1003137,P0066642,M,55+,20,A,2,0,13,6.0,7.0,7689
1002194,P0024042,M,36-45,12,C,1,1,9,9.0,,15040
1000224,P0055642,M,0-17,11,C,4+,0,10,4.0,,3276
1004949,P0053942,M,26-35,18,B,1,1,8,13.0,9.0,11764
1004159,P0015542,M,51-55,12,C,3,0,7,7.0,6.0,9479
1003926,P0062642,M,46-50,5,B,2,0,1,,,1815
1004785,P0079642,M,46-50,0,B,0,0,8,2.0,,1905
1004001,P0092542,M,18-25,5,C,4+,1,8,9.0,,18292
1001634,P0051842,M,0-17,12,C,4+,1,6,12.0,6.0,2687
1002153,P0018742,M,0-17,12,C,0,1,18,6.0,,10456
1000511,P0070842,M,26-35,12,C,4+,0,4,3.0,17.0,2025
1000385,P0075542,M,26-35,19,A,0,1,11,3.0,,7083
1000405,P0010742,M,18-25,3,B,0,0,16,5.0,14.0,3607
1004614,P0057642,M,18-25,4,C,1,1,12,7.0,11.0,17976
1004572,P0031442,M,18-25,12,A,2,0,4,16.0,5.0,19252
1002001,P0078442,M,36-45,8,C,3,1,9,11.0,8.0,15370
1002757,P0083442,M,0-17,16,A,4+,1,1,2.0,17.0,16942
1001669,P0065142,M,18-25,2,B,1,0,6,5.0,10.0,10314
1001461,P0059642,F,55+,19,C,3,0,1,9.0,5.0,18536
1003637,P0079342,F,0-17,17,A,3,1,8,10.0,,12994
1002725,P0060242,M,51-55,14,A,4+,1,13,3.0,16.0,2227
1004810,P0088142,F,46-50,0,B,4+,1,4,4.0,4.0,17404
1004179,P0079842,M,46-50,8,C,1,0,7,7.0,,19759
1002049,P0034442,M,0-17,5,C,4+,0,18,18.0,,1702
1004147,P0057742,F,51-55,17,B,3,1,10,6.0,,13592
1004781,P0040842,F,46-50,0,B,4+,1,15,6.0,,14247
1000717,P0033042,F,46-50,6,B,1,1,13,11.0,11.0,3241
1004545,P0048242,M,46-50,9,A,1,0,18,,5.0,15875
1004977,P0025442,M,26-35,5,A,1,0,12,12.0,,7480
1004584,P0027442,M,51-55,6,B,4+,0,15,3.0,,7451
1001824,P0094742,M,26-35,5,C,2,0,8,5.0,10.0,6171
1002082,P0021442,M,0-17,7,A,1,0,11,,9.0,2015
1003420,P0048942,F,0-17,1,B,2,0,3,,,12581
1001575,P0041042,M,36-45,8,A,0,0,14,17.0,,15185
1000250,P0039942,M,26-35,8,A,1,0,8,12.0,,1830
1000674,P0011742,M,0-17,6,B,2,1,6,10.0,,4092
1004534,P0088342,M,26-35,8,C,2,1,1,7.0,13.0,4862
1002166,P0011142,M,36-45,16,C,3,0,10,12.0,13.0,10814
1000771,P0050342,F,0-17,2,A,2,0,2,15.0,,17594
1003963,P0091242,M,0-17,15,C,3,0,8,13.0,9.0,1388
1004364,P0080342,M,0-17,15,C,2,0,14,6.0,5.0,18464
1001985,P0033142,F,0-17,1,B,2,1,1,,8.0,6791
1001078,P0070442,F,18-25,10,B,0,1,7,9.0,15.0,15214
1000236,P0082942,F,51-55,15,B,2,1,1,,17.0,8560
1000389,P0037742,F,51-55,14,C,4+,1,5,9.0,4.0,8234
1003038,P0045242,M,26-35,0,C,4+,1,18,2.0,10.0,4685
1004859,P0040242,F,26-35,20,B,4+,0,17,16.0,,2638
1001849,P0064042,M,26-35,16,C,0,0,17,,,1712
1004720,P0056942,F,36-45,2,B,2,0,13,7.0,6.0,8408
1002815,P0091242,M,55+,18,A,0,0,4,12.0,15.0,10857
1003375,P0017642,M,18-25,19,A,2,1,16,18.0,6.0,14222
1003279,P0062042,M,55+,6,C,3,1,17,8.0,,8503
1001253,P0012342,M,26-35,10,C,0,1,18,7.0,6.0,4524
1003982,P0011442,M,26-35,17,C,4+,0,2,10.0,5.0,6780
1004674,P0077542,M,0-17,13,C,4+,1,12,13.0,14.0,5960
1002123,P0062442,F,55+,15,A,4+,0,10,13.0,5.0,3468
1004531,P0044642,M,0-17,5,B,2,1,9,11.0,,19151
1002151,P0027142,M,55+,1,A,2,1,4,18.0,,4022
1004860,P0096842,F,55+,10,B,0,1,15,5.0,15.0,13408
1001330,P0042642,M,0-17,10,C,1,0,10,3.0,17.0,10151
1001359,P0081142,M,26-35,9,B,2,1,9,5.0,6.0,155
1002483,P0058442,M,0-17,3,B,1,0,7,16.0,9.0,3989
1004543,P0058842,M,26-35,16,B,1,0,11,4.0,6.0,16527
1002018,P0056142,F,55+,9,B,2,0,2,8.0,8.0,1641
1001332,P0047742,F,36-45,8,A,0,1,16,,12.0,8790
1004345,P0068742,M,36-45,12,C,1,1,6,4.0,,10460
1004262,P0026342,M,46-50,10,C,0,1,8,12.0,,5779
1001359,P0047142,M,18-25,9,B,0,1,18,12.0,14.0,105
1004638,P0067242,M,0-17,4,C,2,0,11,2.0,10.0,12424
1004855,P0052342,M,51-55,2,A,1,1,4,4.0,,4421
1003178,P0085642,M,0-17,3,B,0,0,4,,13.0,9035
1002129,P0057642,M,18-25,2,C,1,0,10,,17.0,6614
1002181,P0048142,M,55+,9,C,0,1,16,,9.0,1357
1004893,P0025442,M,18-25,12,B,2,0,3,10.0,4.0,5054
1000138,P0035642,M,55+,4,A,0,0,12,13.0,7.0,6198
1003473,P0085542,F,46-50,12,B,2,1,17,18.0,,16574
1002833,P0077342,M,18-25,0,B,2,0,5,15.0,9.0,10044
1003580,P0016742,F,26-35,10,C,1,1,3,,6.0,2181
1003032,P0044342,F,0-17,2,C,1,1,16,8.0,,13027
1004165,P0037642,M,18-25,16,B,1,0,4,14.0,14.0,6702
1002594,P0077242,M,26-35,18,B,3,1,9,13.0,3.0,10343
1004301,P0049042,M,18-25,12,C,1,0,4,,,7119
1003819,P0054842,M,51-55,15,B,1,1,10,,12.0,6040
1004139,P0035842,M,26-35,17,A,0,1,17,5.0,,6205
1003824,P0040642,F,36-45,19,B,3,1,16,3.0,,3978
1004043,P0094642,F,26-35,18,A,3,1,7,10.0,18.0,6472
1001907,P0019442,M,46-50,5,B,0,1,15,12.0,10.0,6292
1000761,P0056342,F,55+,6,B,1,0,18,17.0,15.0,10019
1003446,P0034542,M,26-35,14,B,4+,1,6,5.0,5.0,12058
1000900,P0083242,F,18-25,4,C,2,0,15,,7.0,206
1004456,P0073442,M,36-45,15,C,3,1,11,13.0,10.0,19450
1002948,P0028642,M,36-45,5,C,0,0,5,18.0,5.0,11547
1001720,P0087342,M,26-35,2,C,4+,0,16,18.0,5.0,459
1000281,P0088442,F,18-25,11,C,2,0,12,,,9435
1003267,P0047242,M,36-45,3,C,4+,0,4,15.0,9.0,18933
1001888,P0067142,M,51-55,2,B,1,0,2,17.0,11.0,15909
1003267,P0050542,F,26-35,15,A,0,1,16,18.0,7.0,17279
1000667,P0050742,F,26-35,15,C,2,0,8,11.0,13.0,7822
1004189,P0022442,M,55+,18,C,2,0,17,10.0,,4736
1000672,P0043642,M,26-35,14,B,1,0,9,,,17507
1001970,P0044042,M,36-45,8,C,1,1,6,3.0,16.0,15618
1004157,P0066242,M,0-17,19,B,1,1,4,,10.0,11194
1003123,P0027742,M,18-25,1,C,0,1,13,13.0,15.0,11817
1004700,P0075042,M,46-50,5,A,3,1,14,7.0,6.0,18002
1004778,P0093842,M,46-50,13,C,4+,0,12,13.0,,11182
1003901,P0026942,M,18-25,8,C,0,1,3,14.0,11.0,2449
1000524,P0013842,M,0-17,9,B,0,1,15,4.0,,10408
1002394,P0016842,M,55+,17,C,4+,1,15,15.0,,4921
1003118,P0033542,M,55+,14,B,2,0,15,,14.0,10788
1002594,P0065942,M,55+,3,A,4+,1,15,,8.0,19425
1001969,P0048042,M,55+,4,C,1,0,8,13.0,5.0,18070
1001754,P0015642,M,18-25,20,B,2,1,17,8.0,7.0,434
1002297,P0037642,F,26-35,5,A,0,0,14,13.0,17.0,8436
1002262,P0094942,M,51-55,14,A,4+,1,6,2.0,15.0,9989
1002287,P0019842,M,18-25,19,B,0,0,17,,3.0,19487
1004203,P0062642,M,18-25,1,B,0,0,2,17.0,,6046
1002879,P0042442,M,51-55,15,C,4+,0,11,5.0,4.0,2847
1004144,P0056042,M,36-45,4,A,0,1,16,14.0,4.0,18235
1003645,P0027842,F,46-50,3,A,3,0,17,2.0,,10533
1004433,P0094342,M,46-50,0,B,3,1,6,6.0,,14526
1002056,P0067342,M,26-35,7,A,0,1,14,5.0,8.0,15331
1004721,P0021842,M,51-55,20,B,2,0,13,5.0,,4460
1001277,P0056842,F,55+,9,C,2,0,7,13.0,3.0,6582
1002767,P0064842,M,55+,14,B,2,1,13,,9.0,2311
1000303,P0074542,M,26-35,1,C,2,1,6,4.0,,14810
1000639,P0055442,M,36-45,18,B,3,0,2,,14.0,10816
1000056,P0012542,F,26-35,11,C,2,1,5,3.0,,6766
1004822,P0058942,M,51-55,9,A,4+,0,12,3.0,6.0,1155
1000526,P0010742,M,51-55,11,B,2,0,15,14.0,,3006
1004570,P0061542,F,0-17,20,B,4+,1,6,13.0,15.0,8355
1004124,P0063242,F,36-45,19,B,3,1,1,8.0,5.0,12299
1002126,P0024842,M,51-55,8,C,4+,1,11,12.0,4.0,6164
1003288,P0058742,F,51-55,7,B,4+,0,12,17.0,3.0,13133
1000365,P0012442,M,36-45,1,B,0,1,3,17.0,18.0,17219
1004622,P0075442,M,55+,20,A,4+,0,13,2.0,8.0,1502
1004979,P0085642,M,18-25,6,B,0,0,11,3.0,6.0,4318
1001647,P0065442,M,55+,3,B,2,0,7,2.0,18.0,7622
1000919,P0052442,M,18-25,18,B,4+,1,12,2.0,13.0,8153
1002798,P0039242,M,0-17,7,B,4+,1,18,18.0,14.0,12068
1001532,P0028442,F,55+,12,A,1,1,16,3.0,6.0,6360
1003346,P0065342,F,51-55,20,B,2,0,8,16.0,9.0,5509
1001907,P0053042,M,36-45,2,B,4+,1,13,,5.0,4964
1003087,P0070342,M,36-45,4,A,4+,0,17,18.0,11.0,653
1004581,P0041642,M,18-25,19,C,1,1,4,3.0,10.0,8095
1002076,P0049742,M,55+,7,C,0,1,9,,,4166
1000714,P0042342,M,46-50,1,A,2,0,9,,,5568
1001063,P0066442,M,46-50,9,A,1,0,10,16.0,,245
1001977,P0069542,M,51-55,15,C,2,0,11,14.0,12.0,4414
1001297,P0064542,M,18-25,3,B,2,1,1,14.0,,7128
1000126,P0017542,F,51-55,13,C,0,0,17,18.0,9.0,1737
1004633,P0096442,F,26-35,2,B,0,1,7,13.0,6.0,12663
1003597,P0080842,M,36-45,9,A,3,1,11,8.0,18.0,13532
1003284,P0058542,M,55+,12,A,1,1,13,,14.0,10154
1001604,P0089742,M,55+,4,A,1,1,6,2.0,17.0,9448
1000067,P0018742,M,51-55,16,C,2,0,8,15.0,12.0,18765
1000233,P0084642,M,0-17,16,A,3,1,10,13.0,10.0,152
1002157,P0033142,M,55+,10,C,3,0,14,14.0,,6448
1001170,P0010642,M,46-50,18,B,2,1,12,14.0,,7848
1002159,P0090342,M,51-55,17,B,0,0,11,4.0,6.0,3055
1004207,P0064942,M,26-35,16,B,3,1,7,4.0,,7334
1001494,P0015142,M,36-45,10,A,1,1,13,3.0,11.0,18841
1004719,P0075442,M,55+,14,B,0,1,2,,17.0,18766
1004008,P0049542,F,26-35,7,A,4+,0,3,14.0,8.0,5238
1002473,P0032042,F,51-55,11,C,3,1,1,3.0,,12348
1002661,P0052742,M,36-45,16,A,2,0,6,10.0,10.0,678
1002740,P0085142,M,36-45,4,B,1,0,1,9.0,,19434
1001762,P0024242,F,18-25,3,A,3,0,2,4.0,6.0,14618
1003515,P0096042,M,18-25,10,A,2,0,10,18.0,6.0,5470
1001976,P0046242,F,0-17,7,C,1,0,12,17.0,11.0,14458
1002363,P0048142,M,0-17,15,A,3,1,5,11.0,,3943
1000877,P0066042,F,55+,15,B,1,1,9,12.0,,10381
1003813,P0037642,F,26-35,2,A,4+,0,12,10.0,18.0,13309
1003449,P0037042,M,18-25,11,A,1,1,8,13.0,10.0,16473
1001313,P0011342,M,36-45,12,B,2,1,10,16.0,7.0,10360
1001461,P0039742,M,18-25,0,A,3,0,14,,,9694
1002710,P0056342,M,36-45,3,C,2,0,15,13.0,8.0,7917
1002325,P0062642,M,18-25,20,B,4+,0,8,4.0,13.0,1645
1001734,P0033342,M,36-45,5,B,0,0,9,17.0,16.0,5798
1001606,P0067442,M,26-35,4,A,1,1,5,9.0,5.0,11718
1002564,P0080742,M,18-25,4,C,2,1,1,14.0,,10832
1003422,P0012642,F,46-50,20,C,3,0,11,5.0,,3062
1003518,P0057042,M,46-50,9,B,3,1,4,5.0,6.0,9261
1002398,P0019242,M,36-45,18,B,0,0,6,3.0,,10382
1003736,P0071642,M,26-35,17,A,3,0,17,8.0,15.0,10941
1002871,P0040842,M,36-45,1,B,4+,1,4,13.0,6.0,9195
1001161,P0015142,M,26-35,15,C,0,0,5,8.0,18.0,3863
1004855,P0041842,F,0-17,14,A,4+,1,14,6.0,,14090
1000243,P0028042,M,18-25,4,A,1,1,18,,,1803
1002591,P0066842,M,26-35,20,C,4+,1,3,,,16194
1001064,P0021942,M,36-45,8,C,1,1,11,14.0,15.0,4352
1004325,P0091942,M,55+,4,B,4+,1,15,8.0,7.0,6315
1002596,P0097442,F,55+,4,C,0,1,7,,17.0,5490
1000920,P0014242,M,0-17,8,A,1,0,4,16.0,18.0,2173
1000006,P0074642,M,55+,8,A,4+,1,6,14.0,5.0,4807
1000468,P0098442,M,36-45,1,C,4+,1,10,,9.0,17676
1004171,P0035942,F,46-50,6,B,3,1,7,10.0,10.0,19803
1000004,P0029642,M,46-50,0,A,4+,0,3,7.0,,7008
1000646,P0074442,F,18-25,19,B,3,1,15,,17.0,2773
1000118,P0035442,M,51-55,1,C,4+,0,16,,9.0,14575
1002929,P0083142,M,18-25,11,B,2,1,3,,10.0,14869
1002552,P0043542,M,55+,5,A,3,1,12,,6.0,302
1004290,P0065242,M,0-17,19,C,0,0,5,9.0,4.0,4161
1000847,P0060142,M,55+,18,A,0,0,5,,15.0,152
1002763,P0035442,M,46-50,15,A,1,1,1,,3.0,17232
1001142,P0061342,M,26-35,3,C,0,1,6,12.0,,14269
1001811,P0080642,F,46-50,17,B,1,1,15,14.0,,1301
1000724,P0034142,M,51-55,4,C,0,0,13,13.0,,19271
1000225,P0024842,M,18-25,17,A,3,1,7,2.0,,3652
1004628,P0080942,M,36-45,5,A,2,1,18,12.0,,18946
1004209,P0039842,M,55+,13,A,1,1,6,2.0,4.0,11109
1004655,P0085642,M,0-17,19,C,2,1,8,11.0,14.0,15026
1002049,P0094942,M,51-55,16,C,4+,1,3,2.0,9.0,11055
1004750,P0071942,M,46-50,17,C,4+,0,17,11.0,10.0,1062
1004416,P0055242,M,26-35,20,C,2,0,14,8.0,12.0,19739
1001574,P0049242,M,51-55,9,B,3,1,14,17.0,11.0,18983
1001829,P0031142,F,26-35,18,A,2,1,2,11.0,,16584
1001918,P0076742,M,26-35,17,B,2,0,4,12.0,3.0,6416
1004235,P0063742,M,0-17,3,A,2,0,9,,12.0,1926
1002027,P0069342,F,26-35,19,A,1,1,16,11.0,,15819
1003745,P0069442,M,26-35,14,B,1,0,1,5.0,9.0,1496
1000902,P0023042,M,46-50,5,C,2,1,2,4.0,18.0,17737
1004786,P0042842,M,0-17,5,A,3,1,12,8.0,17.0,3876
1002040,P0071142,F,36-45,2,C,4+,1,16,7.0,15.0,4070
1000010,P0035542,F,36-45,8,B,4+,0,15,18.0,6.0,13421
1000261,P0057842,M,26-35,10,A,4+,1,6,17.0,,14935
1001674,P0066042,M,51-55,4,C,0,0,15,3.0,17.0,12609
1002220,P0016242,M,18-25,13,B,3,0,4,6.0,16.0,14557
1002061,P0041042,M,0-17,1,A,1,0,16,10.0,,10623
1003714,P0050642,M,55+,18,B,4+,0,11,3.0,5.0,7783
1001620,P0090142,F,18-25,7,C,1,0,7,5.0,15.0,16600
1000321,P0020442,M,0-17,12,A,1,0,2,,,5916
1001343,P0071642,M,0-17,18,A,1,0,7,12.0,,11559
1002377,P0093642,F,46-50,4,A,1,0,12,17.0,3.0,634
1002833,P0011442,M,26-35,14,B,2,0,14,8.0,,18891
1002825,P0078642,M,46-50,3,B,1,0,15,9.0,,12639
1001995,P0035842,M,51-55,3,B,0,0,7,,,19450
1002959,P0082242,M,55+,17,B,1,0,18,15.0,13.0,12821
1002039,P0051142,M,18-25,18,C,4+,1,11,15.0,,690
1003491,P0035842,M,18-25,19,B,1,0,10,14.0,,19300
1003678,P0071342,M,36-45,8,B,4+,1,14,12.0,,6671
1001119,P0035942,F,51-55,14,B,1,0,3,,,15012
1001605,P0095542,M,55+,11,C,3,1,18,,11.0,597
1004028,P0077042,M,51-55,3,C,2,0,12,16.0,9.0,2512
1000236,P0014442,M,46-50,2,A,4+,0,1,15.0,18.0,3888
1001970,P0091242,M,46-50,4,B,0,1,13,3.0,3.0,13916
1004430,P0086242,M,51-55,16,A,1,0,2,11.0,,9225
1001909,P0043042,F,46-50,4,A,4+,1,15,11.0,,2433
1000376,P0026442,F,36-45,3,C,2,0,11,3.0,7.0,10167
1003531,P0029242,M,55+,20,C,1,0,6,17.0,17.0,14285
1002636,P0062042,F,55+,6,A,2,0,6,2.0,7.0,17484
1001571,P0050042,M,46-50,6,A,0,1,12,10.0,15.0,6056
1002561,P0047342,M,46-50,6,B,4+,1,16,,18.0,4057
1003392,P0016442,M,55+,16,C,0,1,16,8.0,12.0,2867
1002966,P0048642,F,51-55,14,C,2,0,10,13.0,,14161
1003644,P0059442,M,55+,6,A,3,1,17,8.0,,18133
1003851,P0089342,M,51-55,14,C,3,0,2,5.0,16.0,3298
1000873,P0079242,F,46-50,19,A,4+,0,13,16.0,17.0,2093
1001253,P0051442,M,46-50,3,A,1,1,17,6.0,3.0,1858
1001315,P0089342,M,51-55,1,C,0,1,9,3.0,11.0,19177
1004821,P0089042,M,18-25,12,B,3,0,15,10.0,,15270
1002899,P0012942,M,26-35,11,C,3,0,7,16.0,,12314
1000078,P0036542,M,18-25,9,A,1,0,13,13.0,,919
1002622,P0042742,M,46-50,18,A,0,1,10,6.0,5.0,4934
1004228,P0059142,F,0-17,14,B,2,1,18,18.0,13.0,12836
1000601,P0031642,M,0-17,16,A,3,1,10,3.0,4.0,14359
1001066,P0041942,M,36-45,20,B,4+,1,18,15.0,,2400
1002137,P0049842,M,18-25,5,C,4+,1,14,14.0,,17457
1002450,P0099042,F,51-55,4,B,2,1,1,,,11103
1002344,P0020442,F,36-45,20,A,1,0,4,12.0,15.0,3507
1001864,P0079542,M,36-45,12,A,1,1,14,18.0,5.0,14057
1001319,P0042942,M,0-17,13,B,3,1,5,6.0,17.0,15980
1004712,P0075942,F,18-25,13,C,3,0,5,12.0,,16196
1003598,P0071642,F,26-35,14,B,3,0,14,12.0,4.0,8357
1003763,P0014642,M,55+,15,A,2,0,8,7.0,,2446
1004671,P0069842,M,51-55,9,C,2,1,12,2.0,18.0,977
1002191,P0092042,M,18-25,0,B,3,0,17,16.0,6.0,1446
1000993,P0074042,M,36-45,10,B,1,1,3,9.0,,7600
1002713,P0086942,F,46-50,6,B,0,1,4,8.0,4.0,16428
1002193,P0041342,M,36-45,16,A,3,0,5,5.0,7.0,14603
1001249,P0024642,M,18-25,3,A,1,1,1,,4.0,6348
1003055,P0056142,M,0-17,6,A,1,0,2,8.0,17.0,15275
1004599,P0068342,M,55+,2,C,4+,1,5,6.0,10.0,10361
1004034,P0058542,M,18-25,19,C,0,0,5,12.0,10.0,18493
1001998,P0075142,M,26-35,13,C,3,1,13,17.0,,819
1004917,P0050942,M,51-55,17,A,0,1,5,14.0,5.0,9283
1003688,P0012642,M,51-55,17,C,3,0,8,,18.0,6948
1002152,P0012842,M,46-50,0,C,0,0,9,,,17247
1004019,P0037042,F,46-50,5,B,0,1,15,,,3498
1003111,P0078542,F,36-45,8,A,1,1,3,13.0,,5844
1001971,P0060042,M,18-25,1,B,0,1,1,17.0,,4173
1000198,P0035242,F,51-55,7,A,0,0,7,7.0,,17875
1002627,P0048442,M,0-17,19,A,3,0,13,13.0,4.0,17326
1001203,P0015942,M,26-35,3,C,1,0,3,3.0,14.0,15408
1002036,P0020642,F,36-45,20,B,0,0,10,7.0,16.0,10343
1000478,P0031942,M,18-25,9,B,1,1,18,8.0,,9318
1001255,P0054042,M,0-17,0,C,1,1,16,9.0,10.0,15656
1000923,P0087042,F,18-25,10,B,2,1,9,5.0,,19375
1000420,P0098242,F,0-17,8,B,3,1,15,3.0,12.0,15023
1002205,P0075742,M,55+,18,A,2,0,14,13.0,,13874
1002598,P0066342,F,18-25,10,B,1,0,6,11.0,7.0,5223
1001121,P0067142,M,18-25,3,B,0,0,7,13.0,10.0,12078
1003069,P0064542,M,55+,4,A,3,0,5,4.0,,19933
1000951,P0019542,M,51-55,20,C,4+,1,13,,,6060
1002337,P0018842,M,36-45,16,A,3,1,5,10.0,,6005
1002244,P0092742,M,18-25,17,C,2,0,14,10.0,8.0,510
1002646,P0033042,M,18-25,4,C,3,1,1,12.0,,3278
1001858,P0037442,M,36-45,17,A,0,1,1,15.0,,19839
1004613,P0034542,M,36-45,16,A,3,1,9,9.0,17.0,10307
1001866,P0021042,M,46-50,2,C,4+,0,9,4.0,3.0,4781
1002913,P0033342,M,46-50,10,A,2,1,15,17.0,4.0,17221
1002854,P0037742,F,51-55,16,A,2,0,5,7.0,,19290
1004911,P0057642,M,36-45,7,B,1,0,7,10.0,,2970
1003229,P0051642,M,55+,7,A,2,1,2,14.0,8.0,18723
1003720,P0077742,M,26-35,1,A,4+,0,11,,14.0,9768
1003229,P0022742,F,51-55,6,B,4+,0,10,2.0,,4853
1002372,P0033642,M,0-17,20,C,2,0,5,12.0,3.0,11606
1002892,P0090242,M,36-45,19,C,3,0,15,,,2810
1003757,P0071842,M,46-50,20,A,4+,0,2,7.0,13.0,5525
1004226,P0022742,M,18-25,5,A,2,0,11,4.0,5.0,1767
1000095,P0080642,M,36-45,19,C,2,0,4,13.0,7.0,10949
1002675,P0095042,M,36-45,17,A,3,0,17,5.0,13.0,6255
1001956,P0049342,F,46-50,6,C,2,0,2,,18.0,12649
1000794,P0057442,M,46-50,17,C,0,0,10,16.0,11.0,12985
1001835,P0075442,F,26-35,11,B,1,1,11,4.0,5.0,13150
1002117,P0049442,F,51-55,6,B,4+,1,1,13.0,,19956
1004107,P0021042,F,46-50,6,A,3,0,18,2.0,15.0,10652
1003326,P0018942,F,46-50,0,A,3,0,5,18.0,10.0,6332
1002920,P0086242,F,46-50,9,C,1,1,5,6.0,,18456
1002598,P0037942,M,51-55,9,A,0,0,4,16.0,11.0,11070
1003206,P0043242,M,18-25,11,B,1,0,9,4.0,12.0,4906
1004808,P0032342,M,36-45,2,C,2,1,3,11.0,9.0,646
1000815,P0020042,F,36-45,2,C,3,1,15,,12.0,14315
1000346,P0023142,M,46-50,12,A,2,1,14,3.0,9.0,3334
1002350,P0011242,M,55+,12,C,3,0,1,7.0,,12737
1000363,P0055642,M,55+,5,C,3,1,10,17.0,9.0,19059
1002444,P0054042,F,51-55,2,C,2,1,13,11.0,,3488
1002266,P0019742,F,26-35,14,B,1,1,12,15.0,7.0,2524
1002189,P0021942,M,46-50,8,C,4+,0,1,18.0,16.0,10569
1003006,P0039242,M,51-55,20,B,4+,1,2,17.0,15.0,853
1003282,P0091542,M,51-55,5,C,1,1,11,9.0,16.0,19333
1000985,P0081042,M,26-35,5,A,0,0,12,10.0,11.0,1252
1001640,P0010042,M,51-55,7,A,1,0,1,13.0,,1615
1000828,P0067142,M,36-45,10,C,1,0,10,4.0,10.0,12071
1002731,P0034942,F,26-35,18,A,1,0,3,,,7696
1003532,P0075142,M,26-35,15,B,4+,0,9,3.0,13.0,4835
1004452,P0024842,M,0-17,8,C,3,0,17,5.0,,3485
1002936,P0049442,M,26-35,10,B,0,0,18,,3.0,15156
1003877,P0014342,M,26-35,15,C,0,1,5,7.0,14.0,8463
1000127,P0098242,M,18-25,5,B,0,1,7,6.0,,10221
1003178,P0079742,M,36-45,16,A,2,0,15,10.0,10.0,12689
1003057,P0071942,F,46-50,15,B,1,1,6,16.0,11.0,3022
1000604,P0014342,M,0-17,19,B,3,1,5,9.0,12.0,13408
1003450,P0017742,M,26-35,20,A,3,0,13,,9.0,15841
1004147,P0032542,F,18-25,17,A,2,1,7,4.0,18.0,3531
1003534,P0026142,F,18-25,0,C,4+,1,2,4.0,4.0,1840
1003368,P0089242,M,51-55,17,C,2,1,6,3.0,,4873
1003369,P0035242,M,46-50,7,B,2,1,15,7.0,,11727
1003798,P0023142,F,46-50,9,C,1,1,5,5.0,7.0,8563
1001793,P0054742,F,55+,1,B,4+,1,5,11.0,8.0,10762
1002862,P0098342,F,36-45,8,C,2,1,4,,,766
1003477,P0098642,M,55+,3,A,3,0,13,,7.0,13283
1003418,P0057342,M,51-55,10,A,1,0,18,,5.0,979
1001646,P0075542,M,26-35,9,A,4+,1,1,18.0,,13107
1001206,P0087742,M,18-25,13,A,3,1,3,7.0,,16306
1003031,P0020842,F,0-17,6,B,0,0,7,6.0,,13300
1002873,P0080542,F,36-45,18,A,1,1,1,16.0,8.0,395
1003073,P0013442,M,26-35,5,A,3,0,14,13.0,12.0,12997
1001855,P0056642,M,51-55,15,A,2,1,15,6.0,6.0,8400
1004022,P0037442,M,46-50,18,A,2,1,16,,7.0,15047
1004663,P0028642,M,51-55,18,C,1,0,5,10.0,15.0,9085
1002709,P0034242,M,26-35,12,B,4+,0,3,18.0,,3347
1003503,P0036342,M,51-55,11,B,2,1,17,3.0,11.0,1637
1001333,P0062142,M,46-50,14,C,3,1,5,2.0,14.0,15052
1000202,P0077742,M,26-35,7,C,0,0,1,11.0,11.0,12991
1003508,P0064042,M,0-17,3,B,4+,1,13,4.0,,1380
1004213,P0088242,F,55+,19,B,1,1,18,,,1626
1000575,P0018642,M,36-45,7,C,2,1,1,18.0,18.0,15499
1000537,P0063442,F,51-55,20,A,4+,0,6,11.0,,391
1001626,P0030942,M,46-50,15,B,0,1,9,,9.0,626
1002123,P0014542,M,0-17,15,C,4+,0,14,6.0,,1316
1000386,P0056642,M,18-25,1,A,4+,1,11,15.0,7.0,7094
1003282,P0063942,F,0-17,16,A,1,1,4,2.0,6.0,11388
1000475,P0012542,M,0-17,4,C,0,1,7,9.0,,18361
1000418,P0036542,M,0-17,4,B,0,1,18,3.0,9.0,442
1003601,P0027442,M,46-50,11,B,4+,0,18,9.0,,14881
1000955,P0061542,M,18-25,6,A,2,0,6,9.0,10.0,2218
1004972,P0041042,M,36-45,4,C,4+,1,5,9.0,10.0,16261
1004859,P0042142,M,0-17,3,A,3,1,6,10.0,,18798
1001206,P0067842,M,46-50,16,A,2,1,2,14.0,,2483
1004760,P0023442,M,46-50,5,A,1,0,2,5.0,,12370
1004121,P0015442,M,36-45,13,C,0,1,1,6.0,6.0,3465
1001991,P0064242,M,55+,8,B,2,0,18,14.0,17.0,19099
1004806,P0068542,F,26-35,3,A,1,0,10,11.0,3.0,7046
1003573,P0063042,M,18-25,10,B,4+,1,7,5.0,,14586
1004381,P0025542,F,18-25,19,B,1,0,2,17.0,,13179
1004159,P0094842,M,51-55,20,C,3,1,10,,,14809
1004758,P0076742,F,0-17,15,B,1,0,12,11.0,,8295
1002714,P0024642,M,26-35,15,B,2,1,12,14.0,8.0,4190
1002204,P0058442,M,55+,15,A,0,0,15,18.0,14.0,1303
1003121,P0069842,F,18-25,5,C,2,1,18,,9.0,7621
1000967,P0011942,F,55+,14,C,2,0,1,,4.0,6815
1004945,P0036842,F,51-55,2,A,0,0,6,,12.0,5893
1003433,P0043242,F,0-17,8,A,3,1,9,18.0,5.0,12803
1000689,P0065442,M,26-35,0,B,2,1,6,10.0,,15495
1004244,P0050042,M,46-50,10,B,0,0,6,15.0,12.0,6841
1003702,P0040542,M,0-17,5,C,0,0,6,17.0,3.0,17398
1000342,P0012742,F,26-35,4,C,2,0,16,3.0,9.0,646
1001725,P0056642,M,36-45,17,B,0,0,15,4.0,11.0,10783
1004423,P0035942,F,18-25,20,A,4+,0,8,16.0,14.0,17563
1001793,P0063342,M,55+,11,C,2,1,2,15.0,,6985
1001760,P0098642,M,0-17,6,A,3,0,11,18.0,,9963
1003213,P0020042,M,51-55,1,B,4+,0,9,5.0,,11331
1000990,P0065042,M,46-50,6,C,3,0,16,,,4935
1002263,P0090142,M,51-55,8,C,2,0,2,6.0,14.0,14145
1002483,P0045242,M,55+,19,B,1,1,11,4.0,5.0,18515
1000952,P0039942,F,0-17,7,B,0,1,17,8.0,,10362
1000723,P0078142,M,18-25,8,A,4+,0,6,18.0,13.0,15694
1003390,P0039542,M,18-25,9,A,2,0,6,2.0,13.0,16810
1002080,P0045242,F,26-35,11,B,0,0,9,6.0,11.0,17657
1002718,P0022942,M,51-55,1,B,1,0,1,,7.0,11911
1002333,P0025542,M,51-55,9,B,3,1,12,2.0,5.0,3338
1003377,P0017342,M,46-50,2,C,2,1,11,7.0,,14374
1004525,P0044142,M,55+,0,B,2,1,17,8.0,7.0,2567
1001501,P0056442,M,26-35,16,C,1,0,7,,,15608
1000286,P0018942,F,46-50,0,B,3,0,4,,,16737
1003496,P0067842,M,0-17,4,C,2,0,9,11.0,10.0,3050
1002066,P0055442,M,0-17,13,A,0,0,15,8.0,16.0,14698
1000769,P0084742,M,51-55,5,A,1,1,6,,,1656
1003058,P0081142,M,55+,8,C,2,0,4,5.0,6.0,2993
1004290,P0043142,M,26-35,13,A,3,0,5,11.0,7.0,14221
1002162,P0083842,M,55+,3,A,4+,1,13,10.0,,1258
1003294,P0044742,M,36-45,0,C,2,0,5,,9.0,680
1000947,P0033242,F,18-25,5,B,3,0,2,17.0,5.0,1270
1004927,P0087742,M,55+,6,B,1,0,11,11.0,16.0,8892
1003336,P0069742,M,26-35,20,C,3,0,18,14.0,,14820
1004151,P0020142,M,55+,5,A,3,1,15,,10.0,7831
1004896,P0058042,M,26-35,0,B,1,1,17,18.0,9.0,15296
1004874,P0031342,F,0-17,7,B,4+,0,17,14.0,8.0,12622
1001482,P0020742,M,18-25,11,A,0,1,16,,14.0,1394
1001902,P0026442,M,55+,10,C,4+,0,11,9.0,17.0,711
1003452,P0070242,M,55+,1,C,0,1,17,16.0,6.0,12981
1004065,P0080342,M,55+,1,B,0,1,8,2.0,,1314
1000055,P0043442,M,26-35,1,C,0,1,8,13.0,16.0,19961
1001824,P0018542,M,55+,7,A,2,0,12,4.0,17.0,13177
1003463,P0083342,F,0-17,20,C,4+,0,15,12.0,5.0,19745
1003080,P0097442,M,0-17,6,C,3,0,4,6.0,18.0,8041
1000833,P0052342,M,51-55,15,C,2,0,8,9.0,,7963
1004409,P0071242,F,51-55,8,C,1,1,15,17.0,13.0,2647
1002807,P0083742,M,26-35,15,A,1,1,5,3.0,17.0,9681
1002491,P0046342,M,26-35,1,C,0,0,10,12.0,8.0,2564
1000328,P0015942,M,0-17,2,B,2,1,15,4.0,18.0,8129
1003311,P0058142,M,51-55,1,C,2,1,6,13.0,16.0,19057
1003301,P0034942,F,55+,18,B,1,1,9,14.0,17.0,3080
1003676,P0065942,M,55+,16,A,3,0,6,5.0,9.0,3720
1003055,P0021642,F,26-35,19,C,4+,0,9,2.0,,6214
1002144,P0083842,M,18-25,20,B,4+,1,8,3.0,,1649
1001312,P0097342,M,0-17,11,C,0,0,16,15.0,5.0,14585
1003192,P0064442,M,0-17,10,C,0,0,10,9.0,,14005
1002539,P0014342,M,26-35,19,B,0,1,9,9.0,,4525
1003984,P0060842,M,26-35,18,A,1,0,8,15.0,16.0,3323
1004548,P0026442,M,26-35,5,A,1,1,14,11.0,4.0,16131
1000165,P0046742,M,55+,9,A,4+,0,7,14.0,16.0,14105
1004278,P0095642,F,55+,13,A,0,0,11,,14.0,18136
1000823,P0039142,M,18-25,0,A,2,1,16,12.0,8.0,2097
1000944,P0094842,M,0-17,14,A,3,0,17,14.0,,11834
1004426,P0095542,F,36-45,5,C,1,0,8,14.0,11.0,12163
1000775,P0099742,M,18-25,12,C,0,1,12,12.0,17.0,12690
1002199,P0089842,M,18-25,13,B,0,0,17,15.0,14.0,12892
1003157,P0097542,M,55+,12,A,1,0,15,18.0,,19247
1004243,P0083642,M,51-55,15,A,4+,1,7,18.0,15.0,13964
1003696,P0038542,M,0-17,0,A,4+,1,17,3.0,9.0,8635
1003453,P0030342,M,55+,13,B,4+,1,13,,,16517
1000915,P0078342,F,36-45,12,C,4+,1,8,18.0,,2194
1001309,P0062342,M,0-17,9,C,2,1,14,,,17779
1004178,P0091842,M,18-25,9,A,0,1,8,5.0,,17941
1000514,P0022042,M,26-35,3,C,4+,1,14,12.0,4.0,11756
1001921,P0085542,M,0-17,13,C,4+,1,5,10.0,,2511
1003595,P0076342,F,0-17,11,C,3,0,12,9.0,15.0,1045
1004842,P0076342,M,26-35,5,A,3,0,11,10.0,6.0,8983
1001410,P0028742,M,36-45,14,C,0,1,4,,,7725
1004803,P0011242,M,36-45,4,C,1,0,2,15.0,,3684
1004567,P0070242,M,0-17,9,B,4+,1,10,8.0,,1386
1003191,P0029942,M,55+,8,A,2,1,10,9.0,7.0,4418
1004492,P0068542,M,26-35,9,C,3,0,7,11.0,,11248
1001556,P0086742,M,51-55,11,A,4+,1,12,9.0,17.0,605
1000805,P0055542,M,0-17,3,C,1,0,16,6.0,12.0,17307
1001280,P0054742,M,26-35,3,A,2,1,10,10.0,8.0,17011
1003578,P0088742,M,18-25,12,C,3,1,8,3.0,11.0,19833
1002902,P0093942,M,51-55,13,C,1,0,8,,16.0,14697
1001388,P0094042,F,26-35,11,B,1,1,5,18.0,,8408
1004689,P0017042,M,55+,12,A,2,1,4,,13.0,6244
1002762,P0068942,F,0-17,19,C,2,0,12,10.0,12.0,7998
1002680,P0089542,M,46-50,12,B,3,1,11,15.0,3.0,5679
1002107,P0022942,F,36-45,1,B,2,1,15,18.0,,12581
1004224,P0098842,M,0-17,20,A,4+,0,13,8.0,,7304
1004832,P0014242,M,26-35,18,A,2,1,1,14.0,,14125
1002769,P0061942,M,51-55,8,B,1,1,5,10.0,,7284
1003954,P0011242,M,51-55,9,A,2,0,6,9.0,,105
1003187,P0082442,M,26-35,16,A,3,1,13,,4.0,17719
1003281,P0072242,M,36-45,9,A,4+,1,10,14.0,18.0,3820
1002574,P0090242,M,0-17,19,C,2,1,12,14.0,8.0,17652
1004617,P0063442,M,51-55,12,A,4+,1,3,5.0,,14838
1002600,P0040142,M,51-55,19,A,2,1,11,8.0,,12436
1004034,P0086542,M,46-50,0,B,4+,0,15,18.0,7.0,3684
1000237,P0062642,M,18-25,1,B,2,0,17,6.0,,15183
1001305,P0074142,M,46-50,16,B,2,1,5,,,137
1003431,P0067242,M,18-25,12,A,0,1,5,18.0,11.0,19079
1001302,P0021442,M,51-55,16,A,1,1,11,7.0,12.0,19325
1002542,P0055942,M,18-25,12,B,3,1,8,4.0,3.0,8595
1002052,P0093142,M,0-17,16,B,3,0,11,5.0,,11204
1000442,P0060442,F,51-55,18,C,0,1,15,6.0,,8459
1002077,P0040742,M,51-55,13,C,2,0,9,6.0,4.0,5931
1003181,P0042442,F,18-25,19,C,1,1,18,2.0,,9498
1002658,P0067842,M,26-35,9,A,4+,1,6,16.0,4.0,2551
1003799,P0086042,F,18-25,1,A,0,1,6,,17.0,17760
1000805,P0027442,F,18-25,13,B,3,1,11,7.0,,12298
1000075,P0095042,M,36-45,16,C,3,1,3,2.0,,16459
1002176,P0061342,M,36-45,4,A,3,1,11,,6.0,19007
1003925,P0027142,M,0-17,17,C,2,0,3,6.0,,19904
1002090,P0060142,M,0-17,2,C,4+,0,18,2.0,9.0,8252
1000041,P0043342,F,26-35,15,A,4+,0,3,6.0,11.0,17597
1002082,P0038342,F,36-45,18,C,4+,1,10,4.0,,12331
1004684,P0057442,M,46-50,17,B,2,1,4,16.0,5.0,12481
1001623,P0015342,F,0-17,19,B,3,0,4,2.0,16.0,15776
1000342,P0055742,F,0-17,4,A,3,0,1,10.0,,983
1004053,P0067842,M,36-45,7,C,2,0,17,11.0,15.0,13724
1002075,P0051942,M,36-45,5,B,1,1,6,17.0,4.0,4260
1000646,P0071342,M,26-35,14,C,2,1,4,12.0,,1535
1004827,P0073142,M,36-45,2,B,2,1,9,4.0,9.0,5744
1004264,P0080242,M,55+,8,B,3,0,10,10.0,,10060
1000610,P0050842,M,18-25,10,C,4+,1,5,,,11000
1000455,P0040342,M,51-55,19,A,3,1,8,6.0,,19950
1002954,P0065842,M,46-50,13,A,1,0,18,7.0,3.0,702
1001709,P0032142,F,51-55,8,A,0,0,8,,,15656
1003473,P0063242,M,18-25,9,C,0,0,18,17.0,9.0,10352
1002970,P0025742,M,55+,14,C,2,1,7,7.0,7.0,17419
1003029,P0044742,F,55+,17,C,0,0,8,16.0,,16004
1004798,P0025842,M,18-25,20,A,4+,1,7,3.0,10.0,8221
1002682,P0098842,M,51-55,18,C,3,1,11,12.0,6.0,4646
1003630,P0098342,M,18-25,6,A,1,1,11,,7.0,1683
1004226,P0033442,M,0-17,18,B,1,1,3,18.0,,13370
1003068,P0076142,F,55+,4,A,1,1,13,6.0,14.0,745
1001387,P0050442,M,51-55,20,A,3,0,10,12.0,8.0,1454
1003777,P0035642,M,18-25,17,A,4+,0,6,9.0,4.0,8074
1002867,P0077642,M,0-17,0,C,1,0,3,13.0,,7504
1004789,P0068842,F,36-45,11,A,0,0,10,3.0,,12296
1003364,P0069642,M,55+,5,B,4+,1,2,,12.0,14806
1004890,P0065742,F,46-50,12,B,4+,0,1,13.0,9.0,745
1004125,P0014642,M,46-50,16,B,4+,1,12,4.0,4.0,17141
1000149,P0031242,F,18-25,8,B,1,0,4,14.0,10.0,5156
1003851,P0057842,F,46-50,20,B,4+,1,11,2.0,17.0,15895
1002059,P0058642,M,0-17,0,B,1,1,1,2.0,16.0,1646
1001137,P0067042,M,36-45,11,A,0,1,16,5.0,13.0,7501
1000187,P0066542,F,18-25,0,C,0,0,6,7.0,12.0,16478
1002855,P0044142,M,26-35,3,C,0,1,15,7.0,,18728
1001251,P0062342,F,51-55,6,B,0,0,10,10.0,15.0,6267
1001334,P0080342,M,55+,19,A,4+,1,8,12.0,3.0,19621
1004194,P0060242,M,46-50,4,B,4+,1,17,10.0,,8019
1004151,P0010542,M,46-50,19,B,1,1,13,9.0,17.0,17286
1002712,P0092042,M,18-25,4,B,0,0,9,15.0,6.0,1349
1004854,P0024342,M,51-55,6,B,2,1,6,6.0,,10853
1004502,P0095742,M,51-55,16,C,0,0,17,14.0,3.0,10991
1001786,P0036042,M,46-50,11,C,3,0,2,,,6165
1000751,P0068442,F,46-50,14,A,2,0,18,11.0,6.0,10118
1001763,P0078542,M,26-35,2,A,3,1,16,12.0,,12224
1003921,P0033142,M,51-55,16,B,2,1,6,16.0,15.0,7016
1004461,P0036942,F,0-17,13,C,1,0,3,12.0,3.0,18894
1000482,P0054642,M,55+,14,B,4+,0,3,4.0,,12958
1000154,P0097342,M,18-25,14,C,1,1,14,14.0,,10521
1001525,P0032142,M,18-25,14,C,2,1,10,12.0,,4810
1002121,P0015142,M,26-35,18,A,0,1,10,,16.0,16176
1002344,P0021542,M,55+,10,A,1,1,2,3.0,8.0,12674
1001241,P0063742,M,26-35,17,C,2,1,7,12.0,18.0,4476
1000061,P0066442,F,0-17,20,A,0,0,14,14.0,,18126
1000939,P0097642,M,36-45,9,B,4+,1,17,14.0,15.0,8994
1001640,P0064042,M,18-25,20,C,2,0,17,3.0,4.0,12952
1004121,P0011842,F,51-55,8,C,3,1,10,8.0,,5768
1004227,P0091442,M,55+,2,C,3,1,3,7.0,,16330
1003570,P0049142,M,46-50,0,B,3,1,17,15.0,,7236
1001253,P0089042,F,55+,20,C,0,0,13,16.0,7.0,11918
1004204,P0072842,M,0-17,10,A,0,0,16,6.0,8.0,5606
1000172,P0071742,F,18-25,15,B,1,0,3,18.0,5.0,10898
1001459,P0051842,M,51-55,2,C,0,0,15,11.0,8.0,1181
1003550,P0040842,M,0-17,20,B,2,1,7,7.0,5.0,9549
1004198,P0083842,M,36-45,8,B,3,1,13,7.0,9.0,18491
1002323,P0096342,M,51-55,10,A,4+,1,7,7.0,17.0,16614
1001637,P0028542,M,18-25,16,A,3,1,11,14.0,,6498
1003116,P0036042,F,55+,0,A,2,1,14,12.0,5.0,18555
1004091,P0062742,F,46-50,8,C,4+,0,11,,6.0,10953
1003005,P0037242,M,51-55,2,C,1,1,7,7.0,10.0,18682
1000330,P0025942,F,18-25,9,A,0,0,2,8.0,11.0,14284
1003641,P0096942,M,0-17,4,A,2,0,3,2.0,,6041
1003895,P0086142,M,36-45,10,C,0,0,2,7.0,8.0,8414
1004108,P0032342,M,51-55,4,A,1,0,5,7.0,6.0,15714
1001342,P0035542,M,0-17,11,B,4+,0,18,10.0,,15169
1003664,P0027942,F,0-17,13,B,2,0,16,11.0,,5856
1000216,P0011942,M,26-35,11,B,4+,1,3,15.0,,10921
1000339,P0072342,F,0-17,18,C,2,1,15,5.0,12.0,4468
1004063,P0073142,M,55+,8,A,1,1,13,13.0,,11342
1002709,P0080542,M,51-55,6,B,1,1,6,16.0,13.0,18654
1003153,P0056742,M,36-45,15,C,1,0,16,6.0,,2400
1001751,P0072242,F,46-50,6,A,0,1,11,9.0,13.0,4220
1002422,P0030942,M,26-35,13,A,3,0,14,6.0,15.0,1601
1000710,P0061242,M,0-17,7,B,4+,0,15,4.0,,16974
1003727,P0015742,M,51-55,20,A,2,1,5,17.0,3.0,2659
1003643,P0019242,M,55+,17,A,4+,0,6,6.0,9.0,9747
1003994,P0032042,M,55+,2,B,3,1,15,9.0,,19996
1000489,P0082242,M,55+,1,B,0,1,11,6.0,,14036
1000047,P0033142,F,18-25,4,A,0,1,6,2.0,3.0,2445
1003360,P0087342,M,26-35,7,C,3,1,11,16.0,14.0,1262
1004874,P0046342,M,36-45,18,C,2,1,8,14.0,15.0,18815
1004807,P0071442,M,18-25,8,B,3,1,12,11.0,,19727
1000401,P0066142,M,36-45,1,A,0,1,17,15.0,,1251
1003991,P0047342,F,18-25,14,B,0,1,1,18.0,6.0,19941
1003158,P0072142,M,46-50,7,C,4+,0,10,14.0,16.0,2764
1004346,P0055542,M,36-45,9,C,2,1,14,,6.0,7676
1000391,P0018742,M,18-25,6,A,2,0,7,6.0,,11232
1003854,P0011942,F,55+,18,B,0,0,18,,12.0,8838
1004431,P0011342,F,36-45,0,B,3,1,9,12.0,,14010
1000629,P0023242,M,26-35,1,C,0,1,16,18.0,,12933
1004233,P0090742,M,36-45,2,B,4+,1,10,16.0,,14571
1002931,P0013342,M,51-55,13,B,3,1,12,3.0,,11045
1001522,P0099142,M,36-45,14,B,0,1,9,18.0,10.0,19485
1000827,P0030742,M,18-25,20,A,2,0,14,8.0,17.0,4752
1004823,P0091242,M,36-45,13,C,4+,1,2,10.0,7.0,16730
1001501,P0029842,M,46-50,7,B,0,1,10,2.0,8.0,4337
1003295,P0069142,M,0-17,17,A,0,0,10,17.0,,4755
1002420,P0068242,F,26-35,16,B,1,0,2,11.0,13.0,13653
1000935,P0025442,M,51-55,6,B,3,0,6,,,6896
1003043,P0068942,M,55+,19,C,1,0,11,7.0,15.0,17746
1004498,P0017742,M,18-25,0,A,2,0,9,11.0,4.0,3351
1001467,P0027142,M,55+,8,B,3,1,3,10.0,13.0,15510
1003562,P0038842,M,55+,8,C,4+,1,11,17.0,6.0,13075
1000615,P0064442,M,36-45,10,A,3,0,4,12.0,,9997
1001183,P0091142,M,36-45,18,B,0,0,15,11.0,3.0,11779
1003224,P0088742,M,36-45,5,C,0,1,12,,17.0,4679
1002668,P0097842,F,26-35,6,B,0,0,4,9.0,12.0,17991
1000131,P0051942,M,51-55,14,B,3,0,15,11.0,18.0,6982
1002984,P0010642,M,0-17,19,A,0,0,17,13.0,16.0,12783
1004279,P0025942,M,46-50,5,C,0,0,18,3.0,,8758
1004460,P0033942,M,51-55,8,A,1,1,5,12.0,7.0,9250
1000039,P0052242,M,46-50,14,B,0,0,10,8.0,5.0,8523
1003960,P0063542,M,55+,5,C,1,0,9,15.0,,10080
1003588,P0082542,F,51-55,6,B,2,0,18,14.0,,15622
1000921,P0016942,F,18-25,16,B,3,0,12,16.0,11.0,6627
1002770,P0097942,M,0-17,5,B,1,0,8,9.0,,17069
1004112,P0031542,M,0-17,8,C,3,1,11,4.0,11.0,14294
1000493,P0020342,M,26-35,2,B,3,1,4,10.0,17.0,2500
1001132,P0082642,M,51-55,13,C,4+,1,9,13.0,,19474
1003522,P0015342,M,36-45,5,B,1,1,4,2.0,,15239
1000311,P0090542,M,0-17,3,A,0,1,18,12.0,7.0,198
1000739,P0042942,M,51-55,15,C,4+,0,14,9.0,10.0,2010
1003242,P0094742,M,36-45,15,B,1,0,14,11.0,16.0,9518
1000546,P0030242,M,26-35,8,A,1,1,1,8.0,8.0,1287
1002462,P0038742,M,55+,3,C,2,1,9,11.0,17.0,8578
1004347,P0014442,M,55+,7,A,0,0,6,,,2118
1004855,P0092842,F,51-55,7,B,2,1,18,17.0,,4863
1001805,P0029742,M,51-55,5,A,3,1,11,14.0,11.0,12452
1003213,P0031542,F,18-25,7,B,0,1,7,14.0,7.0,10498
1003811,P0058042,M,51-55,5,B,2,1,8,,,2263
1000814,P0040842,F,18-25,13,C,2,0,3,11.0,,3211
1004125,P0099542,M,36-45,13,B,0,1,11,12.0,13.0,14063
1002033,P0053442,F,55+,17,B,1,1,11,,17.0,14383
1004573,P0043142,M,36-45,12,C,3,1,2,17.0,,13246
1004414,P0079542,M,55+,14,C,4+,1,15,10.0,,5841
1000245,P0012642,M,55+,2,B,4+,0,15,8.0,,5044
1004844,P0026542,M,0-17,5,B,4+,0,5,12.0,,16983
1004793,P0041742,M,26-35,19,C,3,0,8,4.0,,1788
1000272,P0037342,M,18-25,16,C,0,0,16,15.0,18.0,11969
1003512,P0048242,M,55+,19,A,0,1,12,11.0,5.0,16109
1001772,P0046442,M,0-17,15,A,0,0,14,13.0,17.0,16843
1001263,P0020242,M,46-50,5,A,4+,1,13,18.0,,4263
1002425,P0060242,M,0-17,7,C,1,0,9,9.0,3.0,19784
1004362,P0094442,M,36-45,12,C,2,0,7,11.0,12.0,18290
1000921,P0047242,F,46-50,12,C,4+,1,17,13.0,12.0,3674
1003431,P0071542,F,0-17,19,A,3,1,2,7.0,9.0,17092
1004436,P0034442,F,51-55,16,B,0,0,8,7.0,17.0,14870
1004485,P0091642,F,26-35,20,B,2,0,13,12.0,7.0,6256
1002625,P0026842,M,18-25,2,B,0,1,8,7.0,,9012
1003761,P0072742,F,51-55,12,C,0,1,18,,6.0,16542
1002051,P0075242,M,46-50,6,B,0,1,13,,,18076
1003501,P0051742,M,55+,19,B,1,1,8,6.0,3.0,4889
1001166,P0045542,F,26-35,4,C,2,1,16,13.0,15.0,1931
1000376,P0057742,M,55+,10,C,4+,1,3,4.0,3.0,15809
1002034,P0022442,M,0-17,17,C,1,1,15,5.0,,11463
1000146,P0063642,M,51-55,3,C,3,1,10,17.0,,15746
1004389,P0080542,M,36-45,19,C,3,0,18,5.0,8.0,8560
1000432,P0099542,M,36-45,6,A,4+,1,2,16.0,6.0,19323
1000705,P0071142,M,26-35,3,C,2,1,10,10.0,8.0,596
1002633,P0050142,M,36-45,9,B,4+,0,16,11.0,4.0,5275
1004495,P0061642,M,18-25,0,B,1,1,8,7.0,8.0,12689
1000964,P0063042,M,55+,16,A,2,1,7,12.0,4.0,869
1002235,P0078142,M,26-35,4,C,3,1,4,8.0,,11161
1002042,P0088542,F,26-35,16,B,2,0,9,5.0,,691
1001829,P0035342,M,36-45,2,B,2,1,2,4.0,16.0,19031
1002109,P0022042,F,26-35,8,C,2,0,16,,,15919
1004069,P0013142,M,0-17,2,A,4+,1,7,8.0,11.0,17869
1000939,P0076042,M,46-50,2,C,0,0,15,18.0,7.0,9960
1004806,P0087742,M,51-55,8,C,1,0,5,8.0,10.0,13940
1000807,P0013642,M,46-50,4,C,2,1,1,14.0,6.0,12535
1001464,P0078842,M,55+,9,C,2,0,5,18.0,,18187
1003416,P0044142,M,51-55,14,C,4+,0,13,15.0,,4789
1000011,P0011242,M,36-45,11,A,1,0,13,3.0,7.0,17913
1001869,P0028242,M,18-25,5,B,1,0,18,5.0,16.0,6040
1004868,P0075642,M,18-25,6,C,3,0,2,,10.0,3851
1000885,P0036442,F,36-45,6,B,1,1,18,11.0,6.0,17426
1003565,P0018742,M,55+,3,B,1,1,10,13.0,9.0,16941
1001390,P0056142,M,36-45,12,C,2,1,3,2.0,17.0,12596
1003402,P0014542,M,26-35,14,B,0,0,10,11.0,,11731
1004322,P0049142,M,18-25,17,C,2,1,9,10.0,7.0,7038
1000825,P0021842,F,46-50,17,C,4+,0,3,15.0,,9600
1002266,P0063042,F,36-45,6,C,1,0,6,7.0,17.0,13417
1000937,P0054642,M,55+,9,A,0,0,11,16.0,13.0,9463
1002801,P0083142,M,55+,15,C,2,0,6,15.0,,5192
1002554,P0084442,M,46-50,7,C,3,0,5,12.0,11.0,1966
1003846,P0070542,M,51-55,18,B,4+,0,14,9.0,9.0,16117
1001797,P0086242,M,46-50,10,A,4+,1,2,8.0,,10954
1000054,P0086142,F,55+,20,B,4+,0,1,12.0,,19577
1000727,P0089342,F,18-25,5,B,2,1,5,13.0,14.0,7245
1002737,P0084342,M,51-55,9,C,0,1,8,10.0,18.0,8668
1003171,P0014542,M,46-50,18,A,0,0,10,8.0,,11640
1001914,P0098542,F,26-35,13,A,1,0,3,,,13219
1001597,P0060742,M,26-35,19,C,0,0,18,8.0,16.0,8043
1001915,P0065742,M,18-25,5,A,3,1,7,15.0,10.0,3881
1002467,P0062542,M,26-35,3,C,4+,0,13,,,6874
1002738,P0069642,M,36-45,19,A,2,0,14,14.0,17.0,3014
1000850,P0093042,M,51-55,14,A,4+,1,18,9.0,,19737
1002110,P0093942,M,18-25,4,C,4+,1,12,7.0,,18897
1000003,P0010242,M,51-55,15,A,3,0,8,,,4496
1004256,P0012742,M,55+,6,A,4+,0,18,11.0,,4699
1004070,P0048042,M,46-50,1,A,4+,1,6,13.0,,7577
1004877,P0025642,M,36-45,12,B,3,0,12,13.0,18.0,1203
1000893,P0095442,M,18-25,1,C,3,1,3,12.0,14.0,11566
1002031,P0061042,M,46-50,8,B,0,0,3,,14.0,10387
1003161,P0043242,M,46-50,19,A,4+,1,16,,,18829
1002377,P0094342,M,46-50,4,A,1,0,17,2.0,,12061
1004676,P0078642,M,46-50,2,B,1,1,16,12.0,,17207
1001934,P0021342,F,46-50,1,A,1,0,13,13.0,5.0,17332
1001381,P0048842,M,18-25,13,A,3,1,13,,17.0,9794
1003682,P0058642,M,26-35,7,C,4+,1,12,3.0,7.0,3159
1001291,P0094242,M,46-50,19,A,0,0,2,17.0,12.0,14867
1001641,P0034942,M,55+,11,C,4+,1,14,14.0,16.0,11011
1002683,P0067042,M,55+,16,C,1,0,10,16.0,3.0,15851
1000988,P0081442,M,36-45,15,B,2,1,5,7.0,,5269
1001219,P0041442,F,18-25,5,B,1,1,16,16.0,13.0,7660
1001356,P0033842,M,0-17,5,A,3,0,5,7.0,18.0,11997
1004266,P0033342,F,26-35,17,B,4+,1,2,15.0,8.0,3496
1004617,P0040242,M,36-45,1,C,3,0,6,17.0,,2576
1004136,P0070642,M,55+,7,B,0,0,12,17.0,10.0,16197
1001561,P0075242,F,46-50,13,C,4+,0,13,12.0,15.0,9268
1001419,P0043342,M,18-25,1,B,4+,0,13,10.0,11.0,10908
1000955,P0021242,F,18-25,16,A,4+,1,14,6.0,,6397
1000984,P0072042,F,46-50,15,B,2,0,15,2.0,,18133
1000975,P0046142,F,55+,17,A,4+,1,3,2.0,,11844
1004134,P0095642,M,36-45,20,B,2,1,9,10.0,7.0,17054
1003973,P0090042,M,18-25,5,C,4+,1,10,3.0,9.0,10807
1000914,P0019642,F,51-55,16,B,1,1,7,4.0,16.0,13727
1004550,P0094642,M,55+,17,B,0,0,14,5.0,9.0,3730
1000037,P0011542,M,55+,13,C,4+,0,17,11.0,7.0,9994
1003388,P0065542,M,26-35,9,C,3,0,14,13.0,4.0,7678
1001712,P0047542,M,36-45,3,B,1,0,10,15.0,5.0,8203
1003021,P0084142,M,55+,17,C,3,1,5,11.0,17.0,2629
1000796,P0048942,M,46-50,10,C,3,1,18,15.0,7.0,16552
1004037,P0071942,M,55+,15,B,2,0,17,,15.0,5805
1004689,P0031642,M,36-45,3,A,0,1,18,9.0,,162
1003112,P0049842,M,51-55,18,B,3,0,4,15.0,9.0,8971
1001325,P0035942,F,55+,5,B,1,1,1,15.0,,6335
1000318,P0092342,M,36-45,7,A,0,0,13,14.0,9.0,16472
1002397,P0041942,M,55+,17,B,1,1,10,13.0,7.0,18853
1002163,P0029542,M,0-17,18,B,3,0,15,16.0,14.0,14128
1002746,P0057742,M,46-50,17,C,0,0,5,18.0,14.0,3462
1001592,P0051742,M,26-35,15,B,4+,1,18,9.0,,9762
1003112,P0057442,F,46-50,6,A,3,1,4,15.0,4.0,5256
1003931,P0070642,F,0-17,16,A,3,1,1,6.0,9.0,11874
1001997,P0066742,F,46-50,2,C,2,1,10,17.0,,4861
1001313,P0064342,M,46-50,14,B,1,1,17,,,10950
1001286,P0033042,M,26-35,3,B,4+,0,3,17.0,3.0,5588
1004312,P0098342,M,0-17,15,B,0,1,4,11.0,16.0,12909
1002384,P0062042,M,46-50,13,B,3,0,12,4.0,9.0,641
1003240,P0080242,M,51-55,16,A,3,1,11,,,18094
1002140,P0097242,M,55+,8,A,4+,0,3,18.0,,12019
1001705,P0029942,M,46-50,6,C,3,1,11,15.0,,4313
1000363,P0094542,M,18-25,13,B,1,1,3,,3.0,1675
1002605,P0077242,M,46-50,11,A,0,0,4,12.0,,16484
1001717,P0069842,M,26-35,16,B,4+,1,3,,11.0,7018
1004452,P0012042,F,18-25,8,A,4+,1,12,18.0,,16780
1004287,P0041042,M,51-55,11,A,2,0,12,5.0,14.0,10663
1003739,P0068742,M,55+,11,C,0,0,17,10.0,11.0,9588
1002470,P0099742,M,51-55,7,B,4+,0,8,5.0,10.0,14923
1004796,P0075242,F,51-55,9,C,3,0,10,6.0,13.0,17900
1000557,P0073742,M,0-17,11,C,0,0,16,12.0,10.0,5870
1000826,P0086242,F,51-55,4,C,1,0,15,9.0,,15030
1002809,P0069542,M,36-45,19,C,4+,0,11,,13.0,16562
1004522,P0053342,F,26-35,0,C,1,0,7,2.0,,15890
1002720,P0047042,M,0-17,8,C,4+,1,7,2.0,12.0,18206
1003509,P0065942,M,18-25,14,C,3,0,18,,9.0,16004
1003742,P0099042,M,36-45,1,B,2,1,16,6.0,,2789
1001575,P0017742,M,0-17,3,C,3,1,3,2.0,16.0,4197
1003999,P0064142,F,26-35,3,B,1,0,6,10.0,7.0,1183
1002130,P0038442,M,18-25,2,B,0,1,1,5.0,,14557
1002404,P0074742,M,26-35,15,A,1,1,1,3.0,,15541
1003330,P0023942,F,26-35,7,C,2,1,15,12.0,,19201
1000589,P0065242,M,18-25,6,B,4+,1,11,4.0,,3896
1002013,P0038142,F,51-55,11,A,4+,1,10,18.0,,15014
1001548,P0066142,M,46-50,11,A,1,1,3,8.0,18.0,10313
1000295,P0035742,F,26-35,3,C,0,0,4,6.0,,19495
1001986,P0092242,M,51-55,14,C,4+,1,12,16.0,4.0,1284
1003118,P0045942,M,55+,5,C,4+,1,6,18.0,14.0,1349
1001691,P0053942,M,18-25,2,C,2,1,16,3.0,13.0,15248
1001137,P0036942,M,26-35,6,B,2,0,10,5.0,18.0,16665
1002065,P0023342,M,46-50,20,B,0,1,6,11.0,11.0,9630
1004456,P0084542,M,55+,5,C,4+,0,5,13.0,14.0,17003
1004796,P0073942,F,18-25,0,C,3,0,10,3.0,,6613
1004544,P0020342,F,0-17,7,B,1,1,12,9.0,,8050
1004771,P0086542,F,0-17,0,C,4+,1,18,,15.0,6882
1001008,P0019442,F,51-55,15,A,1,0,3,,,1794
1002515,P0094842,F,0-17,2,B,4+,0,5,8.0,16.0,4771
1003527,P0082842,F,36-45,1,A,2,1,3,6.0,,12392
1004682,P0067242,F,26-35,5,A,0,0,3,13.0,9.0,1293
1001248,P0057942,M,26-35,7,A,3,0,9,3.0,,19917
1003903,P0087942,F,18-25,6,A,2,0,4,6.0,15.0,10225
1001436,P0034042,F,36-45,6,C,0,1,17,5.0,14.0,5232
1000572,P0011242,M,26-35,20,C,2,1,7,6.0,,9107
1002383,P0024642,M,18-25,18,C,1,1,13,6.0,10.0,19453
1001246,P0085142,M,46-50,17,C,4+,1,12,14.0,5.0,17719
1002085,P0070042,F,26-35,2,B,2,1,18,11.0,,11266
1000278,P0019442,F,51-55,10,C,0,0,15,,9.0,14471
1001888,P0092642,M,26-35,10,B,4+,1,5,16.0,,2376
1004580,P0039242,M,46-50,2,A,1,0,1,11.0,4.0,15074
1001266,P0012442,M,46-50,0,B,1,1,9,8.0,17.0,2752
1004827,P0037142,M,26-35,9,C,3,0,9,18.0,8.0,9406
1001041,P0060442,M,46-50,1,A,4+,0,13,3.0,4.0,3943
1000918,P0026542,M,18-25,16,A,1,1,11,15.0,4.0,814
1000886,P0086142,F,26-35,8,C,2,1,9,4.0,,15676
1002753,P0018642,M,26-35,17,A,1,0,5,12.0,9.0,10459
1000022,P0075342,M,0-17,19,A,1,1,14,,17.0,12520
1004570,P0074542,F,51-55,8,A,1,0,16,6.0,15.0,16534
1003192,P0089042,M,26-35,10,B,3,0,2,3.0,12.0,3211
1002354,P0073742,M,55+,16,A,0,0,15,8.0,16.0,2096
1004800,P0092742,M,0-17,13,A,1,1,17,11.0,16.0,8923
1000687,P0059042,M,46-50,17,B,0,0,5,16.0,,19838
1000285,P0024042,F,51-55,17,C,4+,0,10,2.0,12.0,2654
1004812,P0096742,F,51-55,11,B,0,1,15,4.0,11.0,6730
1003748,P0020242,M,46-50,17,B,4+,0,4,10.0,,12596
1000763,P0032542,M,18-25,7,C,3,0,4,3.0,12.0,17474
1002429,P0067442,M,0-17,7,C,4+,0,7,,15.0,19933
1002508,P0039342,M,26-35,7,B,4+,1,1,12.0,7.0,14702
1000029,P0099542,F,0-17,19,A,2,1,2,9.0,10.0,3050
1000907,P0040542,M,46-50,14,C,3,1,4,,8.0,14152
1003105,P0035342,M,46-50,7,A,1,0,1,14.0,,5249
1004000,P0027942,F,55+,13,C,3,1,1,12.0,,19778
1002995,P0013942,F,18-25,12,A,2,1,3,6.0,12.0,570
1002507,P0087542,M,51-55,7,B,4+,1,18,7.0,14.0,2607
1004666,P0080042,F,51-55,16,B,3,1,3,9.0,13.0,12304
1003610,P0061942,M,46-50,18,B,2,0,3,17.0,7.0,15710
1003554,P0071542,M,0-17,5,B,1,1,13,18.0,,5703
1001454,P0083642,M,51-55,16,C,4+,0,1,5.0,,15832
1004834,P0064542,M,55+,3,B,3,0,13,18.0,18.0,17716
1003357,P0033542,M,55+,6,A,3,1,5,8.0,,11935
1000516,P0056242,M,26-35,16,B,4+,1,17,6.0,,15745
1000039,P0032742,M,26-35,17,B,3,1,11,5.0,5.0,11483
1003343,P0079942,M,0-17,5,B,4+,0,10,11.0,16.0,14719
1000887,P0092442,M,18-25,9,B,2,0,15,17.0,11.0,13352
1002845,P0058242,M,26-35,17,C,4+,0,13,13.0,8.0,513
1002205,P0052942,M,0-17,6,C,1,1,10,11.0,,12588
1001099,P0012142,M,0-17,13,C,4+,1,9,2.0,,16069
1001824,P0044242,M,46-50,13,A,3,0,7,13.0,,8317
1003202,P0013942,F,51-55,9,A,4+,0,10,15.0,17.0,479
1003156,P0027242,M,46-50,8,B,4+,1,9,3.0,,15796
1003094,P0053842,M,51-55,9,A,4+,1,13,,,9895
1003531,P0027842,M,18-25,1,A,1,0,16,3.0,,15717
1003779,P0069742,F,18-25,2,A,1,0,2,15.0,9.0,17299
1002897,P0023242,F,18-25,15,A,3,0,8,12.0,6.0,10921
1003454,P0045042,M,0-17,9,C,3,1,7,,13.0,4652
1003512,P0062442,M,0-17,10,C,4+,1,2,10.0,14.0,17403
1000989,P0063942,M,46-50,9,A,0,0,1,12.0,,17328
1004117,P0060542,F,26-35,11,A,2,1,4,13.0,18.0,15790
1004965,P0018342,M,55+,13,C,4+,0,6,,16.0,3787
1004027,P0056342,F,51-55,8,B,2,0,2,17.0,15.0,11269
1004180,P0092942,M,51-55,12,C,1,0,7,7.0,8.0,1786
1001683,P0096042,M,18-25,5,A,3,0,10,,12.0,5686
1004666,P0044242,F,51-55,10,A,0,0,9,17.0,5.0,2909
1003964,P0037942,F,36-45,0,A,3,0,2,2.0,4.0,10715
1000934,P0096542,M,18-25,14,C,1,0,15,5.0,3.0,5137
1003599,P0036242,M,55+,6,A,4+,1,15,,5.0,5025
1003234,P0026542,M,51-55,10,C,1,0,16,14.0,17.0,8645
1001981,P0039242,M,46-50,16,B,0,1,2,7.0,,15182
1001856,P0060842,M,51-55,4,A,4+,0,17,5.0,3.0,7013
1003057,P0067942,M,0-17,8,A,4+,0,11,4.0,,5524
1000793,P0032542,M,46-50,15,B,0,0,18,8.0,,18416
1000792,P0026942,M,46-50,10,C,3,0,1,,,11782
1001810,P0069742,M,46-50,16,A,4+,0,12,9.0,,1656
1002256,P0074442,M,36-45,5,A,3,0,6,15.0,,17067
1003611,P0054742,M,36-45,14,A,2,1,18,4.0,,17664
1001608,P0078942,M,51-55,2,A,0,0,17,12.0,5.0,14252
1000985,P0095442,M,18-25,8,B,2,0,17,8.0,11.0,3878
1003677,P0060142,M,51-55,11,C,4+,1,2,5.0,18.0,9166
1003381,P0086342,M,51-55,18,B,0,1,18,17.0,3.0,8382
1000520,P0062642,M,51-55,17,C,4+,1,15,18.0,14.0,8669
1000591,P0083442,M,55+,15,B,0,0,1,8.0,3.0,6643
1001051,P0047842,M,0-17,7,B,3,0,14,15.0,,15295
1003634,P0030042,M,46-50,18,C,1,1,13,9.0,9.0,1818
1004445,P0071842,F,26-35,4,A,1,1,12,2.0,,8751
1000960,P0034942,F,55+,11,A,0,0,8,10.0,15.0,17535
1000693,P0050842,M,18-25,5,B,2,1,7,13.0,5.0,14046
1003900,P0070042,M,18-25,11,B,0,0,8,7.0,,10399
1004474,P0022442,M,46-50,14,B,3,1,18,,,2135
1002947,P0021242,M,18-25,9,A,2,0,15,13.0,,12760
1000527,P0023642,M,46-50,16,C,0,0,7,9.0,8.0,14680
1003225,P0085842,M,18-25,6,A,0,1,1,16.0,6.0,10193
1002254,P0059542,M,51-55,6,B,4+,0,6,8.0,,15079
1003345,P0077742,F,0-17,20,A,3,1,16,2.0,11.0,6854
1003966,P0024942,M,55+,10,A,3,0,14,2.0,8.0,7690
1001876,P0097442,M,55+,1,A,1,1,8,8.0,,10920
1001764,P0044242,F,18-25,20,C,4+,1,10,5.0,14.0,14464
1000521,P0067942,M,55+,1,B,2,1,17,9.0,,11119
1001017,P0083242,M,18-25,13,A,1,1,15,17.0,9.0,16583
1000117,P0088242,M,26-35,17,A,3,1,14,8.0,,13250
1002434,P0042042,M,55+,15,B,0,0,11,13.0,14.0,14446
1000584,P0092142,M,0-17,10,A,4+,1,6,,13.0,13329
1000395,P0096042,M,55+,8,A,3,0,4,15.0,4.0,16129
1003789,P0063142,M,51-55,6,A,3,0,5,13.0,,17451
1002769,P0038842,M,0-17,3,A,4+,1,11,,16.0,8474
1004168,P0058842,F,55+,15,B,3,0,12,8.0,,8396
1003861,P0059142,M,0-17,13,A,1,0,11,5.0,6.0,17098
1000274,P0071142,M,55+,10,C,4+,0,18,16.0,12.0,16897
1002014,P0035142,F,18-25,7,A,3,1,7,3.0,9.0,9333
1004434,P0017642,M,36-45,10,C,3,0,1,10.0,,1418
1001390,P0074642,M,18-25,19,B,4+,0,16,7.0,4.0,4529
1003567,P0049142,M,46-50,16,A,0,0,18,,,7202
1004703,P0051142,M,55+,18,C,2,1,12,9.0,,8946
1000166,P0027242,M,26-35,9,C,4+,1,11,15.0,12.0,13717
1001568,P0097442,M,0-17,11,A,0,1,8,7.0,12.0,6424
1000729,P0030042,F,46-50,0,A,3,1,1,,15.0,18106
1002044,P0031642,M,51-55,1,B,1,1,16,5.0,,14983
1004198,P0047542,M,46-50,17,B,3,1,2,,17.0,5948
1003497,P0081942,M,36-45,6,A,3,1,6,10.0,15.0,7368
1000779,P0068542,M,55+,15,B,0,1,17,10.0,7.0,15303
1000214,P0011042,M,0-17,12,B,4+,1,17,16.0,7.0,14112
1003763,P0089842,M,18-25,3,B,2,1,2,3.0,,1989
1001577,P0086742,M,0-17,9,B,2,0,9,12.0,16.0,2350
1002449,P0011142,M,26-35,8,A,4+,1,3,6.0,17.0,4543
1002937,P0099142,F,0-17,17,A,4+,0,10,5.0,13.0,10956
1003118,P0068942,F,46-50,8,C,1,0,5,,,5762
1000592,P0053442,M,46-50,9,B,4+,0,9,,,14660
1002721,P0078342,M,18-25,7,A,1,0,14,,13.0,7410
1000714,P0070742,M,18-25,10,C,4+,0,11,18.0,4.0,18725
1000936,P0091742,F,18-25,12,B,1,0,16,,9.0,19170
1004338,P0047242,M,51-55,12,C,4+,1,14,,,8650
1000002,P0037242,M,55+,15,B,4+,0,14,5.0,17.0,10594
1002849,P0099642,F,26-35,12,A,2,0,4,3.0,,5205
1004045,P0079042,M,51-55,11,C,3,1,8,4.0,12.0,12926
1001950,P0067542,F,51-55,14,A,3,0,7,5.0,10.0,16930
1000918,P0060842,M,51-55,15,B,1,0,3,18.0,3.0,9854
1003175,P0023142,M,0-17,7,B,0,1,14,,7.0,15133
1002242,P0095442,M,36-45,5,B,2,0,11,9.0,11.0,980
1000090,P0088342,F,55+,7,C,4+,1,4,2.0,4.0,1099
1001710,P0041842,M,0-17,1,C,2,1,4,8.0,18.0,18614
1002170,P0094342,M,18-25,17,C,0,0,8,16.0,,2314
1004239,P0095242,M,26-35,10,A,2,0,15,,4.0,17186
1003042,P0072042,F,51-55,16,C,0,0,16,10.0,12.0,10851
1000106,P0088442,M,0-17,9,B,0,0,4,8.0,13.0,4715
1000887,P0026742,M,55+,1,A,0,1,10,15.0,4.0,14012
1000428,P0049642,F,46-50,18,B,0,1,5,6.0,7.0,5285
1001896,P0027942,F,55+,19,B,0,1,4,17.0,14.0,572
1000317,P0015742,M,51-55,19,C,4+,0,2,10.0,,12851
1000635,P0057942,M,55+,19,C,2,0,18,,17.0,9010
1001926,P0069042,M,0-17,1,C,3,0,8,,5.0,14378
1002057,P0055942,M,46-50,5,B,3,0,15,15.0,,11715
1003145,P0016042,M,0-17,16,A,4+,0,4,14.0,,7974
1002271,P0046842,M,0-17,11,C,1,1,13,4.0,,9188
1001440,P0022042,M,51-55,4,C,0,1,14,7.0,,3982
1000553,P0081842,M,0-17,1,A,2,1,9,,,3642
1000716,P0064542,M,18-25,8,B,0,1,6,9.0,8.0,10502
1003912,P0068142,M,55+,1,B,0,1,12,10.0,17.0,12708
1001714,P0011642,M,46-50,19,A,3,0,13,18.0,7.0,7183
1003390,P0059542,F,26-35,13,C,0,1,6,10.0,11.0,8499
1001108,P0059642,M,36-45,14,A,2,1,8,,13.0,17296
1004207,P0060442,M,55+,1,C,2,1,5,3.0,13.0,648
1000251,P0063142,M,51-55,17,A,3,0,8,15.0,13.0,1700
1002431,P0041442,M,46-50,11,B,4+,0,13,3.0,,12037
1002055,P0016842,F,18-25,6,B,3,1,13,17.0,18.0,8312
1000459,P0082642,M,46-50,15,B,3,0,5,13.0,,10353
1000208,P0026042,M,26-35,18,B,0,0,14,13.0,,9862
1000900,P0071342,M,51-55,2,A,1,1,18,9.0,8.0,6489
1003462,P0098742,F,46-50,14,A,4+,0,15,,14.0,14674
1003386,P0081742,M,55+,14,C,4+,0,1,12.0,,17056
1000022,P0024442,M,18-25,6,A,4+,0,7,7.0,,2651
1000410,P0066842,M,51-55,7,C,0,1,10,18.0,,9162
1000895,P0069442,M,18-25,6,A,3,1,2,,14.0,1083
1000515,P0048442,M,51-55,2,A,0,1,13,6.0,,5245
1004905,P0036842,M,36-45,18,A,2,0,3,14.0,9.0,19730
1004970,P0055342,M,26-35,18,A,1,1,8,13.0,,18321
1004110,P0079842,M,36-45,17,B,1,0,12,14.0,10.0,10698
1002135,P0061742,M,55+,6,A,0,0,4,13.0,11.0,19573
1003596,P0096442,M,55+,18,C,3,1,8,4.0,,19980
1002957,P0044942,M,55+,4,B,4+,1,1,10.0,,8527
1001561,P0020942,M,0-17,12,A,2,0,3,,4.0,5055
1001267,P0058242,M,55+,1,A,2,0,15,3.0,6.0,2423
1002170,P0050642,F,18-25,17,C,1,1,15,15.0,9.0,714
1003639,P0074942,M,36-45,3,B,3,1,12,,,3413
1000750,P0015042,M,18-25,3,B,4+,0,1,6.0,,16373
1003428,P0050242,M,51-55,7,B,1,0,11,18.0,,4777
1004781,P0066242,M,18-25,10,B,3,1,5,6.0,,3653
1001928,P0057542,M,0-17,0,C,4+,0,17,2.0,,3611
1003805,P0018642,M,18-25,8,A,0,0,2,12.0,,19513
1003703,P0016742,M,51-55,5,A,3,0,13,16.0,,15048
1002357,P0069542,F,51-55,3,B,2,0,3,5.0,10.0,16749
1004791,P0014142,M,36-45,5,C,3,1,13,3.0,3.0,5191
1002336,P0083042,M,55+,12,A,3,1,8,13.0,,9189
1000307,P0015642,F,26-35,8,B,3,1,13,4.0,6.0,17331
1003666,P0083742,M,46-50,13,B,4+,0,3,5.0,10.0,14263
1001990,P0029542,F,36-45,11,C,4+,0,9,16.0,,9022
1000662,P0085942,M,0-17,3,C,0,1,2,14.0,,7057
1004645,P0077742,M,46-50,7,C,0,0,8,,14.0,1010
1000312,P0016142,M,18-25,16,B,4+,0,1,8.0,5.0,13387
1002921,P0036242,F,36-45,4,C,4+,0,15,6.0,10.0,6061
1001083,P0021142,F,46-50,2,B,1,1,8,15.0,14.0,11849
1002972,P0086442,M,55+,3,A,3,0,8,,,7778
1000755,P0081042,M,55+,7,B,3,0,7,13.0,,4340
1004131,P0027742,M,36-45,15,B,2,1,13,7.0,18.0,10314
1004541,P0012542,M,55+,10,A,4+,1,7,,4.0,18545
1000353,P0050942,F,18-25,1,C,4+,1,7,14.0,8.0,8916
1000903,P0085742,M,51-55,7,C,0,0,11,6.0,9.0,6990
1003889,P0063042,M,36-45,6,B,0,1,2,,18.0,4607
1000159,P0087642,F,0-17,0,B,3,0,11,7.0,3.0,5980
1001978,P0041642,F,46-50,1,A,3,1,1,,15.0,14507
1000957,P0063142,M,46-50,12,C,4+,1,17,14.0,,15756
1002072,P0020542,M,46-50,10,A,3,1,1,12.0,,8144
1000404,P0084842,F,36-45,2,B,4+,1,13,8.0,,7321
1004612,P0091742,M,18-25,1,B,2,0,6,4.0,,7468
1002780,P0056342,M,36-45,15,A,2,0,5,6.0,,8679
1001388,P0034542,M,36-45,0,A,1,0,2,8.0,10.0,5944
1003454,P0018042,F,55+,6,C,0,1,10,7.0,,11043
1000956,P0076142,M,51-55,2,A,1,0,7,3.0,,11933
1001713,P0049542,M,46-50,15,C,2,1,15,13.0,8.0,18572
1004704,P0062142,M,18-25,5,C,3,1,11,11.0,,4701
1001274,P0093242,F,26-35,13,A,0,0,6,4.0,,11916
1003812,P0083542,M,18-25,10,A,0,1,5,11.0,12.0,10298
1002626,P0036342,F,55+,20,C,1,1,4,3.0,,16678
1002383,P0076042,M,36-45,18,A,0,1,6,,,12142
1001442,P0088942,F,0-17,0,C,2,1,7,7.0,17.0,4070
1002980,P0037342,F,18-25,20,C,3,1,12,16.0,7.0,7341
1001798,P0080542,F,46-50,12,B,1,0,14,7.0,14.0,12015
1004391,P0027142,F,0-17,19,C,3,0,2,11.0,,19553
1004010,P0036442,M,26-35,8,B,1,1,3,,,6683
1004851,P0092142,M,26-35,10,A,4+,1,5,,18.0,5408
1001395,P0012542,F,0-17,0,C,0,0,10,17.0,,12015
1004282,P0056842,F,55+,12,C,4+,1,7,17.0,,620
1001270,P0096142,M,26-35,19,A,0,0,9,18.0,18.0,16720
1004733,P0057542,M,0-17,0,A,4+,0,18,16.0,,5072
1003715,P0045542,M,36-45,2,A,3,1,6,,14.0,3312
1000530,P0012542,M,0-17,19,C,2,1,10,9.0,10.0,7914
1003624,P0013342,M,36-45,16,A,1,1,12,12.0,15.0,1775
1002959,P0036342,F,55+,4,A,0,0,2,14.0,5.0,19970
1002915,P0023742,M,46-50,5,B,1,0,1,5.0,,163
1004890,P0091542,M,46-50,16,B,2,1,4,12.0,10.0,5799
1003592,P0079442,M,26-35,9,C,4+,1,15,4.0,14.0,10247
1002148,P0097442,M,51-55,10,A,3,0,2,14.0,,3110
1004574,P0085342,M,51-55,12,A,1,0,3,3.0,15.0,10452
1003370,P0066542,M,0-17,9,B,4+,0,17,12.0,10.0,11938
1000940,P0056142,M,55+,13,C,0,0,2,11.0,,10694
1000526,P0026742,M,36-45,12,A,1,1,13,4.0,,3994
1000002,P0073042,M,46-50,3,C,1,0,8,10.0,5.0,658
1000375,P0075442,M,55+,19,B,0,1,10,15.0,12.0,6711
1002341,P0018042,M,46-50,16,A,2,0,7,13.0,7.0,5948
1004006,P0085642,M,46-50,17,B,4+,0,4,11.0,14.0,4547
1003053,P0096342,F,26-35,10,B,1,0,18,9.0,8.0,806
1004649,P0096942,M,46-50,9,B,4+,0,3,3.0,10.0,18897
1002366,P0050642,M,51-55,20,A,3,1,15,,16.0,19044
1001526,P0067342,M,18-25,17,C,4+,1,17,10.0,6.0,16368
1004477,P0014542,F,26-35,18,A,4+,1,8,10.0,,16565
1001647,P0069842,M,0-17,8,B,0,0,15,4.0,12.0,4301
1000014,P0071042,M,18-25,4,C,4+,1,13,12.0,,15032
1004600,P0090642,M,26-35,0,B,2,1,14,,3.0,11301
1002279,P0015242,M,55+,4,A,4+,1,4,7.0,,10665
1003156,P0080342,M,26-35,2,C,3,1,11,8.0,,11046
1000130,P0057542,M,36-45,0,A,4+,0,3,6.0,,6274
1003815,P0069142,F,18-25,18,C,0,0,13,,6.0,16961
1004934,P0011542,M,18-25,5,B,3,0,4,11.0,13.0,13513
1003217,P0045942,M,51-55,9,B,0,0,13,18.0,,1408
1002939,P0058642,M,18-25,4,B,2,1,15,,15.0,1162
1003929,P0093742,F,46-50,11,A,2,0,6,16.0,,19439
1002041,P0080542,M,51-55,11,A,0,0,18,7.0,,15609
1000028,P0060142,M,55+,16,B,2,0,8,2.0,,17231
1002114,P0024042,M,46-50,1,B,0,1,9,4.0,,5151
1001253,P0071942,M,51-55,20,C,1,0,2,15.0,17.0,16177
1004357,P0091442,F,0-17,13,C,4+,0,10,16.0,14.0,1087
1002047,P0087642,F,55+,11,A,1,0,2,17.0,,11550
1004556,P0054642,M,51-55,12,C,2,0,9,6.0,8.0,12458
1004024,P0038942,M,0-17,4,A,0,1,9,5.0,,225
1004397,P0030842,M,51-55,4,A,0,1,13,,,15465
1003375,P0057442,M,0-17,16,C,0,1,10,15.0,,19079
1003467,P0051242,M,46-50,4,C,0,0,7,16.0,,17283
1003082,P0077642,M,55+,18,C,4+,0,13,3.0,3.0,12624
1003779,P0052642,M,55+,3,B,3,1,5,10.0,,1561
1000630,P0095342,F,51-55,6,B,1,0,12,3.0,12.0,16517
1000270,P0047042,M,36-45,16,C,2,1,9,15.0,12.0,14997
1002640,P0093142,F,51-55,10,B,0,1,9,11.0,,5376
1001994,P0076342,F,0-17,5,A,1,0,18,11.0,9.0,7332
1002892,P0038942,M,55+,12,B,3,1,8,,,15324
1004958,P0053142,M,26-35,11,B,1,1,18,16.0,12.0,12029
1003433,P0036742,F,46-50,4,B,2,0,10,,5.0,4345
1001281,P0025042,F,36-45,9,A,0,0,1,2.0,16.0,2256
1002361,P0081842,M,26-35,10,A,2,0,10,14.0,,15987
1000576,P0035442,M,26-35,8,C,0,1,5,14.0,18.0,3117
1001308,P0045242,M,46-50,12,B,3,0,18,2.0,,17140
1003193,P0047642,F,51-55,2,B,2,0,13,17.0,12.0,10832
1003179,P0075242,F,18-25,16,A,1,0,6,5.0,14.0,17835
1002735,P0095442,F,36-45,17,B,3,0,17,16.0,9.0,4309
1002213,P0045742,F,51-55,4,A,2,0,14,2.0,17.0,951
1002353,P0070742,M,46-50,15,B,0,0,6,14.0,,13908
1003569,P0046942,M,18-25,15,C,3,0,16,12.0,11.0,14372
1001656,P0032642,M,46-50,10,A,0,0,9,11.0,5.0,15384
1001580,P0080442,M,46-50,3,A,4+,0,4,9.0,12.0,9697
1002204,P0040242,M,26-35,8,A,1,0,18,10.0,,5070
1001391,P0092542,F,55+,14,B,0,1,5,11.0,,18556
1001743,P0048842,F,51-55,11,C,2,1,1,7.0,6.0,1711
1001926,P0047642,M,46-50,15,A,4+,1,15,,,19877
1000620,P0021742,M,51-55,3,C,3,1,12,,6.0,12913
1001275,P0010442,M,18-25,2,A,2,0,14,7.0,,5525
1000957,P0054342,M,26-35,20,C,3,0,12,17.0,14.0,14460
1001940,P0045142,M,18-25,3,B,4+,1,13,17.0,,17618
1003954,P0085442,M,18-25,1,B,2,0,3,,4.0,12923
1002382,P0063242,F,26-35,18,C,0,0,14,2.0,4.0,8038
1000969,P0076342,M,51-55,6,C,2,0,7,8.0,,18320
1001317,P0073942,F,18-25,1,B,1,0,3,4.0,,5515
1001044,P0022342,M,0-17,0,C,0,0,9,9.0,6.0,7821
1000282,P0075742,M,51-55,17,C,1,1,4,13.0,,11809
1002845,P0037642,M,55+,7,C,2,1,2,,,513
1001059,P0092142,F,55+,7,A,2,1,3,18.0,16.0,16876
1004294,P0049342,F,46-50,9,C,3,1,1,11.0,7.0,16715
1002533,P0076342,M,26-35,17,A,2,1,5,2.0,13.0,2042
1003829,P0045942,F,55+,10,B,0,1,9,8.0,16.0,10585
1001009,P0072242,M,26-35,0,B,1,1,18,4.0,8.0,3798
1001230,P0056842,M,51-55,6,B,4+,1,13,15.0,,15179
1001036,P0072742,M,0-17,7,C,1,1,7,15.0,,17670
1004586,P0079942,F,0-17,13,B,3,0,7,14.0,3.0,7185
1000276,P0015642,M,0-17,18,A,4+,0,15,7.0,3.0,17369
1002741,P0035042,M,0-17,7,A,4+,0,17,,13.0,8901
1002290,P0099542,M,36-45,18,C,2,1,3,13.0,,8389
1001240,P0024942,M,26-35,3,A,3,1,17,13.0,,9974
1000126,P0055142,F,18-25,9,A,3,1,14,18.0,,1888
1004066,P0026142,M,26-35,9,B,2,1,5,3.0,10.0,5844
1004313,P0021942,M,55+,3,A,0,1,7,6.0,,5446
1003869,P0068142,M,26-35,7,B,2,1,1,13.0,16.0,10771
1001209,P0045042,F,26-35,6,B,3,1,17,14.0,18.0,13268
1003250,P0019842,M,0-17,14,A,4+,0,15,11.0,8.0,7167
1000919,P0026642,M,0-17,7,A,0,0,8,17.0,14.0,1863
1003924,P0090942,M,36-45,9,C,3,1,8,8.0,,18377
1004404,P0076242,F,51-55,6,C,3,1,1,2.0,11.0,12382
1001970,P0093742,M,26-35,18,A,2,0,9,8.0,4.0,8345
1002794,P0061342,M,46-50,2,B,1,1,2,,,13399
1000892,P0076342,F,51-55,8,B,3,0,1,17.0,3.0,13077
1004471,P0050042,M,55+,15,C,1,1,16,8.0,5.0,2920
1002034,P0046442,M,36-45,13,B,0,0,13,6.0,18.0,15124
1001365,P0067642,M,55+,6,C,4+,0,11,18.0,,8752
1000129,P0042542,M,0-17,11,B,1,1,1,5.0,16.0,13746
1001015,P0068042,M,55+,0,A,1,1,6,13.0,4.0,8743
1001800,P0073242,F,26-35,15,A,1,1,1,12.0,,17737
1004613,P0072042,M,0-17,2,B,1,1,6,10.0,17.0,14081
1001519,P0092742,M,51-55,0,C,1,0,9,10.0,,4005
1004182,P0034642,F,18-25,5,A,0,0,13,16.0,3.0,10922
1001199,P0053342,F,0-17,1,C,3,0,16,4.0,5.0,15841
1003874,P0019242,M,0-17,6,A,4+,1,4,9.0,,15260
1002475,P0036742,M,36-45,7,B,3,0,11,,,384
1003486,P0071442,M,18-25,12,A,0,0,13,17.0,7.0,6454
1004050,P0072342,M,51-55,15,B,0,1,1,2.0,15.0,18004
1003720,P0042042,M,46-50,20,C,1,1,3,10.0,10.0,3079
1000303,P0091542,M,46-50,9,A,0,0,11,4.0,18.0,12828
1003953,P0095542,M,46-50,3,C,0,0,8,11.0,,12929
1004684,P0016142,M,26-35,20,C,1,0,1,4.0,7.0,3016
1000987,P0039942,M,46-50,12,B,0,1,14,9.0,,4211
1001864,P0050242,M,26-35,16,C,0,0,18,12.0,13.0,11862
1004441,P0074742,M,51-55,7,A,0,1,6,9.0,7.0,12800
1004910,P0066642,M,51-55,7,B,2,1,9,13.0,12.0,766
1003073,P0071942,M,0-17,6,B,3,1,9,,5.0,7337
1003125,P0040242,M,46-50,0,B,2,0,15,6.0,,11403
1001328,P0086942,M,36-45,14,C,3,1,5,13.0,,14573
1002409,P0035242,F,51-55,14,A,1,0,9,11.0,,4281
1003674,P0083342,M,18-25,18,A,1,1,9,18.0,,5964
1003292,P0057742,M,18-25,3,A,3,0,17,8.0,8.0,11643
1004034,P0046842,M,51-55,5,B,3,0,15,14.0,5.0,8431
1000704,P0077842,M,0-17,9,B,4+,0,10,15.0,3.0,18228
1000575,P0025942,M,55+,11,A,3,0,9,,,14279
1003233,P0026542,M,18-25,3,C,3,1,7,5.0,,11935
1004784,P0030442,M,18-25,5,B,1,0,13,,7.0,453
1002633,P0036642,M,55+,13,A,1,1,2,16.0,14.0,5404
1003829,P0023742,F,0-17,12,C,0,1,18,11.0,17.0,19191
1003231,P0046742,M,55+,20,B,0,1,8,7.0,,15640
1000489,P0054242,M,0-17,2,B,1,1,8,14.0,,13938
1001348,P0095742,M,0-17,20,B,0,1,9,4.0,3.0,17579
1003682,P0085942,F,36-45,14,A,2,0,13,,4.0,1057
1003174,P0066642,F,0-17,2,B,2,1,12,5.0,,14138
1004590,P0082042,M,0-17,4,B,0,0,7,17.0,4.0,13391
1001668,P0011642,M,0-17,12,C,0,0,13,8.0,17.0,19875
1001638,P0016742,M,51-55,14,A,3,0,13,6.0,4.0,11583
1004115,P0023242,M,46-50,16,C,3,0,4,18.0,,14109
1003554,P0079942,M,51-55,5,B,2,1,2,,7.0,4714
1001001,P0052942,M,46-50,17,A,2,1,2,2.0,3.0,2381
1000851,P0040742,F,36-45,2,A,3,1,5,,9.0,12570
1001389,P0074942,M,36-45,8,B,3,0,2,10.0,16.0,12887
1003713,P0027342,F,18-25,7,A,3,0,15,3.0,16.0,4248
1001368,P0051142,M,55+,19,A,0,1,2,11.0,,2506
1000822,P0019642,M,55+,10,C,1,1,2,4.0,4.0,15544
1000455,P0078242,M,51-55,10,A,2,0,8,7.0,3.0,18936
1001625,P0025342,M,46-50,7,A,4+,1,5,13.0,,16829
1002773,P0079442,M,36-45,0,C,3,0,16,9.0,,15449
1003727,P0034142,M,36-45,1,B,0,0,14,6.0,7.0,9645
1003148,P0040342,F,51-55,19,C,2,1,8,5.0,6.0,4540
1004090,P0038442,M,18-25,3,B,3,1,11,14.0,11.0,5673
1004807,P0012642,M,0-17,1,B,0,0,11,,,13857
1002191,P0050142,M,26-35,1,B,2,0,8,3.0,,9879
1000917,P0045942,F,18-25,12,C,2,1,16,6.0,,12634
1003987,P0015942,M,55+,20,B,4+,1,8,15.0,,4391
1002876,P0030142,M,55+,19,C,4+,1,12,,3.0,13152
1001441,P0086142,M,26-35,5,C,2,1,5,15.0,8.0,12383
1004401,P0097342,M,18-25,3,B,0,0,3,3.0,11.0,17013
1000736,P0068042,F,18-25,14,B,3,0,18,5.0,,15052
1003569,P0046942,M,0-17,2,C,3,0,1,8.0,18.0,136
1003339,P0063242,M,36-45,3,C,2,0,13,5.0,,4228
1003016,P0025142,M,46-50,16,B,3,0,11,5.0,10.0,4434
1002890,P0020142,M,18-25,5,B,4+,1,1,7.0,,18114
1000962,P0099842,M,0-17,1,B,3,0,18,9.0,,17908
1002990,P0070642,M,55+,19,C,1,0,13,9.0,,12519
1003849,P0054542,M,26-35,12,C,4+,1,8,11.0,,18127
1001027,P0097242,M,51-55,14,C,4+,0,18,,14.0,4591
1003866,P0032842,M,55+,4,B,2,1,2,,,13089
1002864,P0022442,M,51-55,18,A,2,1,5,2.0,,1935
1002502,P0086942,M,36-45,5,A,3,0,8,11.0,,5495
1001948,P0093342,F,51-55,16,A,3,0,3,17.0,9.0,19049
1001178,P0098042,F,18-25,0,A,2,0,2,3.0,9.0,10640
1004761,P0033542,M,26-35,1,A,0,0,6,,,18216
1000012,P0026142,M,18-25,0,C,3,1,16,,11.0,3742
1004400,P0065342,M,51-55,7,B,0,1,15,6.0,13.0,6129
1003365,P0088742,F,46-50,3,B,4+,1,4,17.0,16.0,16564
1003023,P0045242,F,55+,17,B,1,0,2,13.0,,15794
1003372,P0016742,M,51-55,8,B,0,1,14,2.0,,16925
1002831,P0027242,M,46-50,14,B,3,0,6,7.0,10.0,7632
1000043,P0094242,M,51-55,15,A,2,1,4,7.0,6.0,10750
1000944,P0073642,M,36-45,20,B,2,1,1,,10.0,9751
1002391,P0078142,M,26-35,2,B,1,0,14,,11.0,17687
1002546,P0065842,M,46-50,0,A,1,1,3,2.0,,18017
1002412,P0036042,F,0-17,12,B,4+,0,4,16.0,13.0,16263
1004987,P0031642,M,36-45,13,A,0,1,14,4.0,,2867
1001005,P0091642,M,18-25,5,A,1,1,9,17.0,3.0,1045
1000021,P0022342,M,51-55,4,C,4+,0,14,18.0,11.0,14944
1000407,P0090442,M,26-35,4,B,4+,1,4,3.0,5.0,17682
1001015,P0026142,F,26-35,3,B,4+,1,4,8.0,11.0,6007
1004432,P0030042,M,51-55,20,B,3,1,12,9.0,13.0,10068
1001839,P0055342,M,0-17,11,A,1,0,8,,,13527
1003189,P0050142,M,55+,13,C,2,0,16,9.0,13.0,10807
1000715,P0056142,M,55+,13,B,4+,0,11,7.0,3.0,7913
1004147,P0037442,M,46-50,10,A,2,0,7,14.0,,8881
1003855,P0030542,F,51-55,9,A,3,1,14,5.0,6.0,7695
1004420,P0013942,M,26-35,9,A,0,1,10,14.0,,2438
1004885,P0037242,M,0-17,8,A,3,0,2,11.0,8.0,14366
1000141,P0079942,F,55+,1,C,3,0,13,16.0,,2894
1004566,P0096642,M,0-17,13,C,1,1,9,13.0,8.0,1437
1004883,P0019242,M,55+,6,A,4+,0,18,5.0,,12336
1000964,P0014142,M,18-25,16,B,3,0,10,,13.0,1540
1000373,P0056442,M,0-17,19,C,4+,0,14,10.0,14.0,6983
1003636,P0047842,F,36-45,7,B,2,0,3,16.0,18.0,18883
1002542,P0020642,M,26-35,19,B,0,1,7,12.0,15.0,8753
1003611,P0042742,M,36-45,3,C,0,1,11,,11.0,19603
1001693,P0016442,M,55+,4,B,2,0,6,8.0,9.0,8080
1000106,P0046442,M,0-17,12,C,1,0,15,14.0,9.0,11703
1001682,P0092042,M,0-17,6,C,2,1,15,3.0,,9826
1004098,P0058342,M,36-45,5,B,2,1,8,3.0,5.0,6041
1004017,P0074642,F,18-25,16,B,1,0,13,18.0,17.0,4962
1002637,P0012342,M,0-17,5,A,1,1,12,18.0,12.0,4036
1002138,P0063942,M,36-45,18,C,3,1,12,9.0,11.0,4685
1003417,P0016142,M,36-45,2,B,4+,1,9,15.0,,11242
1004446,P0059042,M,26-35,8,C,0,1,17,18.0,15.0,6201
1003531,P0037242,M,18-25,20,A,1,1,15,4.0,4.0,12156
1001287,P0032842,M,46-50,14,A,1,1,13,,,14062
1003180,P0011942,M,36-45,7,A,3,0,14,,,5928
1003655,P0010242,M,26-35,14,A,3,1,8,15.0,13.0,6170
1002360,P0052042,M,46-50,0,A,4+,1,13,12.0,3.0,3599
1000445,P0082942,M,26-35,7,A,1,0,3,,4.0,13587
1000036,P0040642,M,26-35,3,A,1,0,8,16.0,15.0,19118
1001476,P0053142,F,51-55,9,A,3,0,6,13.0,5.0,8038
1003958,P0023542,M,18-25,15,C,2,0,11,,14.0,13995
1001799,P0061442,F,0-17,17,B,4+,0,10,6.0,7.0,19541
1001846,P0029242,M,18-25,3,C,1,0,8,6.0,,711
1001409,P0068442,F,46-50,7,C,0,0,8,,12.0,16964
1001709,P0051442,M,51-55,3,B,0,0,7,3.0,12.0,7482
1002939,P0097242,M,18-25,9,B,3,0,12,2.0,3.0,11558
1001301,P0021742,F,0-17,19,A,0,1,3,17.0,,5859
1001244,P0076542,M,18-25,3,B,3,0,11,10.0,,13852
1003977,P0030842,M,18-25,15,C,2,0,13,,9.0,13261
1003098,P0013342,F,18-25,11,A,3,1,16,8.0,18.0,13909
1004617,P0074842,M,36-45,9,C,1,1,9,7.0,,9631
1000010,P0041742,M,36-45,10,B,0,0,16,,18.0,14490
1002426,P0021942,M,18-25,1,C,1,0,5,13.0,,11435
1001661,P0072642,M,0-17,15,C,0,1,8,14.0,,7566
1002632,P0062442,M,55+,18,A,0,0,12,,,13668
1004816,P0068042,F,0-17,11,A,3,0,3,9.0,17.0,6744
1001073,P0094442,M,0-17,3,C,4+,0,3,6.0,,9456
1003226,P0086842,M,0-17,16,B,0,0,13,13.0,,19536
1004955,P0018842,M,51-55,11,A,0,0,3,10.0,,10525
1001317,P0061142,F,51-55,15,C,4+,0,9,5.0,15.0,3109
1004146,P0014642,M,26-35,2,A,1,0,1,4.0,,3076
1003684,P0087142,F,18-25,1,A,0,0,6,16.0,,14513
1003274,P0083942,M,55+,6,B,3,1,16,2.0,16.0,7469
1000146,P0079142,F,55+,5,C,4+,1,1,12.0,,19026
1003041,P0062142,M,18-25,0,C,4+,0,10,8.0,,10803
1001463,P0038342,M,26-35,14,C,0,0,2,5.0,,7428
1004677,P0047642,M,0-17,11,C,1,0,3,,,14034
1001585,P0073742,M,46-50,12,C,1,0,7,16.0,11.0,4336
1000483,P0023342,M,46-50,7,A,2,0,6,17.0,17.0,18408
1003180,P0076642,M,26-35,8,A,2,0,15,10.0,9.0,13675
1001250,P0034742,M,55+,0,A,3,1,2,14.0,16.0,19470
1004769,P0075142,M,46-50,4,A,0,1,17,3.0,14.0,17955
1000631,P0041742,M,36-45,6,B,1,1,14,4.0,14.0,6098
1000662,P0053542,M,18-25,17,B,2,0,17,8.0,8.0,15196
1003504,P0027542,F,46-50,7,C,0,0,2,11.0,18.0,15288
1002853,P0093442,F,51-55,9,B,0,0,16,3.0,,6520
1002467,P0078542,M,51-55,7,A,1,1,16,13.0,9.0,12450
1000988,P0068542,M,55+,11,A,0,1,3,6.0,6.0,17312
1001547,P0045042,M,55+,15,A,4+,1,14,17.0,9.0,6079
1000650,P0024242,M,36-45,11,A,2,0,7,2.0,,17583
1000969,P0090342,M,18-25,2,A,3,1,10,,4.0,11003
1002638,P0049742,M,36-45,17,C,2,1,9,16.0,18.0,1698
1001101,P0072342,M,18-25,4,C,0,1,8,12.0,,14352
1000441,P0081742,F,18-25,13,A,4+,1,15,16.0,,15797
1000770,P0074242,M,55+,19,C,2,0,12,9.0,,19314
1001344,P0046842,M,46-50,20,B,1,0,6,5.0,,1791
1004359,P0060042,M,51-55,15,B,4+,0,15,2.0,6.0,6174
1003730,P0072142,M,26-35,5,A,2,1,15,12.0,11.0,9355
1003907,P0046942,M,46-50,15,C,0,1,8,7.0,8.0,15436
1001578,P0067842,M,55+,19,A,1,1,12,6.0,12.0,4527
1004009,P0048142,F,0-17,13,C,0,0,2,,18.0,14266
1003352,P0018542,M,36-45,19,A,0,0,9,16.0,10.0,5563
1004796,P0088642,F,55+,4,A,1,0,8,,6.0,13287
1002350,P0083842,M,0-17,13,A,4+,0,8,15.0,,8317
1003603,P0055942,M,18-25,10,B,2,1,4,,5.0,17686
1001242,P0042442,F,55+,20,C,4+,1,5,4.0,,6517
1001126,P0062142,M,46-50,8,C,1,0,17,16.0,18.0,10820
1002602,P0058842,M,0-17,19,B,2,1,7,3.0,,8247
1001191,P0049642,F,0-17,6,B,1,0,1,3.0,,6414
1004132,P0099542,M,51-55,4,C,3,0,10,,,14219
1004840,P0045442,M,55+,14,C,3,0,14,9.0,,13434
1004449,P0038742,F,0-17,12,A,4+,0,9,8.0,,3502
1000073,P0055842,M,51-55,11,A,1,0,11,5.0,14.0,11166
1001915,P0072342,M,51-55,14,C,2,0,12,11.0,3.0,2473
1002473,P0063542,M,18-25,18,C,4+,1,1,6.0,,5454
1003047,P0039042,M,51-55,18,A,3,0,17,12.0,9.0,19899
1000708,P0095042,M,18-25,9,B,3,1,1,15.0,6.0,5710
1001805,P0093742,F,51-55,16,C,3,0,1,15.0,,7533
1003714,P0026742,M,51-55,15,C,4+,0,18,9.0,16.0,10318
1002565,P0072042,M,55+,4,B,2,0,9,16.0,9.0,13528
1002476,P0052742,F,55+,3,B,3,0,17,7.0,,15307
1003611,P0080142,M,18-25,9,B,4+,1,13,18.0,,18234
1004256,P0058942,M,0-17,20,C,4+,0,17,2.0,14.0,19987
1002824,P0045442,M,36-45,5,C,0,1,11,,,19944
1001736,P0029542,M,46-50,10,C,0,0,17,10.0,5.0,5715
1001586,P0064442,F,46-50,10,A,2,0,9,8.0,,8466
1000067,P0081642,M,18-25,15,B,3,1,14,14.0,14.0,3233
1003062,P0092342,M,0-17,13,B,0,1,1,,14.0,17084
1002429,P0079342,M,55+,18,A,2,1,8,9.0,14.0,12208
1004154,P0075842,M,55+,3,A,0,1,2,3.0,13.0,2315
1000342,P0087942,M,36-45,4,A,3,0,4,9.0,16.0,5233
1002775,P0011042,M,26-35,18,A,4+,1,18,2.0,,800
1002818,P0068142,M,55+,16,B,3,1,13,5.0,3.0,4963
1002662,P0035542,F,18-25,17,A,0,1,14,3.0,15.0,2157
1001233,P0049542,M,26-35,7,A,3,0,11,9.0,10.0,18881
1003875,P0083042,M,46-50,3,B,4+,1,11,3.0,7.0,2074
1002402,P0090842,F,46-50,17,B,1,0,8,,,15253
1001495,P0050842,M,55+,10,B,4+,1,12,17.0,12.0,8015
1004212,P0046142,M,36-45,13,B,0,0,1,10.0,16.0,3763
1000662,P0035842,F,36-45,12,C,4+,1,16,17.0,,16328
1003884,P0010242,M,26-35,15,C,2,1,18,10.0,14.0,6878
1003620,P0018342,M,55+,11,C,3,0,1,14.0,10.0,3313
1001869,P0025542,M,46-50,8,C,1,0,18,18.0,5.0,1639
1002335,P0076242,F,36-45,6,B,1,0,10,15.0,17.0,3046
1003375,P0027542,M,36-45,9,C,3,0,11,3.0,,11163
1001017,P0080642,M,46-50,16,A,3,1,16,2.0,5.0,17145
1004407,P0057142,M,55+,17,A,2,1,5,13.0,14.0,5287
1000208,P0071842,M,46-50,6,A,4+,1,1,5.0,,9564
1002666,P0052342,F,0-17,2,C,1,1,18,,5.0,7337
1002494,P0023342,M,51-55,14,C,0,1,7,2.0,4.0,18953
1000633,P0088742,M,36-45,15,A,3,1,1,16.0,8.0,15444
1002103,P0096342,M,26-35,20,C,3,1,2,2.0,6.0,2590
1002960,P0047942,M,55+,16,B,1,0,2,14.0,12.0,10725
1003084,P0076642,F,18-25,12,C,3,0,16,10.0,13.0,10909
1004753,P0037642,M,18-25,2,A,1,1,8,14.0,14.0,11681
1001932,P0033542,M,46-50,19,A,0,1,10,17.0,15.0,1860
1003720,P0085142,M,51-55,19,C,0,0,16,2.0,4.0,19525
1002563,P0098142,M,55+,4,C,1,1,5,12.0,,16445
1001680,P0011242,M,55+,8,A,3,0,4,,,5810
1000237,P0044142,M,26-35,17,A,2,1,13,6.0,6.0,5940
1004444,P0013442,F,0-17,10,C,2,0,8,3.0,8.0,15330
1004726,P0065842,M,36-45,10,C,4+,0,13,17.0,10.0,17106
1001541,P0031342,M,0-17,15,A,2,0,5,16.0,13.0,15130
1003944,P0051142,M,55+,7,A,3,0,17,9.0,13.0,1249
1000364,P0050442,F,26-35,1,A,2,0,15,18.0,8.0,15827
1002369,P0059342,M,0-17,20,A,4+,0,7,12.0,4.0,7339
1000286,P0075742,M,46-50,9,A,0,0,10,11.0,10.0,12458
1000149,P0025842,M,18-25,5,A,1,0,3,18.0,,8806
1004038,P0073642,M,46-50,3,A,2,1,16,3.0,4.0,10841
1004552,P0020942,F,36-45,20,C,1,0,15,6.0,12.0,12319
1001767,P0064842,M,46-50,4,B,1,0,6,10.0,7.0,9865
1004896,P0088842,F,26-35,10,B,0,1,10,3.0,,3909
1001013,P0062542,F,55+,11,C,4+,1,7,,11.0,2434
1002832,P0044642,M,26-35,15,B,3,1,5,8.0,12.0,1451
1002508,P0084342,F,36-45,19,C,3,1,7,,,7382
1001524,P0092742,M,36-45,20,C,3,1,3,11.0,18.0,16508
1002786,P0073542,M,18-25,13,C,4+,1,2,,,7039
1002557,P0037842,F,0-17,13,C,4+,0,2,10.0,,572
1003726,P0057842,M,18-25,19,B,4+,1,18,18.0,,12640
1004577,P0021042,M,46-50,19,C,2,1,1,17.0,17.0,15831
1001602,P0073542,M,0-17,14,A,1,1,9,,9.0,8548
1002409,P0053042,F,36-45,7,C,4+,1,16,14.0,,19891
1000341,P0064142,M,26-35,4,B,4+,1,8,6.0,,14368
1002818,P0021442,M,46-50,8,B,2,0,11,12.0,,9363
1002497,P0018942,M,18-25,20,B,1,1,16,4.0,18.0,18161
1004931,P0031142,F,55+,15,B,3,0,10,8.0,,8461
1001726,P0064942,M,51-55,2,A,0,0,16,17.0,,8922
1001690,P0069442,M,51-55,11,C,4+,0,13,2.0,,11130
1003268,P0063842,M,36-45,6,A,4+,0,7,14.0,17.0,15807
1004407,P0082842,M,55+,16,C,0,1,1,15.0,10.0,3936
1000262,P0045942,M,0-17,14,C,4+,0,14,,5.0,4142
1001443,P0058542,M,51-55,14,A,4+,1,9,17.0,,16830
1000406,P0047142,M,0-17,11,A,4+,0,14,10.0,,13049
1002191,P0031442,M,26-35,20,B,0,1,4,17.0,,15793
1004438,P0083242,M,36-45,1,C,2,1,9,14.0,3.0,19994
1000244,P0011442,M,36-45,7,C,2,1,2,13.0,4.0,5236
1004586,P0035842,M,46-50,4,C,0,0,11,3.0,5.0,11674
1004108,P0087742,M,46-50,2,C,2,1,14,12.0,,12188
1000561,P0056242,M,55+,0,C,3,0,4,,18.0,1563
1004138,P0021942,M,0-17,15,C,3,0,3,10.0,17.0,18917
1002726,P0022742,M,51-55,9,B,0,1,10,16.0,8.0,4353
1000594,P0082242,M,51-55,9,C,1,0,1,,4.0,9600
1001827,P0062242,M,18-25,10,B,4+,1,9,12.0,,10954
1003230,P0078742,M,0-17,11,C,1,1,13,3.0,,3038
1003288,P0074442,F,51-55,7,C,4+,1,11,3.0,9.0,18517
1004074,P0042442,M,46-50,4,A,2,0,10,17.0,,11703
1000134,P0041942,F,46-50,8,C,2,1,1,2.0,10.0,17091
1003139,P0060542,M,46-50,10,A,3,1,13,,,14820
1003920,P0062542,M,0-17,14,A,1,0,9,4.0,4.0,5702
1000073,P0014942,F,36-45,16,A,0,0,8,17.0,11.0,5112
1004495,P0068342,M,55+,10,B,4+,0,13,,,12358
1004226,P0016842,M,18-25,12,A,2,0,8,8.0,10.0,947
1002979,P0049042,F,18-25,16,A,4+,1,17,12.0,4.0,9265
1004362,P0048242,M,46-50,6,A,0,0,1,,6.0,12397
1001986,P0011542,M,26-35,8,C,4+,0,12,,,16835
1000793,P0053842,M,0-17,17,B,3,0,12,,18.0,12848
1004260,P0094542,F,51-55,17,B,0,0,11,7.0,7.0,8412
1000095,P0096842,F,51-55,9,B,0,1,11,3.0,,290
1001134,P0066742,M,55+,11,B,4+,0,16,4.0,18.0,19258
1004918,P0071642,M,36-45,17,C,4+,0,5,4.0,13.0,10751
1000238,P0023142,F,46-50,20,A,2,1,9,15.0,,13588
1002947,P0065942,M,26-35,8,C,4+,0,10,18.0,5.0,9961
1002531,P0034742,M,46-50,8,B,0,1,11,3.0,11.0,13555
1001961,P0037242,M,26-35,9,C,4+,0,3,,3.0,5743
1001049,P0072242,M,18-25,0,C,2,1,11,16.0,,5119
1002530,P0093742,M,26-35,10,B,1,1,8,12.0,,14720
1002965,P0094742,F,18-25,13,A,3,0,1,,8.0,9662
1000964,P0044842,F,18-25,9,C,0,1,17,7.0,,13360
1000537,P0058342,M,0-17,13,B,2,1,16,6.0,,16057
1004224,P0064942,M,55+,18,C,3,1,16,8.0,13.0,5219
1003680,P0045642,M,26-35,9,C,4+,1,3,12.0,,19844
1004188,P0085142,M,36-45,16,C,4+,1,15,9.0,15.0,327
1003725,P0041742,M,36-45,1,A,1,0,2,18.0,,215
1000543,P0073242,M,26-35,13,C,4+,0,11,,,6588
1000846,P0014742,M,55+,17,C,3,0,9,,17.0,14290
1003604,P0010942,M,0-17,1,A,2,0,5,18.0,15.0,11191
1003037,P0033242,M,36-45,19,C,1,1,3,14.0,10.0,10565
1002495,P0013542,M,46-50,18,C,3,0,8,14.0,13.0,18846
1004486,P0051242,M,36-45,7,A,2,0,6,5.0,12.0,18521
1002720,P0056142,M,0-17,5,B,3,0,7,7.0,5.0,4053
1001885,P0010342,M,18-25,19,C,4+,0,12,,16.0,13362
1004139,P0014342,M,18-25,6,B,3,1,7,7.0,17.0,16894
1004350,P0066742,M,18-25,12,B,1,1,9,11.0,,18754
1003202,P0065342,M,0-17,1,B,3,0,9,9.0,10.0,14066
1002711,P0035442,M,18-25,6,A,0,0,1,15.0,12.0,15412
1001954,P0083942,M,55+,0,A,4+,1,3,8.0,16.0,13816
1004738,P0021342,M,18-25,5,C,3,0,5,15.0,,9667
1003851,P0084842,F,0-17,15,B,2,0,11,,9.0,1583
1000690,P0049642,M,46-50,7,A,4+,0,4,7.0,8.0,13468
1001951,P0027342,M,36-45,12,A,2,0,12,9.0,16.0,1835
1000457,P0035442,M,0-17,17,B,1,0,1,8.0,6.0,15281
1002131,P0056542,M,0-17,13,A,0,0,1,8.0,,12467
1003977,P0037642,M,26-35,17,B,3,1,13,7.0,,16045
1004245,P0056342,M,18-25,3,A,4+,1,5,14.0,3.0,11554
1001180,P0094642,M,51-55,14,B,3,1,2,12.0,7.0,4167
1004286,P0060142,M,46-50,4,A,3,0,7,12.0,17.0,18470
1003566,P0054042,F,51-55,20,A,4+,1,16,18.0,,6728
1000883,P0016842,M,26-35,13,A,0,0,4,4.0,15.0,17653
1000400,P0060842,M,46-50,15,A,0,1,18,5.0,,7409
1000609,P0042542,M,18-25,14,B,1,1,11,12.0,13.0,19493
1001639,P0084142,M,51-55,10,C,4+,1,16,9.0,12.0,6907
1002149,P0016642,M,18-25,1,C,4+,1,10,5.0,7.0,677
1001383,P0040342,M,18-25,17,A,2,1,2,15.0,6.0,17531
1001404,P0058342,M,36-45,3,C,2,0,10,11.0,,11035
1000820,P0064742,M,46-50,14,A,2,1,3,6.0,7.0,3428
1003293,P0051642,M,46-50,11,C,0,0,12,7.0,13.0,17112
1000820,P0025842,M,26-35,2,A,1,0,2,16.0,16.0,19118
1000420,P0024842,M,0-17,3,C,1,1,8,8.0,9.0,5084
1004220,P0012642,M,18-25,20,C,3,0,18,6.0,,14827
1004518,P0068342,M,18-25,15,A,1,0,9,,13.0,14942
1003303,P0034742,M,51-55,5,C,2,1,11,3.0,12.0,385
1001509,P0020042,M,26-35,1,A,4+,0,3,4.0,7.0,11085
1000768,P0080142,M,46-50,8,C,3,1,8,16.0,8.0,19366
1002045,P0019542,F,36-45,11,B,0,1,5,10.0,10.0,19518
1002140,P0048342,M,46-50,11,B,1,1,15,17.0,11.0,3620
1003030,P0038142,F,36-45,13,B,4+,1,10,13.0,,8860
1001550,P0042142,M,36-45,16,A,2,1,14,2.0,,4826
1001765,P0049542,M,46-50,8,A,0,0,5,15.0,15.0,12761
1002646,P0037742,M,51-55,11,A,0,1,18,18.0,,18798
1003717,P0062842,M,18-25,9,B,1,1,12,13.0,9.0,5671
1004606,P0036242,M,36-45,10,C,4+,0,3,8.0,,1518
1004482,P0071842,M,51-55,1,A,2,0,8,2.0,,4302
1002294,P0067942,F,26-35,15,B,2,0,14,,,1740
1004838,P0073942,M,26-35,0,A,2,1,1,16.0,10.0,6821
1002709,P0039242,M,36-45,0,A,2,1,4,2.0,5.0,1561
1000901,P0039342,M,18-25,1,C,1,1,8,18.0,,2139
1003085,P0070742,M,36-45,11,A,1,0,13,3.0,,9836
1002010,P0049442,M,26-35,19,A,4+,1,16,16.0,6.0,8018
1000242,P0061242,M,55+,17,C,3,0,16,15.0,16.0,19308
1002386,P0090942,M,26-35,11,A,1,0,9,,18.0,17394
1004269,P0027942,M,46-50,0,A,2,1,8,5.0,14.0,672
1000672,P0079242,M,55+,10,C,4+,1,1,13.0,14.0,11103
1000164,P0033442,M,18-25,1,A,2,0,13,12.0,16.0,9221
1000465,P0093042,M,46-50,11,A,1,1,13,2.0,,1763
1003043,P0043642,F,55+,1,B,4+,1,4,14.0,,5170
1004593,P0010742,F,51-55,16,C,2,0,10,7.0,,8644
1004796,P0054242,M,55+,5,B,3,0,11,8.0,7.0,14073
1002443,P0063842,M,51-55,15,C,0,1,14,6.0,5.0,13591
1004799,P0091942,M,51-55,18,A,0,1,5,3.0,18.0,15969
1002356,P0075742,M,55+,5,B,2,0,13,5.0,,7437
1004279,P0019042,M,55+,6,B,0,1,15,6.0,11.0,625
1004725,P0095342,F,0-17,18,B,3,0,17,13.0,,736
1002558,P0037142,M,55+,19,B,3,0,16,4.0,,1741
1000546,P0093342,M,51-55,16,C,2,1,1,,15.0,8324
1004720,P0010442,M,36-45,5,A,3,1,12,6.0,,18009
1003836,P0069342,F,46-50,14,A,0,0,7,15.0,14.0,17894
1000594,P0099842,F,51-55,8,B,2,1,5,5.0,7.0,11284
1004840,P0031842,M,18-25,1,A,0,0,8,17.0,6.0,3595
1003805,P0021742,M,55+,4,A,3,0,4,3.0,10.0,9356
1001460,P0069242,M,51-55,20,C,3,0,14,16.0,,5272
1003494,P0068142,M,36-45,4,A,4+,1,6,9.0,12.0,667
1002602,P0021442,M,55+,11,A,1,0,4,11.0,,1192
1002445,P0036242,F,36-45,9,A,1,1,10,9.0,,1608
1002673,P0040542,M,36-45,3,A,2,0,10,10.0,18.0,14693
1004201,P0075342,M,36-45,11,B,0,0,13,2.0,,1117
1000017,P0052142,M,36-45,14,C,1,0,3,2.0,7.0,19861
1003192,P0030642,M,18-25,9,C,2,1,8,17.0,4.0,16608
1000393,P0072242,M,0-17,17,C,3,1,10,6.0,,11263
1000425,P0040242,M,26-35,4,A,1,1,2,14.0,,10957
1000572,P0021142,M,0-17,12,B,0,1,1,15.0,12.0,9691
1003632,P0051642,M,26-35,3,C,4+,1,10,15.0,3.0,4253
1001121,P0065442,F,46-50,8,B,4+,1,13,13.0,,8565
1000242,P0095842,M,55+,17,C,1,1,1,14.0,12.0,18671
1003898,P0038442,M,36-45,2,B,4+,1,2,13.0,17.0,5419
1004096,P0073942,M,46-50,10,A,2,1,10,,8.0,13062
1002280,P0028442,M,46-50,3,A,0,1,4,15.0,,17242
1000789,P0084042,F,55+,8,C,3,1,7,9.0,16.0,7313
1000715,P0032042,M,26-35,11,C,0,0,5,9.0,3.0,3315
1004855,P0096342,M,18-25,9,C,3,0,16,3.0,3.0,14328
1002850,P0054342,F,36-45,9,A,4+,1,7,,13.0,8858
1000776,P0021642,M,51-55,8,A,2,0,9,,7.0,10096
1004027,P0016942,M,55+,9,C,3,1,9,2.0,,18409
1002248,P0099742,M,55+,8,C,4+,0,11,,5.0,11722
1000079,P0016942,M,46-50,0,A,3,0,17,4.0,,3287
1003927,P0072142,M,0-17,15,C,1,1,11,6.0,11.0,5349
1000856,P0052642,M,36-45,13,C,0,0,9,15.0,,19931
1002149,P0074342,M,18-25,12,C,2,0,8,16.0,6.0,19367
1001032,P0066742,M,36-45,5,A,4+,1,5,12.0,,13239
1004941,P0054242,M,51-55,13,A,2,0,6,,,14617
1003272,P0070042,F,51-55,7,B,0,1,11,11.0,,10215
1003577,P0023642,F,46-50,17,B,3,1,2,7.0,9.0,11852
1004183,P0060342,M,0-17,19,B,3,0,3,2.0,10.0,16330
1003457,P0023042,M,46-50,0,B,2,1,2,,6.0,9489
1003507,P0031742,M,18-25,11,C,3,1,13,9.0,12.0,17028
1000408,P0078742,F,26-35,10,A,3,1,11,17.0,,3786
1002712,P0027042,F,51-55,12,A,3,0,11,17.0,3.0,12469
1003089,P0057442,F,0-17,3,B,1,0,13,2.0,,4150
1001669,P0071142,F,51-55,5,C,4+,0,13,18.0,3.0,19250
1000148,P0022842,M,18-25,12,A,4+,0,1,7.0,,6423
1004328,P0015642,M,18-25,12,A,0,0,13,18.0,,11996
1003898,P0028042,M,51-55,5,C,3,1,6,11.0,12.0,11077
1001951,P0034542,M,46-50,3,C,2,1,8,13.0,13.0,6295
1000366,P0024342,M,51-55,20,B,3,0,14,4.0,,5303
1001675,P0015042,M,46-50,2,B,0,0,6,9.0,,8929
1004532,P0046742,F,51-55,14,C,3,1,17,,,5603
1004495,P0055842,M,46-50,10,A,1,0,2,,16.0,3607
1002547,P0031742,F,26-35,1,C,0,1,16,,,3594
1000563,P0071542,M,36-45,16,C,4+,0,5,12.0,4.0,5193
1003563,P0099442,M,36-45,1,A,4+,0,6,18.0,5.0,16373
1002490,P0066642,M,46-50,20,A,1,1,2,11.0,,3694
1000773,P0035642,M,46-50,0,B,4+,0,5,,12.0,7853
1002038,P0095742,M,55+,4,C,1,1,10,,8.0,12449
1003424,P0025542,M,55+,19,B,4+,1,1,,13.0,2021
1002568,P0066442,F,26-35,16,C,4+,1,6,14.0,16.0,13830
1001574,P0054142,M,36-45,0,C,3,1,16,,11.0,14547
1003695,P0094042,M,26-35,6,A,0,1,10,,7.0,19569
1003292,P0079842,F,55+,2,C,4+,1,8,11.0,3.0,7290
1001247,P0097542,M,55+,15,C,0,0,7,8.0,,1316
1003720,P0076142,M,18-25,15,A,0,1,15,5.0,,8439
1003840,P0087542,M,51-55,11,A,4+,1,5,15.0,3.0,19100
1000360,P0086142,M,55+,8,A,0,0,4,2.0,11.0,12185
1002377,P0090942,M,36-45,13,C,1,1,10,17.0,,15377
1003010,P0082242,M,46-50,11,A,2,0,8,3.0,3.0,10347
1002994,P0012442,M,0-17,15,C,1,1,1,7.0,,13430
1000963,P0090542,M,55+,16,B,4+,1,13,11.0,9.0,1064
1003633,P0095242,M,18-25,11,A,1,1,7,3.0,,16400
1001828,P0076342,M,51-55,3,B,2,1,2,2.0,,3855
1001614,P0063542,F,0-17,16,B,1,0,9,11.0,,7530
1001641,P0086342,M,26-35,0,A,0,0,9,,10.0,13260
1002217,P0015942,M,51-55,20,A,4+,0,17,10.0,6.0,2168
1004313,P0056642,F,26-35,16,C,0,0,18,6.0,15.0,3452
1000378,P0053342,F,26-35,10,A,0,0,10,10.0,,10320
1004215,P0097842,F,46-50,18,B,4+,0,1,16.0,4.0,11493
1004286,P0016542,F,26-35,17,B,4+,0,11,2.0,7.0,6179
1000370,P0066442,M,55+,19,B,3,0,2,2.0,,13000
1002197,P0020542,M,0-17,1,C,2,0,5,11.0,,19382
1003748,P0019542,M,18-25,8,C,0,1,3,15.0,13.0,15908
1000652,P0078742,M,55+,8,A,0,0,13,14.0,15.0,11263
1000770,P0065042,M,46-50,11,A,4+,1,7,14.0,9.0,18379
1002422,P0026742,M,18-25,12,A,4+,0,11,5.0,,14897
1000781,P0014142,M,26-35,15,B,1,1,17,12.0,11.0,5698
1001717,P0097842,M,36-45,12,B,0,0,1,9.0,12.0,15610
1003984,P0020342,M,51-55,13,B,0,1,4,4.0,14.0,2449
1001312,P0094442,M,46-50,6,A,4+,0,1,4.0,8.0,7338
1003360,P0030342,M,26-35,1,A,0,0,9,14.0,7.0,15973
1000523,P0061942,M,46-50,11,B,2,0,18,,18.0,6335
1000522,P0038142,F,36-45,16,A,3,1,17,4.0,,4231
1004879,P0014242,F,0-17,4,C,4+,0,15,11.0,,13892
1002321,P0020942,M,55+,19,A,4+,1,10,6.0,17.0,1504
1000936,P0030942,F,0-17,9,B,0,1,12,7.0,18.0,10011
1002231,P0084842,M,51-55,17,A,3,1,16,6.0,17.0,10869
1004041,P0096742,M,0-17,2,C,3,0,12,12.0,,10761
1004584,P0093042,M,55+,12,B,4+,1,1,3.0,12.0,237
1004942,P0014842,M,55+,12,A,4+,1,13,16.0,6.0,893
1003698,P0021442,F,36-45,9,A,4+,1,4,14.0,13.0,12003
1002838,P0025442,M,18-25,1,A,2,1,12,9.0,,1438
1004084,P0074842,F,36-45,15,A,0,1,15,6.0,,16323
1002462,P0060242,M,36-45,3,C,2,1,9,12.0,17.0,5988
1003244,P0077842,F,26-35,18,A,4+,1,7,,4.0,13298
1003360,P0093242,F,0-17,4,A,3,1,6,16.0,,8261
1000686,P0081042,M,46-50,6,B,0,1,9,7.0,,10663
1002161,P0017042,M,55+,8,C,0,0,18,16.0,14.0,6462
1003989,P0061842,M,51-55,4,B,4+,1,8,12.0,7.0,6155
1004067,P0081142,F,18-25,7,C,4+,1,18,2.0,18.0,12650
1001568,P0043542,M,55+,1,A,4+,1,13,14.0,15.0,1287
1000039,P0016642,M,46-50,19,C,4+,1,7,6.0,4.0,8919
1002545,P0059242,M,26-35,19,B,4+,0,12,10.0,12.0,7488
1004876,P0074942,M,26-35,6,A,4+,0,5,11.0,,10143
1001257,P0085342,M,18-25,3,B,0,0,16,17.0,13.0,13887
1002991,P0031242,M,46-50,20,B,2,1,8,13.0,13.0,4888
1002197,P0028042,F,18-25,14,C,3,0,7,8.0,16.0,1366
1003469,P0086542,M,18-25,17,A,4+,0,1,15.0,10.0,3888
1002709,P0071242,M,0-17,1,B,3,1,2,5.0,4.0,15633
1000302,P0096242,M,46-50,13,B,0,1,9,18.0,18.0,15397
1000647,P0069842,M,0-17,9,C,3,1,15,6.0,15.0,11447
1004759,P0079642,F,55+,4,B,0,1,7,13.0,,15568
1001760,P0070242,M,0-17,11,A,1,0,7,6.0,14.0,18310
1004352,P0034742,M,55+,9,A,2,1,13,8.0,9.0,2237
1000598,P0031342,M,51-55,17,C,1,1,4,10.0,12.0,7692
1000662,P0045842,F,0-17,5,B,0,0,10,9.0,3.0,7062
1004331,P0034842,F,36-45,11,C,1,0,4,,6.0,1144
1001369,P0073742,M,26-35,0,C,0,1,12,6.0,,5760
1002582,P0098042,M,26-35,6,B,1,0,3,5.0,,1380
1003869,P0061542,M,36-45,11,A,0,1,8,12.0,12.0,6392
1003538,P0018742,M,55+,6,C,2,1,17,,,2258
1004866,P0076242,M,55+,8,A,2,1,6,12.0,18.0,8463
1004309,P0027542,F,18-25,19,A,2,1,13,,10.0,8959
1004559,P0082242,F,46-50,14,B,0,1,18,5.0,17.0,1479
1000283,P0052542,F,46-50,11,B,3,0,16,2.0,,10822
1003679,P0087042,M,46-50,12,A,1,0,11,8.0,,11792
1001487,P0070242,M,0-17,3,A,1,0,14,14.0,,7329
1004083,P0087042,M,46-50,9,A,1,0,1,13.0,,7674
1004184,P0080242,M,46-50,2,C,1,0,12,6.0,,9189
1000461,P0018042,M,55+,4,A,2,1,6,15.0,12.0,10130
1002326,P0023742,M,46-50,3,C,3,1,7,18.0,7.0,16806
1003755,P0053242,M,26-35,18,B,1,1,11,15.0,5.0,3227
1002469,P0056942,M,36-45,14,B,3,0,1,16.0,,6796
1001725,P0044942,M,51-55,6,A,0,0,3,8.0,,3513
1001377,P0022542,M,55+,2,B,0,0,13,12.0,,3191
1002744,P0098042,M,18-25,15,A,1,0,6,2.0,4.0,159
1000515,P0096742,M,36-45,14,C,4+,1,10,9.0,18.0,19335
1000703,P0040842,M,46-50,17,A,2,1,7,18.0,,4519
1001654,P0095442,M,18-25,2,B,1,0,11,17.0,13.0,1987
1002067,P0032942,F,18-25,13,A,2,0,15,,16.0,10034
1000023,P0055942,F,36-45,0,B,1,1,11,,15.0,17805
1002461,P0044442,M,36-45,6,C,2,0,18,,13.0,3073
1001305,P0040942,M,36-45,1,B,4+,1,1,5.0,10.0,11376
1003301,P0011942,M,55+,9,B,4+,0,14,4.0,,8873
1000362,P0098042,M,55+,15,B,0,0,12,,,898
1003728,P0066042,M,51-55,11,B,1,0,1,9.0,,11763
1001285,P0074642,M,36-45,17,B,4+,0,18,9.0,,6053
1000515,P0064042,M,51-55,5,B,4+,0,17,12.0,,2803
1000449,P0065942,M,0-17,16,A,1,0,14,11.0,4.0,14214
1001856,P0057642,F,26-35,7,C,1,1,12,6.0,17.0,17697
1004970,P0036842,M,51-55,20,A,0,1,1,18.0,14.0,16950
1003563,P0010242,M,26-35,8,C,4+,0,4,,7.0,13635
1002521,P0086942,F,46-50,18,A,2,0,5,16.0,9.0,12998
1003082,P0011542,F,0-17,1,C,1,1,5,2.0,6.0,15192
1001429,P0070542,M,18-25,6,C,1,1,2,4.0,14.0,16231
1003968,P0045742,F,36-45,10,A,1,1,11,8.0,9.0,1833
1000923,P0074542,M,46-50,12,A,1,0,3,13.0,8.0,6234
1003138,P0091242,M,18-25,9,C,4+,0,8,14.0,16.0,10391
1002160,P0093842,M,55+,14,B,2,1,2,3.0,8.0,5778
1002548,P0023242,M,26-35,20,C,0,0,4,,17.0,17898
1002980,P0041142,M,18-25,6,B,3,1,7,12.0,6.0,13258
1002282,P0058142,M,36-45,5,C,4+,0,7,10.0,,7249
1002650,P0099442,M,36-45,11,B,4+,1,8,5.0,10.0,17411
1000314,P0064342,M,51-55,2,A,3,0,14,,,11230
1002614,P0040442,M,51-55,15,A,3,1,4,10.0,,19815
1003084,P0036842,F,55+,19,B,1,1,14,4.0,,10036
1002257,P0051342,M,26-35,8,B,2,0,1,14.0,3.0,9481
1001038,P0012442,M,36-45,9,B,4+,1,5,9.0,,18869
1003490,P0041542,M,0-17,12,B,4+,1,11,18.0,15.0,10200
1002635,P0067042,M,46-50,7,A,0,1,15,12.0,6.0,8151
1003984,P0082442,M,26-35,5,C,3,1,14,4.0,,5271
1001779,P0076742,M,26-35,2,A,3,0,13,17.0,4.0,13828
1003896,P0092542,F,18-25,11,C,4+,1,7,8.0,,771
1001125,P0037542,M,26-35,8,A,3,0,18,10.0,18.0,14093
1000698,P0048842,M,55+,8,B,1,1,6,17.0,7.0,8450
1002180,P0082142,M,46-50,10,A,0,1,7,4.0,,3785
1001405,P0054342,M,0-17,5,A,4+,0,9,,7.0,510
1001044,P0052642,M,18-25,1,B,0,1,2,16.0,17.0,4673
1001930,P0015642,F,46-50,6,B,1,0,8,5.0,3.0,3914
1001014,P0079642,F,51-55,8,A,0,1,6,3.0,,13033
1000227,P0066542,M,26-35,18,A,3,1,9,12.0,4.0,11804
1001829,P0082042,M,55+,17,C,4+,1,7,9.0,,814
1004918,P0046742,F,36-45,11,C,0,1,5,2.0,,3049
1002024,P0044142,M,51-55,20,A,2,0,17,14.0,,2369
1004967,P0090442,M,36-45,10,C,4+,1,7,8.0,3.0,181
1002453,P0095142,F,46-50,9,B,0,1,16,8.0,,908
1002086,P0040342,M,0-17,2,A,4+,1,11,5.0,18.0,4583
1004284,P0086342,M,36-45,11,A,0,1,14,4.0,18.0,17987
1001081,P0047342,M,55+,3,C,0,0,3,4.0,16.0,12908
1002321,P0091542,M,46-50,9,A,3,1,8,,11.0,8358
1003191,P0021142,M,18-25,1,A,0,0,15,12.0,8.0,8337
1002631,P0097742,F,26-35,11,B,2,1,9,11.0,14.0,4670
1002564,P0010542,M,0-17,10,A,3,0,16,16.0,12.0,3864
1003293,P0080242,M,55+,13,C,2,1,18,8.0,,5403
1004622,P0094542,M,55+,14,B,2,0,8,18.0,9.0,9500
1003587,P0037842,M,0-17,13,C,1,1,7,5.0,,10800
1004432,P0048142,M,18-25,11,A,2,0,10,18.0,,8253
1002948,P0095142,F,0-17,1,C,0,0,12,3.0,,456
1003960,P0011242,M,46-50,1,C,4+,1,12,5.0,15.0,16796
1002814,P0040242,M,0-17,0,B,3,1,10,,7.0,4736
1002584,P0065542,M,0-17,19,A,3,1,2,4.0,,10811
1000162,P0071642,F,0-17,14,B,3,0,12,6.0,9.0,11720
1000594,P0025942,M,46-50,9,A,4+,0,6,2.0,17.0,7115
1003260,P0025342,M,51-55,19,B,2,1,1,13.0,14.0,16962
1004156,P0085342,M,26-35,0,A,1,0,9,8.0,7.0,5600
1002963,P0028042,M,36-45,0,B,0,1,16,14.0,,6305
1003889,P0062542,F,51-55,0,A,3,0,17,3.0,5.0,8952
1003391,P0027942,M,0-17,10,B,0,1,6,9.0,13.0,5526
1004502,P0047642,M,18-25,11,C,2,0,4,9.0,8.0,4564
1000664,P0090342,F,55+,14,B,1,1,9,12.0,16.0,12650
1001133,P0087542,F,18-25,13,C,3,0,8,7.0,,14958
1000542,P0026742,M,46-50,0,B,2,1,18,,,14202
1002975,P0031342,M,26-35,0,C,1,0,12,8.0,16.0,11315
1000868,P0024942,M,0-17,5,A,3,1,7,15.0,9.0,11605
1002067,P0011542,M,46-50,2,C,2,0,8,9.0,12.0,13878
1000432,P0019042,F,36-45,13,A,0,1,10,12.0,,6391
1004836,P0021942,F,26-35,5,C,4+,1,3,6.0,10.0,7197
1004279,P0035242,M,26-35,7,A,3,0,18,5.0,6.0,15578
1001207,P0015942,M,46-50,19,C,1,1,9,,9.0,18319
1002529,P0036542,M,51-55,14,B,1,0,5,12.0,6.0,18651
1001170,P0050842,M,55+,16,A,4+,1,13,11.0,9.0,2681
1000831,P0013042,F,18-25,8,A,4+,0,5,14.0,4.0,10091
1001652,P0012042,M,51-55,15,C,2,1,2,6.0,4.0,10442
1001137,P0083042,M,26-35,0,B,4+,0,7,18.0,,6122
1002811,P0069242,M,18-25,15,A,3,1,3,6.0,7.0,11648
1000476,P0038842,F,26-35,18,A,4+,1,9,12.0,,1040
1002811,P0064242,M,55+,8,B,3,0,3,4.0,,15212
1001327,P0059742,F,26-35,16,B,0,0,6,13.0,12.0,13407
1001020,P0084542,F,26-35,5,B,4+,1,10,11.0,14.0,15293
1001837,P0057342,M,36-45,13,A,0,1,3,7.0,10.0,12932
1004257,P0050442,M,18-25,17,C,1,0,9,8.0,5.0,384
1002449,P0064742,M,36-45,20,C,4+,0,12,2.0,18.0,9091
1004294,P0023142,M,18-25,13,A,1,0,12,2.0,,3868
1001284,P0042342,F,55+,6,A,0,1,16,14.0,,8564
1000660,P0095742,M,55+,9,A,1,0,11,16.0,5.0,7734
1002011,P0023142,M,36-45,15,A,0,0,12,12.0,18.0,5279
1000399,P0062042,M,36-45,6,B,2,0,17,3.0,18.0,17881
1001734,P0012942,M,36-45,19,A,0,1,4,,,14778
1002126,P0072642,M,55+,5,A,2,0,10,16.0,4.0,11717
1002172,P0040042,M,55+,5,A,1,0,17,6.0,,11764
1000075,P0010342,M,46-50,6,B,0,0,8,15.0,18.0,5481
1004698,P0042442,M,36-45,16,B,2,0,7,4.0,,14626
1003472,P0060842,M,51-55,7,B,0,1,18,17.0,7.0,8717
1000837,P0033642,M,51-55,1,A,3,1,8,11.0,4.0,14094
1000500,P0063442,M,26-35,18,B,3,0,2,10.0,,4860
1000138,P0011542,F,0-17,20,A,1,0,14,2.0,5.0,19478
1002098,P0063342,M,36-45,6,A,3,1,16,15.0,12.0,19622
1003697,P0068342,M,0-17,11,C,4+,1,10,18.0,,17051
1001886,P0091542,M,0-17,19,B,2,1,18,7.0,9.0,17522
1002758,P0054542,M,26-35,2,C,4+,1,5,2.0,14.0,6243
1003921,P0060242,M,0-17,3,C,3,1,16,17.0,18.0,11665
1001901,P0032942,F,55+,10,B,1,1,11,14.0,18.0,10861
1002611,P0020642,M,0-17,11,B,4+,0,6,17.0,17.0,17128
1003987,P0081942,M,55+,18,C,1,0,7,12.0,4.0,4617
1001450,P0048842,M,55+,18,A,0,0,11,11.0,,12559
1000547,P0081942,M,51-55,10,C,4+,0,18,6.0,,1935
1004677,P0036242,M,55+,12,B,0,1,18,3.0,5.0,892
1002004,P0066242,M,0-17,0,A,4+,0,8,11.0,,8717
1002097,P0016442,F,18-25,5,C,2,1,10,,15.0,3141
1000704,P0036442,M,36-45,15,C,1,1,17,3.0,3.0,11545
1002404,P0043742,M,36-45,1,C,0,1,9,,,15119
1001626,P0040042,F,0-17,13,B,3,0,13,,14.0,14745
1003332,P0047742,F,26-35,17,C,4+,1,8,14.0,6.0,1607
1004734,P0027442,F,18-25,16,B,0,0,17,,7.0,14691
1002979,P0025142,M,26-35,19,A,4+,1,16,13.0,,10080
1004737,P0057542,M,26-35,17,A,4+,0,16,10.0,,7791
1002840,P0036542,F,0-17,18,C,4+,1,8,13.0,7.0,19331
1003385,P0042842,M,46-50,14,B,0,0,10,,13.0,11065
1002660,P0091542,M,0-17,1,C,0,1,12,,10.0,1764
1001862,P0026242,M,51-55,3,A,4+,1,18,18.0,17.0,356
1002857,P0053742,M,46-50,0,B,3,0,9,5.0,7.0,2751
1000686,P0044242,F,55+,7,A,1,1,4,13.0,17.0,16964
1004284,P0046642,F,18-25,19,A,4+,0,5,10.0,,5821
1001620,P0056442,F,46-50,13,B,3,0,16,11.0,,1396
1004644,P0084942,M,0-17,10,B,1,1,1,10.0,7.0,7548
1001432,P0029842,M,0-17,13,B,4+,0,18,3.0,,17570
1000876,P0059942,F,26-35,15,C,1,0,18,18.0,14.0,8195
1004714,P0011542,F,0-17,9,C,4+,0,9,,5.0,18305
1002462,P0092042,M,55+,6,B,0,1,1,6.0,11.0,5425
1001366,P0039542,M,51-55,15,B,4+,1,3,14.0,9.0,14000
1001244,P0096742,F,0-17,3,C,4+,0,2,12.0,,16558
1004999,P0061042,M,36-45,11,B,4+,0,2,,8.0,14096
1000163,P0088742,M,36-45,11,A,4+,1,17,16.0,15.0,18604
1001975,P0033842,M,26-35,1,B,3,1,6,16.0,,11591
1003292,P0068042,M,46-50,5,C,2,0,5,,4.0,3193
1000270,P0040042,M,46-50,19,B,3,1,11,15.0,6.0,4007
1000632,P0010542,M,36-45,14,B,3,0,9,11.0,,15689
1000906,P0031942,M,51-55,14,A,0,0,4,3.0,11.0,17238
1003472,P0086542,M,18-25,15,B,4+,1,7,,,15642
1003254,P0055242,M,55+,2,C,3,0,13,13.0,,15370
1002015,P0053242,M,55+,0,C,1,0,16,15.0,,5902
1001642,P0090642,M,55+,20,A,4+,1,17,12.0,17.0,11525
1000205,P0096942,M,51-55,11,A,0,1,2,9.0,15.0,16942
1000582,P0048542,M,36-45,14,C,0,1,5,12.0,12.0,7586
1000841,P0071842,M,55+,18,B,1,0,18,2.0,6.0,4570
1001720,P0039442,M,51-55,5,C,0,1,13,17.0,,7627
1002644,P0021742,M,18-25,18,A,4+,0,18,5.0,,406
1002298,P0050442,M,46-50,16,C,2,0,11,8.0,7.0,15158
1000875,P0077942,M,36-45,8,A,2,0,14,3.0,,15939
1000690,P0086242,M,0-17,20,C,3,0,12,18.0,,804
1004001,P0069342,M,55+,12,B,0,1,4,5.0,,14002
1003142,P0066542,F,18-25,14,B,4+,1,7,9.0,5.0,12819
1001423,P0085142,F,18-25,15,A,1,0,13,10.0,3.0,11040
1000672,P0097742,M,18-25,12,B,1,0,11,8.0,,8344
1001172,P0011142,M,46-50,1,A,4+,1,7,,8.0,16788
1003727,P0030842,F,51-55,1,B,4+,0,15,17.0,,5343
1000944,P0026442,M,26-35,10,C,1,0,17,16.0,,12555
1001450,P0097742,M,55+,15,B,0,0,1,6.0,12.0,15401
1003738,P0039342,M,0-17,16,C,3,0,12,5.0,15.0,7717
1002540,P0061842,M,55+,2,A,3,0,5,6.0,15.0,7136
1003960,P0017742,F,36-45,0,B,3,1,10,9.0,12.0,2811
1004992,P0053342,M,51-55,17,B,4+,1,11,11.0,7.0,10411
1004261,P0067642,M,18-25,13,C,1,1,16,7.0,,14564
1002362,P0071342,F,55+,8,A,1,1,18,11.0,,18192
1003653,P0096842,M,46-50,8,B,1,0,9,5.0,6.0,7164
1003671,P0091142,M,18-25,11,A,1,1,9,7.0,3.0,14732
1001754,P0089842,M,51-55,2,A,1,0,14,7.0,11.0,2966
1002353,P0078242,M,36-45,1,B,2,0,6,16.0,16.0,14016
1001939,P0017642,F,0-17,0,C,4+,1,12,11.0,,4355
1000371,P0014742,F,18-25,8,A,4+,1,11,14.0,6.0,789
1004949,P0086642,F,55+,12,A,2,0,4,15.0,14.0,218
1004480,P0018142,M,55+,20,B,3,1,6,3.0,7.0,2955
1001932,P0099442,M,46-50,15,A,0,0,18,17.0,4.0,195
1000425,P0082042,F,46-50,18,B,4+,0,6,7.0,18.0,16260
1004725,P0030842,M,26-35,9,A,4+,0,1,12.0,5.0,2650
1000895,P0054442,F,46-50,4,C,2,1,10,8.0,,19381
1000598,P0069542,M,26-35,13,C,4+,0,12,17.0,16.0,18617
1003063,P0062142,F,0-17,14,C,4+,1,7,6.0,8.0,1356
1002337,P0012842,M,36-45,2,C,3,1,11,,,1018
1004689,P0040342,M,26-35,8,B,2,1,1,10.0,,3276
1001688,P0056442,M,18-25,0,B,4+,0,16,16.0,18.0,11848
1000573,P0060142,M,51-55,0,B,1,0,4,14.0,8.0,18512
1002091,P0054542,M,55+,18,B,2,0,6,16.0,,18617
1003670,P0072742,M,18-25,5,B,3,1,10,13.0,16.0,5027
1004273,P0058942,M,55+,10,C,0,0,7,9.0,16.0,16276
1004625,P0088042,M,36-45,17,A,4+,0,12,5.0,5.0,2345
1001634,P0052742,M,46-50,13,A,1,1,10,12.0,6.0,369
1001518,P0065842,F,51-55,15,C,1,0,2,3.0,3.0,767
1004294,P0045842,M,18-25,0,C,0,0,9,3.0,9.0,514
1002658,P0019042,M,51-55,9,B,2,1,1,14.0,15.0,1808
1003649,P0015242,M,26-35,9,B,3,0,10,11.0,11.0,7382
1004949,P0082942,M,36-45,12,A,4+,0,1,12.0,,11878
1003589,P0095942,F,18-25,0,A,4+,0,2,8.0,13.0,6324
1001538,P0068842,F,46-50,2,B,4+,0,5,17.0,5.0,16022
1003138,P0030342,F,51-55,13,B,1,0,17,6.0,,10827
1000098,P0065542,M,46-50,20,C,2,1,13,13.0,7.0,18258
1003216,P0025542,M,51-55,15,B,0,0,6,,10.0,1812
1004531,P0010142,M,18-25,19,C,2,0,10,18.0,15.0,17255
1004733,P0045642,M,36-45,5,B,3,0,2,2.0,16.0,19755
1003751,P0092442,M,0-17,0,A,3,0,5,7.0,10.0,8686
1003158,P0066842,M,18-25,19,C,0,0,2,16.0,14.0,16516
1004684,P0090142,M,46-50,4,A,1,0,1,16.0,4.0,8653
1000344,P0015742,F,0-17,7,C,0,1,8,11.0,7.0,271
1004667,P0035342,F,36-45,11,C,3,1,15,6.0,17.0,4995
1000611,P0027942,M,46-50,0,A,1,1,6,7.0,3.0,12822
1001728,P0059242,M,36-45,12,A,2,0,4,18.0,7.0,11064
1002291,P0076842,F,51-55,8,B,3,0,12,5.0,18.0,7023
1001855,P0013442,M,18-25,19,C,1,0,16,,8.0,15782
1002609,P0017442,F,36-45,7,B,1,1,2,12.0,,12627
1002080,P0038842,M,46-50,12,C,4+,1,8,7.0,12.0,6702
1002325,P0047042,F,18-25,1,B,2,1,6,9.0,,1034
1004628,P0068642,M,55+,14,A,1,1,3,7.0,,11505
1001178,P0042842,M,46-50,13,A,0,1,1,9.0,14.0,16717
1001092,P0068942,M,46-50,18,B,2,0,8,4.0,,17072
1004980,P0086642,M,55+,8,A,2,1,12,18.0,,1907
1002792,P0087642,F,55+,18,B,3,1,7,,9.0,9151
1001750,P0040342,M,0-17,13,C,2,1,17,15.0,,15018
1002676,P0067842,M,26-35,7,C,2,1,13,18.0,,10613
1000782,P0032042,M,36-45,4,A,4+,1,18,6.0,4.0,7826
1003049,P0026342,F,36-45,6,A,2,0,16,3.0,14.0,10902
1002106,P0057942,F,0-17,3,A,1,0,8,14.0,5.0,3787
1003868,P0055442,M,51-55,7,C,0,1,12,18.0,,12247
1004977,P0047442,M,36-45,3,B,4+,0,6,18.0,8.0,19305
1004543,P0031942,M,55+,20,A,4+,1,2,12.0,12.0,13969
1002114,P0078342,M,0-17,0,B,4+,0,7,14.0,,4484
1003971,P0035342,M,36-45,7,A,4+,1,4,9.0,17.0,1818
1001992,P0082142,M,36-45,6,A,3,1,16,18.0,,15148
1001068,P0028742,F,46-50,10,A,4+,1,17,15.0,14.0,3332
1001578,P0029042,M,0-17,20,B,3,0,3,5.0,,9000
1001012,P0048842,M,55+,15,B,3,1,3,7.0,,13050
1002275,P0031442,M,51-55,16,B,2,0,14,5.0,3.0,4488
1004870,P0047442,M,36-45,4,C,0,1,14,12.0,13.0,16947
1001815,P0018542,M,51-55,6,C,2,1,7,6.0,,6014
1002427,P0057342,M,26-35,9,C,3,0,1,5.0,,8679
1004403,P0071742,M,0-17,12,B,2,1,15,5.0,8.0,5021
1004875,P0094342,F,0-17,19,C,1,0,14,7.0,,14263
1002552,P0090742,M,0-17,14,A,4+,1,4,18.0,8.0,17430
1003658,P0063042,M,55+,5,B,4+,0,4,,,8526
1000008,P0014642,F,55+,1,A,3,0,11,,5.0,16168
1002556,P0016442,M,46-50,3,A,2,1,1,2.0,,1507
1000476,P0057442,M,0-17,20,B,1,1,11,13.0,5.0,11955
1002212,P0024542,M,46-50,13,A,1,1,12,7.0,8.0,10245
1000485,P0089742,F,55+,14,B,1,1,15,,17.0,6705
1004655,P0048142,F,26-35,13,C,3,0,15,,7.0,7614
1002286,P0016542,M,18-25,3,B,2,0,4,,12.0,5413
1004564,P0061642,M,46-50,5,B,1,0,6,2.0,7.0,2304
1003526,P0019242,M,36-45,6,A,1,0,2,5.0,16.0,12479
1003340,P0096442,F,0-17,12,A,2,0,9,13.0,18.0,1861
1002823,P0052542,M,18-25,16,A,2,1,8,5.0,8.0,870
1004944,P0056742,F,46-50,16,A,4+,1,8,,10.0,19617
1002925,P0019342,M,51-55,3,A,0,0,10,15.0,,2004
1000259,P0071742,M,55+,18,A,0,1,17,5.0,5.0,8595
1000283,P0023242,M,51-55,19,A,1,0,1,18.0,14.0,8253
1001899,P0053342,M,36-45,12,A,2,0,15,11.0,10.0,13188
1004136,P0044042,M,18-25,8,A,4+,1,11,16.0,13.0,13404
1002977,P0041342,F,26-35,1,B,3,0,7,4.0,,18646
1002268,P0069042,M,46-50,19,A,0,1,16,12.0,,16880
1003201,P0031142,M,51-55,17,A,0,1,3,17.0,7.0,19837
1000613,P0061942,M,51-55,19,B,2,0,12,8.0,4.0,11798
1000688,P0025842,F,46-50,16,C,3,0,16,5.0,7.0,16146
1003691,P0036742,F,51-55,6,C,0,0,2,14.0,,15695
1000613,P0076042,M,26-35,16,B,4+,1,8,14.0,,12626
1002308,P0096142,M,51-55,9,C,0,0,11,6.0,10.0,12364
1003014,P0070242,M,46-50,13,A,2,0,11,3.0,11.0,17443
1001782,P0084742,M,0-17,11,A,2,1,2,5.0,,11980
1002592,P0057342,M,51-55,11,A,3,1,5,7.0,11.0,3985
1002697,P0090042,M,46-50,16,C,0,1,5,2.0,,13701
1003959,P0050942,M,0-17,18,B,3,1,10,,,7970
1000575,P0057342,M,51-55,13,A,0,1,2,6.0,11.0,18238
1001911,P0045542,M,51-55,16,B,1,1,15,16.0,,11324
1003605,P0077942,M,46-50,14,B,0,0,18,10.0,,19776
1000670,P0029242,M,36-45,20,A,2,1,12,12.0,,5338
1004365,P0079842,M,36-45,5,B,2,1,10,12.0,,14587
1001284,P0037042,M,18-25,18,B,1,0,7,17.0,13.0,11615
1000924,P0021342,F,36-45,19,A,0,1,15,17.0,4.0,9103
1001126,P0099642,M,26-35,5,B,0,0,15,4.0,,1829
1001530,P0062242,M,18-25,5,C,2,0,12,8.0,,17312
1001595,P0015442,M,36-45,3,A,1,0,15,13.0,,4619
1000247,P0086942,F,0-17,0,A,2,0,3,8.0,14.0,14694
1003712,P0016442,M,55+,18,A,1,1,16,4.0,7.0,14714
1001561,P0078342,F,46-50,10,A,2,1,7,10.0,7.0,18875
1002401,P0037142,M,36-45,6,A,4+,1,17,6.0,14.0,5921
1002244,P0060142,M,0-17,1,A,0,1,4,4.0,,8760
1003865,P0076142,M,55+,3,A,3,1,15,8.0,14.0,12636
1001940,P0046142,M,18-25,5,C,4+,0,9,7.0,12.0,9726
1003070,P0024542,M,46-50,4,B,2,1,17,3.0,,2529
1000227,P0030842,M,36-45,20,C,1,1,1,13.0,,16782
1003548,P0038542,F,18-25,8,B,3,1,2,8.0,13.0,10671
1000265,P0010942,M,36-45,10,A,1,1,7,5.0,,13628
1001396,P0083842,M,18-25,17,C,1,0,14,18.0,,9625
1003558,P0028542,M,36-45,19,A,0,0,5,2.0,12.0,17244
1000646,P0067342,M,55+,16,B,2,0,4,11.0,14.0,14730
1002991,P0069642,M,0-17,12,C,0,0,13,10.0,,17677
1001900,P0056342,M,26-35,16,C,1,0,10,15.0,18.0,129
1002505,P0023342,M,55+,9,B,0,0,13,9.0,7.0,7239
1002773,P0093442,M,0-17,17,B,4+,0,12,12.0,15.0,1684
1001155,P0090842,M,46-50,16,C,1,1,18,,9.0,4812
1000588,P0027042,M,36-45,11,C,1,1,11,5.0,,953
1004572,P0031242,M,26-35,14,C,4+,1,18,4.0,15.0,14789
1001822,P0062942,F,55+,18,B,1,0,12,16.0,,9734
1000986,P0092542,F,26-35,14,A,3,1,1,16.0,4.0,2231
1004080,P0060142,M,46-50,12,C,3,1,16,,12.0,18006
1003349,P0067142,M,46-50,6,B,2,0,14,,6.0,10893
1003832,P0069942,F,26-35,10,C,2,1,1,9.0,12.0,17344
1001242,P0012642,M,46-50,7,B,0,1,7,9.0,,9919
1000190,P0016742,M,46-50,19,C,0,0,5,,,9899
1000981,P0088942,M,36-45,15,B,4+,0,17,,,18373
1001699,P0050742,F,0-17,10,B,4+,0,10,9.0,5.0,4434
1001716,P0065142,M,51-55,4,C,1,1,4,3.0,10.0,3836
1002594,P0020842,M,18-25,6,B,2,0,14,13.0,,16686
1004137,P0017342,M,26-35,15,B,2,1,6,7.0,8.0,5475
1004434,P0067742,F,18-25,15,B,2,1,12,,4.0,1659
1001099,P0077942,M,26-35,19,B,2,1,12,18.0,,10791
1002327,P0036142,F,26-35,16,B,0,1,1,,11.0,3974
1003248,P0046742,F,0-17,18,B,3,1,12,3.0,13.0,14629
1000896,P0088542,M,55+,14,B,4+,1,6,,9.0,17729
1001675,P0094842,M,55+,14,B,4+,0,4,13.0,11.0,17705
1002910,P0096942,M,26-35,19,C,2,1,17,6.0,,6868
1000931,P0033642,F,26-35,20,B,2,1,10,8.0,7.0,11114
1004385,P0082642,M,0-17,14,A,0,1,11,11.0,15.0,17328
1000724,P0046542,F,46-50,2,C,0,0,1,14.0,18.0,6030
1002941,P0038542,M,55+,11,C,4+,1,5,6.0,8.0,1847
1001090,P0047742,M,51-55,5,A,2,0,14,6.0,,5096
1004579,P0076042,M,18-25,19,B,2,0,13,,,10078
1000936,P0092942,M,26-35,4,A,4+,0,2,18.0,,1531
1002296,P0047542,F,0-17,10,A,0,1,14,17.0,14.0,10885
1000156,P0071842,M,26-35,11,A,4+,1,6,17.0,12.0,6754
1001071,P0075242,M,55+,6,C,0,0,6,17.0,12.0,18301
1001959,P0017542,M,0-17,8,B,0,0,1,,12.0,437
1002502,P0010842,M,18-25,17,C,0,0,11,18.0,3.0,5127
1004220,P0029542,M,36-45,13,B,2,0,4,9.0,8.0,12375
1003831,P0090642,M,55+,3,A,4+,1,6,11.0,6.0,11672
1000855,P0089142,F,46-50,7,C,0,0,2,14.0,,19138
1000640,P0099242,M,36-45,15,B,3,1,5,11.0,4.0,2807
1002239,P0072942,M,0-17,3,B,0,0,15,7.0,12.0,8795
1001603,P0038942,M,26-35,18,A,0,0,8,,8.0,13341
1000442,P0016042,M,46-50,5,C,0,1,17,18.0,,15962
1004629,P0048842,M,55+,18,C,1,0,10,9.0,11.0,11550
1001337,P0094642,F,18-25,14,C,3,0,9,4.0,3.0,9921
1003701,P0091742,M,55+,11,C,2,1,2,2.0,,18645
1000949,P0066242,M,51-55,11,C,4+,1,11,3.0,18.0,12187
1003374,P0066342,M,46-50,1,C,4+,1,2,5.0,3.0,15224
1000460,P0073342,M,26-35,8,C,4+,0,16,15.0,,3171
1004647,P0077842,F,36-45,2,A,2,1,4,6.0,8.0,6952
1000393,P0010742,M,0-17,0,B,0,1,17,14.0,,4689
1003939,P0046842,M,36-45,13,A,3,1,9,8.0,14.0,2470
1001788,P0014442,M,55+,12,B,4+,0,12,,8.0,515
1004941,P0044342,F,46-50,4,B,1,1,5,11.0,3.0,16319
1002258,P0085642,F,51-55,6,B,1,0,3,15.0,4.0,12391
1001139,P0089542,M,26-35,13,C,3,1,6,11.0,4.0,4682
1003809,P0047442,M,0-17,15,C,4+,0,7,,3.0,7677
1004742,P0071842,F,26-35,17,B,0,0,4,15.0,16.0,4829
1002455,P0012642,M,26-35,13,B,4+,1,14,14.0,,19885
1001467,P0029242,M,51-55,0,C,0,0,14,13.0,11.0,1839
1003675,P0094842,M,46-50,5,C,4+,1,2,,11.0,19744
1001378,P0045642,F,36-45,20,B,1,0,15,15.0,5.0,11416
1002598,P0016142,M,26-35,9,B,2,0,12,17.0,3.0,19473
1000142,P0016142,M,55+,5,A,3,0,14,3.0,,2667
1002660,P0052142,F,55+,1,C,0,0,10,18.0,14.0,13569
1004597,P0089342,M,26-35,6,C,2,0,3,13.0,,12889
1000840,P0073242,F,26-35,16,B,0,0,2,8.0,,4597
1003619,P0089142,M,0-17,13,A,3,1,2,13.0,5.0,9116
1003918,P0065042,F,26-35,6,C,2,1,11,14.0,9.0,10803
1000596,P0047942,M,55+,20,A,2,1,12,7.0,15.0,2173
1001905,P0037642,M,26-35,8,A,3,0,15,10.0,10.0,8440
1000281,P0070542,M,46-50,18,C,3,0,12,16.0,4.0,6291
1000424,P0053042,M,55+,20,B,0,1,11,6.0,,15309
1004366,P0021442,M,26-35,10,A,2,0,14,18.0,9.0,14478
1004250,P0078742,M,51-55,2,B,3,1,5,3.0,4.0,16101
1001751,P0022042,M,51-55,3,C,0,1,17,13.0,13.0,19960
1004758,P0062442,M,55+,4,A,4+,1,15,9.0,,4769
1001968,P0099842,M,26-35,3,B,3,0,17,3.0,7.0,4199
1004089,P0051542,M,51-55,12,A,2,1,12,17.0,13.0,9364
1004179,P0026242,M,46-50,8,A,4+,0,8,12.0,7.0,13662
1002947,P0088642,F,0-17,13,A,3,1,15,16.0,,12463
1001450,P0078742,M,51-55,15,C,1,0,2,9.0,16.0,16482
1002332,P0043642,M,55+,5,B,2,0,17,,17.0,13579
1002221,P0047842,F,51-55,9,A,2,1,10,3.0,,14354
1003790,P0042342,M,36-45,20,B,0,0,18,6.0,,5904
1002811,P0027242,M,46-50,12,C,1,0,12,17.0,5.0,16972
1004729,P0088642,M,51-55,2,A,3,1,1,,,18911
1001532,P0016342,M,0-17,10,A,1,1,4,18.0,14.0,19639
1004883,P0020042,M,36-45,2,A,3,1,5,6.0,,7563
1002991,P0042142,M,55+,6,B,0,0,3,8.0,,2221
1004494,P0016542,F,55+,9,B,4+,1,1,17.0,11.0,12184
1001144,P0094242,M,26-35,0,A,1,0,7,,,5246
1000934,P0065642,M,46-50,3,B,2,1,12,7.0,18.0,9028
1001461,P0069842,F,51-55,7,B,3,1,6,9.0,9.0,18315
1002724,P0055742,M,26-35,19,A,1,1,17,2.0,,308
1002513,P0067842,F,46-50,16,A,3,1,11,12.0,4.0,5646
1000286,P0055242,M,55+,4,A,1,0,8,3.0,17.0,17614
1000265,P0035842,M,36-45,16,C,2,0,11,3.0,3.0,16926
1002368,P0081642,M,51-55,8,A,3,0,13,17.0,5.0,2655
1003448,P0052542,M,55+,7,A,3,1,9,8.0,5.0,5757
1004917,P0027742,M,0-17,6,A,4+,0,5,,,4521
1001763,P0037942,M,46-50,4,A,0,0,10,16.0,16.0,1823
1003049,P0044342,M,55+,3,A,1,0,13,7.0,9.0,9565
1002382,P0011642,M,55+,2,A,2,0,5,15.0,12.0,11979
1002270,P0039542,M,0-17,7,A,4+,0,3,,,7907
1000041,P0030142,M,26-35,4,A,4+,1,17,10.0,17.0,5269
1000068,P0078342,M,55+,4,C,0,0,10,13.0,3.0,12355
1000988,P0087342,M,26-35,16,B,2,0,17,6.0,,9773
1004009,P0029342,M,36-45,14,C,1,1,6,10.0,16.0,13130
1003199,P0024842,M,36-45,7,C,3,0,14,13.0,7.0,5937
1004791,P0047442,M,18-25,6,A,0,1,9,14.0,,10308
1002525,P0098742,M,18-25,16,A,3,0,5,16.0,16.0,9219
1001086,P0013442,M,36-45,11,A,4+,0,8,,7.0,5044
1002480,P0046842,F,51-55,3,A,3,0,16,18.0,,19592
1001694,P0012842,M,26-35,19,B,1,1,7,,,13156
1002316,P0087442,M,0-17,17,B,1,0,2,13.0,,12004
1000779,P0032042,F,55+,3,C,3,1,9,4.0,9.0,10394
1004590,P0015242,F,55+,9,B,3,1,10,14.0,16.0,11003
1001586,P0089042,F,36-45,2,C,0,0,4,10.0,11.0,8010
1001493,P0045242,M,51-55,4,A,1,0,13,2.0,10.0,3438
1000661,P0049142,M,0-17,11,C,3,0,2,5.0,15.0,16188
1001349,P0017542,F,18-25,4,C,2,1,6,17.0,,9085
1001300,P0059342,F,0-17,4,B,0,0,16,14.0,18.0,10239
1003941,P0078742,M,36-45,3,C,0,1,15,,5.0,15925
1001987,P0062142,M,26-35,5,A,0,1,14,,,15213
1002045,P0021642,F,36-45,9,A,0,0,13,13.0,,13464
1003517,P0037942,M,55+,5,A,3,1,17,5.0,17.0,8979
1001059,P0082942,M,55+,0,A,4+,1,18,8.0,6.0,1149
1000977,P0027442,M,46-50,15,B,2,0,1,6.0,6.0,6626
1004578,P0084542,M,51-55,10,C,4+,0,4,11.0,10.0,17077
1000728,P0086342,M,51-55,5,C,4+,1,16,18.0,,16197
1002528,P0039442,M,51-55,19,C,3,0,18,18.0,6.0,12984
1003137,P0055042,F,46-50,17,C,0,1,10,5.0,,15756
1000343,P0093342,M,46-50,5,A,0,1,8,12.0,,3980
1001448,P0061742,M,26-35,16,B,3,1,6,15.0,5.0,2269
1002380,P0012042,F,51-55,11,C,3,1,17,9.0,,19463
1003660,P0017242,M,36-45,16,C,1,1,5,,14.0,3508
1000527,P0094142,M,46-50,20,B,0,0,4,9.0,15.0,17580
1001897,P0013542,M,36-45,17,C,2,0,4,11.0,3.0,14990
1004755,P0060642,M,18-25,9,B,1,1,9,13.0,,2620
1002074,P0099842,M,51-55,19,C,4+,0,13,10.0,18.0,13838
1004916,P0033242,M,46-50,11,B,0,0,7,,18.0,2136
1000406,P0082742,F,46-50,3,C,3,0,18,17.0,12.0,19833
1001574,P0059642,M,26-35,9,A,3,0,18,18.0,,2644
1004601,P0030542,M,36-45,4,C,3,1,17,17.0,,7541
1003741,P0052542,M,26-35,3,A,0,1,8,13.0,15.0,8868
1004275,P0014342,M,26-35,15,B,2,0,11,2.0,16.0,2378
1004228,P0019042,M,36-45,4,A,3,1,6,17.0,8.0,12182
1001847,P0092742,M,18-25,18,C,0,1,8,14.0,11.0,17747
1001479,P0056942,F,36-45,5,A,4+,1,8,3.0,14.0,7058
1002396,P0070442,M,18-25,20,A,1,1,15,4.0,,7026
1000772,P0056642,M,26-35,6,C,0,1,6,11.0,,8913
1000579,P0095042,M,18-25,9,B,0,0,4,,6.0,10996
1002902,P0055342,M,51-55,6,A,3,1,7,13.0,16.0,13236
1000194,P0069442,M,18-25,13,C,1,1,2,,18.0,13886
1002008,P0043242,F,18-25,9,A,1,1,2,18.0,,712
1001186,P0060642,M,46-50,19,B,3,0,14,14.0,,7923
1002395,P0089342,M,46-50,10,B,2,0,9,8.0,,19364
1002999,P0056942,F,55+,13,B,0,1,7,,7.0,9202
1001793,P0012042,M,26-35,11,A,3,1,5,15.0,,16899
1001111,P0032742,F,36-45,3,C,2,0,12,13.0,17.0,11144
1004006,P0047542,M,18-25,12,B,3,1,18,12.0,,8371
1002262,P0022942,M,51-55,2,C,4+,0,16,6.0,,5097
1003737,P0078642,M,46-50,12,B,2,1,12,2.0,16.0,10971
1003794,P0071942,M,36-45,19,A,2,1,6,16.0,,5327
1001937,P0051342,M,51-55,18,A,1,1,1,,3.0,1134
1004876,P0089442,M,18-25,14,B,0,1,12,5.0,,1838
1004358,P0017042,M,36-45,18,C,3,0,11,,,3630
1000730,P0050342,M,55+,19,C,3,1,11,3.0,,2221
1004379,P0066142,F,51-55,3,B,0,0,9,13.0,,17794
1003452,P0070642,M,0-17,5,A,0,0,2,4.0,7.0,2138
1004458,P0089042,M,51-55,14,C,1,0,8,,,6259
1004537,P0049642,M,51-55,3,C,0,0,1,4.0,13.0,3728
1002141,P0043642,M,18-25,5,A,4+,0,1,7.0,14.0,7245
1001645,P0074342,M,36-45,1,C,1,1,12,18.0,3.0,1134
1002801,P0060442,M,18-25,3,B,2,0,4,15.0,11.0,3311
1004963,P0037542,F,18-25,17,A,0,0,1,9.0,9.0,8685
1000142,P0099142,M,0-17,14,B,2,1,12,18.0,14.0,12390
1001456,P0011242,M,55+,11,A,1,0,14,14.0,9.0,439
1004797,P0010242,F,51-55,7,B,4+,0,1,7.0,14.0,14269
1002097,P0032342,F,36-45,11,B,4+,1,12,16.0,6.0,865
1001326,P0027442,M,55+,8,B,0,0,5,8.0,,6610
1004977,P0099842,M,26-35,6,C,4+,0,2,18.0,,9752
1001214,P0048442,M,46-50,7,C,3,1,4,17.0,,7003
1001160,P0070142,M,55+,19,B,1,0,11,8.0,3.0,18637
1004651,P0034042,F,18-25,9,B,4+,0,18,4.0,,18089
1004500,P0064642,M,18-25,10,A,1,1,18,18.0,5.0,12969
1004988,P0011342,M,18-25,1,C,1,1,15,9.0,,18265
1004698,P0029442,M,18-25,3,B,3,0,15,8.0,,15230
1000341,P0049642,M,46-50,20,C,0,1,9,2.0,6.0,3001
1003829,P0053042,M,26-35,20,A,1,0,8,16.0,,13556
1001969,P0040542,M,0-17,8,B,3,0,10,7.0,13.0,13888
1000704,P0043342,M,26-35,7,C,4+,1,8,10.0,11.0,6565
1004414,P0082442,M,46-50,4,A,2,0,11,,,9467
1002430,P0050942,M,36-45,13,B,0,1,12,4.0,,12677
1001801,P0010242,M,0-17,1,C,2,1,7,2.0,,14591
1004913,P0079042,M,0-17,20,A,3,1,1,13.0,18.0,2518
1004649,P0065142,M,36-45,16,A,1,1,3,15.0,10.0,9399
1000856,P0055142,F,51-55,7,C,3,1,13,12.0,9.0,5309
1001813,P0077542,M,18-25,1,B,0,0,4,8.0,8.0,2124
1002867,P0091842,M,46-50,14,C,0,0,10,9.0,6.0,4883
1003643,P0084642,M,36-45,1,A,4+,0,6,4.0,12.0,8801
1000183,P0086842,M,26-35,10,A,3,1,4,8.0,,15751
1003113,P0097142,M,26-35,13,B,0,1,8,17.0,,10591
1004493,P0059442,M,51-55,20,C,3,1,14,11.0,,13657
1001518,P0051642,M,36-45,9,B,4+,1,18,,6.0,11533
1001357,P0049042,M,46-50,6,B,4+,1,8,5.0,,7632
1002175,P0047242,M,51-55,13,A,3,0,5,10.0,9.0,5935
1003630,P0072742,M,51-55,12,C,0,1,14,16.0,,10517
1003629,P0015142,F,51-55,20,C,1,1,15,7.0,8.0,15750
1004097,P0047542,M,0-17,1,A,1,1,17,7.0,7.0,17644
1003240,P0049442,M,0-17,9,A,4+,0,4,4.0,18.0,5451
1003692,P0024142,M,18-25,0,C,0,0,13,,,575
1000019,P0018542,M,46-50,0,B,4+,0,15,5.0,7.0,8882
1003404,P0056342,M,26-35,2,B,4+,1,9,,15.0,15089
1004680,P0014542,M,26-35,10,C,4+,1,17,10.0,,5264
1004552,P0094342,F,18-25,18,B,4+,1,3,,,18572
1003005,P0033742,M,26-35,8,B,3,0,9,2.0,,2862
1001133,P0010942,M,51-55,12,A,3,1,11,13.0,,5097
1003340,P0076342,M,18-25,3,B,0,1,5,15.0,11.0,12094
1003312,P0067242,M,18-25,19,A,0,0,18,12.0,8.0,15467
1003373,P0062942,M,36-45,5,B,2,0,12,13.0,,2921
1000988,P0069742,F,0-17,1,C,1,0,5,12.0,,10059
1003322,P0074842,M,46-50,8,A,3,0,12,4.0,,18001
1004616,P0084142,F,46-50,17,C,0,0,6,12.0,,6556
1004955,P0073942,M,0-17,3,A,4+,0,17,12.0,11.0,9087
1000174,P0071542,F,51-55,0,B,3,0,14,9.0,14.0,12601
1003742,P0079742,F,46-50,0,C,1,0,3,14.0,,12074
1003053,P0027742,M,26-35,19,A,3,1,1,10.0,16.0,18005
1000727,P0096842,F,26-35,16,C,1,0,13,17.0,16.0,5427
1003761,P0010542,M,46-50,18,C,2,1,18,2.0,,11021
1001876,P0095242,M,55+,2,B,0,0,10,2.0,,13195
1004034,P0040642,M,55+,16,A,1,1,17,12.0,,15630
1000990,P0064742,M,36-45,2,B,2,1,7,,,4972
1003745,P0042642,F,46-50,3,C,3,1,8,10.0,9.0,7265
1002687,P0045542,M,18-25,12,A,0,1,16,2.0,17.0,19047
1000420,P0089242,M,51-55,14,C,1,0,16,8.0,14.0,7600
1000594,P0049442,M,18-25,11,C,1,0,16,11.0,4.0,3118
1001775,P0039942,F,0-17,2,A,0,1,9,,,16785
1002460,P0062542,F,51-55,20,C,3,1,13,4.0,10.0,8818
1000936,P0084842,M,51-55,7,A,3,0,4,,,6608
1003809,P0038442,M,26-35,0,A,4+,0,10,,18.0,8838
1000332,P0042942,M,51-55,17,A,3,0,9,14.0,,445
1003450,P0014942,M,36-45,12,C,0,1,18,6.0,14.0,7711
1002703,P0087242,M,46-50,6,B,2,1,12,12.0,7.0,2771
1004007,P0072142,M,18-25,12,C,0,0,10,18.0,,13451
1003869,P0080842,M,26-35,16,C,1,0,17,9.0,,1448
1004201,P0047742,M,55+,12,A,4+,1,12,,,8407
1000202,P0086342,M,26-35,12,B,4+,0,2,3.0,8.0,5830
1002498,P0069942,F,36-45,10,A,2,0,14,8.0,16.0,11168
1001843,P0092442,F,36-45,13,C,1,0,6,,11.0,4591
1001867,P0063742,M,36-45,20,B,3,1,11,13.0,18.0,18523
1001997,P0087342,M,36-45,9,A,3,1,14,13.0,16.0,6459
1000910,P0024342,M,55+,7,C,3,0,14,6.0,7.0,11919
1004306,P0015942,M,18-25,5,C,0,1,6,,18.0,2354
1004659,P0096742,M,36-45,18,B,3,0,1,10.0,3.0,15053
1003190,P0087942,F,26-35,18,C,1,1,17,17.0,4.0,9283
1000771,P0017442,M,26-35,11,C,4+,0,17,18.0,7.0,19619
1003156,P0010242,M,55+,20,C,0,1,17,5.0,17.0,8137
1002502,P0067442,M,51-55,6,C,3,1,10,12.0,,19825
1002715,P0084742,M,46-50,17,B,1,1,10,9.0,,7426
1004725,P0054742,F,26-35,19,C,2,0,14,5.0,9.0,3145
1003586,P0084042,M,26-35,17,C,1,0,1,4.0,12.0,9369
1001629,P0037442,F,55+,2,C,4+,1,2,2.0,8.0,4328
1000387,P0062942,M,18-25,8,B,1,0,18,16.0,3.0,7367
1003422,P0069142,F,51-55,5,B,1,0,3,17.0,15.0,2901
1004009,P0031442,F,26-35,0,A,0,1,4,11.0,16.0,10526
1004094,P0078242,M,0-17,9,B,4+,0,5,13.0,,18737
1004364,P0058442,F,26-35,7,C,3,1,3,7.0,,3810
1002467,P0042842,M,46-50,16,B,4+,0,3,16.0,,8024
1002283,P0035442,F,46-50,2,B,2,1,4,13.0,9.0,2972
1001857,P0048642,M,51-55,2,B,4+,1,6,,,7511
1001999,P0022542,M,51-55,2,C,0,1,7,16.0,17.0,13773
1001237,P0086642,M,36-45,6,A,3,0,4,2.0,10.0,1037
1004670,P0068342,M,18-25,10,A,4+,1,15,18.0,8.0,4635
1004145,P0064942,F,46-50,17,A,3,1,6,2.0,10.0,6218
1001151,P0042342,M,0-17,4,A,0,1,5,18.0,,17130
1004319,P0030342,M,0-17,1,B,1,1,8,,3.0,14712
1001432,P0027142,M,36-45,13,A,2,0,6,11.0,,6156
1001820,P0083442,M,18-25,0,B,4+,0,17,6.0,,12033
1002325,P0031642,M,18-25,3,B,3,1,16,2.0,16.0,14594
1001131,P0034442,M,51-55,13,A,4+,0,11,5.0,,12145
1002659,P0043542,M,26-35,14,C,0,0,1,12.0,4.0,1858
1003501,P0080242,M,0-17,19,A,1,0,14,18.0,16.0,18591
1000375,P0039742,M,0-17,19,A,0,0,13,,10.0,19094
1002121,P0093142,M,55+,16,B,3,1,10,15.0,3.0,14022
1004021,P0028142,F,0-17,2,B,4+,1,10,3.0,18.0,1281
1002022,P0043342,M,0-17,3,A,3,0,8,,,14075
1003706,P0061042,M,55+,17,A,0,1,9,16.0,17.0,5116
1003260,P0048242,M,46-50,0,C,4+,1,4,10.0,12.0,18477
1003436,P0081642,M,18-25,4,C,3,0,11,18.0,,6644
1001890,P0097242,M,26-35,17,C,4+,0,9,13.0,11.0,14213
1001824,P0029842,M,46-50,12,B,2,1,12,14.0,18.0,15162
1001475,P0043142,M,18-25,13,C,0,0,13,,,15743
1002243,P0026442,M,36-45,19,B,0,1,8,18.0,,14154
1003244,P0034142,M,0-17,2,B,2,1,13,7.0,,10487
1003135,P0074142,M,26-35,5,A,1,0,1,5.0,,7280
1002071,P0032642,M,18-25,10,C,3,0,11,5.0,,7377
1000360,P0073342,M,36-45,8,A,1,0,2,11.0,7.0,19204
1002042,P0065542,M,0-17,19,A,4+,0,5,9.0,5.0,14683
1001142,P0055042,F,36-45,18,B,3,1,11,11.0,8.0,2439
1001636,P0029542,M,55+,6,C,3,0,4,3.0,,14108
1004001,P0096942,M,36-45,20,A,3,1,8,6.0,,15183
1001944,P0030342,F,46-50,9,B,2,0,12,17.0,3.0,8184
1004775,P0055742,M,36-45,6,A,0,0,3,17.0,4.0,1641
1003362,P0092942,M,46-50,4,C,2,0,17,9.0,,13081
1002981,P0035642,M,51-55,3,B,2,0,8,9.0,15.0,2268
1000007,P0062842,M,46-50,16,C,2,0,6,,16.0,4095
1003268,P0037142,F,55+,4,A,1,0,4,5.0,18.0,12563
1001592,P0010842,M,55+,16,B,2,1,4,9.0,,15343
1004929,P0086042,M,36-45,16,A,0,1,7,17.0,6.0,14288
1003265,P0030042,M,18-25,16,A,3,0,10,13.0,18.0,18843
1002607,P0015842,F,36-45,0,C,1,0,6,3.0,4.0,2983
1003220,P0098642,M,36-45,1,B,2,0,4,2.0,15.0,2842
1003274,P0049242,F,18-25,18,A,2,0,10,2.0,14.0,2351
1000914,P0075142,M,0-17,8,C,3,1,17,15.0,9.0,16608
1002012,P0021842,F,26-35,19,C,3,1,6,14.0,14.0,18976
1001443,P0065242,M,51-55,14,B,1,1,11,2.0,,7069
1003055,P0049842,M,0-17,18,A,0,1,18,4.0,,11486
1003547,P0093342,M,36-45,4,B,1,1,9,16.0,,15738
1004222,P0043042,F,0-17,12,B,3,0,12,8.0,17.0,9058
1004913,P0036642,M,26-35,3,A,0,0,11,,,10629
1002929,P0061942,M,55+,12,B,2,1,18,8.0,,12040
1001830,P0079442,M,0-17,5,B,2,1,2,8.0,,17081
1000576,P0057942,M,26-35,11,B,4+,0,16,10.0,12.0,13239
1000930,P0023342,F,0-17,8,C,3,0,9,18.0,,8081
1003760,P0079242,M,46-50,14,A,4+,0,16,13.0,4.0,17322
1003700,P0045442,F,36-45,20,B,1,1,12,,,15502
1001464,P0068342,M,26-35,14,C,1,0,17,10.0,18.0,6767
1003276,P0059742,F,51-55,16,C,0,1,13,14.0,,6533
1004929,P0072442,M,36-45,4,B,3,1,4,2.0,15.0,10705
1001055,P0020642,M,46-50,4,A,0,1,13,13.0,3.0,14691
1001901,P0038942,M,55+,4,C,0,1,12,3.0,15.0,2633
1001458,P0092442,F,0-17,20,B,1,1,2,5.0,,11013
1001400,P0072842,M,36-45,13,A,1,1,17,,4.0,8081
1003416,P0073142,M,0-17,1,A,3,1,15,14.0,5.0,10034
1000443,P0024642,F,0-17,8,B,1,1,13,,4.0,17281
1003651,P0042642,F,36-45,13,C,3,1,2,3.0,5.0,4469
1004653,P0051442,F,26-35,14,A,4+,1,6,9.0,18.0,15156
1001179,P0030942,M,26-35,3,A,2,0,12,,,11911
1004459,P0039542,M,36-45,5,A,4+,0,1,10.0,14.0,16851
1001258,P0049742,M,26-35,13,A,1,0,15,7.0,,19109
1003635,P0020242,M,18-25,4,C,2,0,3,11.0,12.0,18653
1001842,P0073542,M,0-17,10,C,2,0,10,11.0,,6360
1002310,P0085642,M,36-45,20,B,0,0,6,,6.0,6160
1000911,P0060742,F,51-55,13,B,2,0,5,9.0,17.0,7838
1004341,P0099042,M,46-50,6,C,3,1,8,,16.0,2596
1004638,P0096742,M,55+,13,B,1,1,6,,5.0,1083
1004010,P0030842,M,36-45,12,A,1,1,11,10.0,8.0,13499
1002170,P0052742,M,36-45,17,C,0,1,14,,15.0,8984
1002173,P0049242,M,0-17,1,A,0,1,5,16.0,,18241
1000124,P0092542,M,46-50,8,C,1,0,13,,,5483
1003159,P0020842,M,0-17,10,C,0,0,9,,,13921
1000786,P0098842,F,51-55,19,B,2,0,10,3.0,10.0,1284
1002417,P0044742,M,55+,10,C,2,0,11,,5.0,9015
1000797,P0014942,F,26-35,5,B,3,0,6,11.0,16.0,14278
1004173,P0020442,M,36-45,0,C,0,0,5,14.0,11.0,17489
1004155,P0051942,M,0-17,4,A,1,0,5,8.0,17.0,4358
1001937,P0047242,M,55+,13,A,4+,1,16,14.0,12.0,17247
1002157,P0012642,M,51-55,15,A,1,0,8,2.0,12.0,7630
1003808,P0089942,M,51-55,8,A,4+,1,15,9.0,,19313
1001302,P0086842,M,55+,18,A,4+,0,15,14.0,,15515
1004164,P0037242,F,18-25,19,A,3,1,9,5.0,,16647
1003141,P0074842,F,36-45,7,C,4+,0,15,15.0,6.0,1731
1003237,P0043942,M,51-55,7,B,2,0,8,18.0,12.0,3927
1002353,P0040042,M,55+,15,C,2,0,14,2.0,,7647
1001933,P0057942,M,26-35,17,A,3,0,7,14.0,17.0,4216
1002722,P0093342,F,0-17,7,A,1,1,12,13.0,14.0,18091
1000365,P0064342,M,0-17,8,C,1,1,1,17.0,,14417
1004917,P0065642,M,18-25,4,B,1,1,15,15.0,6.0,12455
1002391,P0036442,M,26-35,1,B,1,1,7,11.0,7.0,7330
1000947,P0064142,M,51-55,20,B,2,1,15,9.0,17.0,3917
1001378,P0069542,M,55+,13,B,2,1,10,,13.0,416
1001440,P0026542,M,18-25,17,A,3,0,6,12.0,15.0,1991
1003181,P0041542,M,51-55,12,A,3,0,16,10.0,16.0,8948
1004858,P0010042,M,51-55,11,B,3,1,14,,6.0,2025
1000341,P0086042,M,36-45,14,C,1,1,12,5.0,9.0,11534
1002990,P0036042,F,46-50,20,C,1,1,17,5.0,16.0,7872
1000383,P0016242,M,55+,14,A,2,1,10,,7.0,14424
1001557,P0058242,M,51-55,0,C,2,0,10,15.0,,12548
1000300,P0077542,M,0-17,6,A,0,1,8,12.0,,14269
1000139,P0042042,M,51-55,12,A,0,0,11,3.0,17.0,16628
1000359,P0094542,M,18-25,17,B,1,0,18,9.0,15.0,5984
1004932,P0030042,M,55+,0,B,2,0,13,10.0,,16955
1001523,P0032142,M,51-55,10,B,1,0,16,12.0,,14842
1003457,P0025142,M,55+,12,B,4+,1,14,10.0,3.0,19094
1001628,P0074342,M,0-17,19,B,0,0,12,10.0,8.0,1197
1001304,P0072542,M,0-17,8,B,3,1,13,,4.0,12005
1001135,P0056142,M,18-25,15,C,1,1,13,,,11595
1002187,P0031642,M,0-17,10,B,4+,1,16,3.0,13.0,17416
1003171,P0029542,M,26-35,2,B,3,0,1,5.0,6.0,1639
1003836,P0089242,M,26-35,16,A,4+,1,12,,11.0,16067
1002152,P0030142,M,46-50,1,A,2,1,9,8.0,,7378
1001238,P0074642,M,55+,8,B,2,1,13,14.0,6.0,8690
1003736,P0033342,F,26-35,8,A,2,0,13,17.0,11.0,5560
1002835,P0024042,M,18-25,15,C,3,1,8,11.0,9.0,11338
1004261,P0080742,M,51-55,0,C,3,0,18,2.0,,4495
1000999,P0059742,M,26-35,16,C,2,1,18,18.0,3.0,5225
1002568,P0065442,F,46-50,9,C,3,0,9,17.0,,3194
1001308,P0015642,M,55+,19,B,2,0,1,2.0,,7650
1000657,P0060342,F,36-45,4,C,1,1,7,,12.0,8464
1002661,P0024142,F,36-45,7,C,2,0,13,,,17526
1002212,P0082142,M,18-25,12,C,0,1,15,7.0,13.0,1922
1001910,P0068342,M,46-50,20,C,1,1,2,3.0,10.0,8310
1003731,P0083542,M,26-35,4,A,2,1,8,10.0,13.0,9310
1002047,P0063842,M,46-50,3,C,0,1,5,,,4099
1003163,P0073942,M,0-17,7,C,2,1,9,11.0,17.0,19295
1001141,P0020542,M,46-50,6,A,1,1,17,7.0,8.0,13908
1000267,P0026442,M,26-35,4,A,2,1,14,6.0,4.0,17512
1001846,P0031442,M,18-25,9,B,3,0,9,9.0,18.0,15834
1001709,P0017042,F,0-17,16,A,2,1,15,,,15669
1003631,P0081542,M,46-50,5,A,1,1,1,,,3905
1003212,P0076442,F,36-45,9,A,4+,0,13,12.0,,11334
1002294,P0067842,M,26-35,15,C,2,0,10,18.0,15.0,19001
1003733,P0018942,M,18-25,9,B,3,0,12,8.0,12.0,13727
1003830,P0087142,M,51-55,3,B,1,0,14,14.0,,9859
1001511,P0097342,F,26-35,1,C,0,0,6,,,2806
1000476,P0032742,M,46-50,0,B,4+,1,11,9.0,,13392
1000977,P0017842,F,55+,2,C,2,1,7,18.0,13.0,9662
1001208,P0070742,M,18-25,12,A,1,1,4,14.0,,12356
1001961,P0044842,F,36-45,11,C,3,1,12,14.0,12.0,9576
1000558,P0094142,F,0-17,0,C,3,0,2,2.0,,2272
1000883,P0099342,F,46-50,20,A,1,0,14,,10.0,5485
1002195,P0034542,M,18-25,9,A,3,1,9,17.0,,2702
1004762,P0037142,M,0-17,5,B,4+,1,14,2.0,,1518
1002668,P0050242,M,55+,8,C,0,1,6,14.0,15.0,17715
1004960,P0076842,M,18-25,0,A,3,1,5,16.0,17.0,5720
1004678,P0021542,M,51-55,11,B,3,0,18,17.0,,2626
1004791,P0053442,M,46-50,4,C,0,0,7,3.0,6.0,3509
1001611,P0062942,M,18-25,0,A,4+,1,1,14.0,14.0,15679
1003489,P0054142,F,36-45,1,A,4+,0,9,6.0,16.0,12503
1002455,P0027142,M,55+,13,C,4+,1,8,11.0,,6644
1004495,P0011542,M,18-25,1,A,3,0,11,12.0,,549
1001947,P0085142,M,46-50,4,C,3,0,7,2.0,18.0,17668
1004811,P0099742,F,18-25,9,C,4+,0,17,7.0,6.0,664
1004800,P0015542,M,0-17,19,C,3,0,15,17.0,13.0,3394
1002809,P0069042,F,0-17,5,A,2,1,8,18.0,5.0,17299
1003826,P0020242,M,55+,4,A,3,1,12,8.0,6.0,9096
1003537,P0038342,F,51-55,1,C,4+,1,5,10.0,8.0,9872
1003803,P0080442,M,26-35,8,B,1,1,8,18.0,11.0,13966
1004178,P0061642,M,55+,9,C,4+,0,5,6.0,14.0,6200
1004700,P0071742,M,51-55,7,C,1,1,14,16.0,,5713
1001971,P0037742,F,55+,5,C,3,1,4,10.0,3.0,19517
1003823,P0098442,M,26-35,4,B,3,1,15,,,1292
1002820,P0071142,F,36-45,20,A,1,1,10,14.0,,7084
1000903,P0084942,M,0-17,17,A,4+,0,17,4.0,,445
1000365,P0036842,M,26-35,19,C,0,1,4,5.0,13.0,4169
1004259,P0093242,M,18-25,17,C,0,0,1,2.0,12.0,16156
1003120,P0049942,M,36-45,1,A,4+,0,6,16.0,16.0,6093
1002559,P0060242,M,46-50,11,C,3,0,8,10.0,,1502
1001864,P0018542,F,26-35,7,A,1,0,4,2.0,9.0,10879
1000116,P0041942,F,55+,3,B,1,0,14,4.0,,7525
1002385,P0013142,M,51-55,19,C,4+,1,2,7.0,10.0,12829
1004977,P0043542,F,26-35,3,A,4+,0,5,10.0,,11819
1003936,P0015042,M,51-55,8,A,2,0,15,,,15162
1004936,P0017842,M,55+,8,B,1,0,14,12.0,3.0,3984
1002491,P0079742,M,55+,11,C,2,1,7,,,18701
1000943,P0027342,M,51-55,13,B,3,0,9,7.0,7.0,15401
1001725,P0071742,M,0-17,2,A,1,1,1,8.0,,2418
1002335,P0060042,M,36-45,5,A,4+,0,10,,16.0,2238
1002768,P0067442,M,51-55,14,B,4+,1,11,11.0,12.0,12022
1001138,P0017542,F,0-17,18,B,3,0,12,13.0,5.0,9573
1002528,P0041542,M,0-17,3,B,0,1,1,13.0,,7070
1004118,P0093242,F,51-55,0,C,2,1,8,14.0,11.0,714
1003421,P0047242,F,36-45,8,A,4+,1,6,13.0,,9817
1004779,P0018042,M,18-25,15,C,1,1,12,15.0,,4067
1003907,P0097242,M,55+,8,C,1,0,9,4.0,6.0,19287
1003638,P0073942,M,26-35,11,B,1,1,4,16.0,14.0,5611
1002954,P0079442,F,0-17,13,C,3,1,6,5.0,14.0,14266
1002368,P0085442,F,26-35,14,C,0,0,3,8.0,,6056
1004222,P0079642,F,36-45,20,B,2,0,2,18.0,9.0,1943
1000277,P0083142,M,18-25,15,B,1,1,18,14.0,,19101
1002000,P0017042,F,46-50,7,B,1,0,5,,,8359
1001228,P0095342,M,55+,9,A,4+,1,12,7.0,16.0,18336
1003753,P0076542,M,55+,13,A,0,1,2,,,18725
1003736,P0085642,M,18-25,16,C,4+,1,5,14.0,11.0,15665
1000696,P0075142,F,36-45,2,C,3,0,18,9.0,10.0,17386
1001310,P0017042,F,18-25,3,A,3,0,6,17.0,,4758
1004153,P0014542,M,55+,15,C,2,1,11,,14.0,1588
1003235,P0014642,F,46-50,13,B,3,1,7,17.0,9.0,18640
1004115,P0069042,F,0-17,13,A,2,1,16,2.0,10.0,12409
1002312,P0052142,M,18-25,15,C,4+,0,8,2.0,,4934
1002842,P0024842,M,51-55,7,C,1,0,3,4.0,,16611
1004209,P0022942,M,51-55,17,C,1,0,11,,,11581
1003560,P0055542,M,36-45,6,A,0,0,11,17.0,13.0,7631
1003399,P0073842,M,55+,2,A,3,1,9,14.0,,9713
1000542,P0097642,M,55+,5,A,0,1,12,15.0,,3309
1002695,P0073042,F,18-25,19,B,0,1,16,14.0,3.0,3272
1004675,P0096842,M,46-50,15,C,1,1,5,8.0,12.0,1237
1001089,P0060442,M,36-45,3,C,3,0,2,16.0,4.0,12691
1003364,P0087342,M,18-25,18,B,1,1,10,,8.0,19369
1000025,P0034342,M,36-45,1,A,0,0,2,16.0,,7640
1001573,P0057342,F,51-55,3,A,3,0,4,,,1759
1002959,P0048142,M,46-50,1,A,1,0,16,6.0,4.0,6902
1004237,P0020242,M,0-17,6,B,2,1,6,8.0,3.0,19469
1001768,P0058842,F,46-50,14,C,2,1,10,12.0,,17427
1004744,P0013642,M,0-17,16,B,4+,1,7,11.0,8.0,13820
1002236,P0075342,F,55+,13,C,4+,1,5,11.0,3.0,8551
1000201,P0064842,M,26-35,10,C,3,1,13,14.0,,5356
1003199,P0061942,M,51-55,16,C,4+,0,9,,12.0,18055
1000257,P0084242,F,55+,4,B,3,1,9,,13.0,8440
1003748,P0043242,M,51-55,13,A,0,1,15,5.0,5.0,9671
1004643,P0049642,M,51-55,16,A,2,1,4,3.0,14.0,15631
1002242,P0039542,M,46-50,19,B,3,1,1,8.0,,8346
1003176,P0020642,M,0-17,20,C,0,0,14,16.0,10.0,5153
1003607,P0095942,F,26-35,1,B,2,0,1,17.0,,15894
1003337,P0062942,F,26-35,6,A,1,0,10,9.0,,17097
1004898,P0092442,M,26-35,3,B,0,1,4,8.0,13.0,6577
1000414,P0018242,M,55+,7,C,1,0,18,4.0,15.0,12510
1002015,P0038742,F,36-45,0,A,4+,1,12,6.0,5.0,15066
1001382,P0080542,F,46-50,9,C,3,0,7,4.0,,7480
1001099,P0056042,M,46-50,0,B,2,1,6,8.0,,6371
1003427,P0031442,F,55+,0,C,4+,1,9,15.0,12.0,8586
1003656,P0038042,M,51-55,3,B,0,0,2,4.0,,16288
1000910,P0083142,M,46-50,16,A,4+,0,15,8.0,,10862
1000188,P0055842,F,46-50,4,A,1,0,13,12.0,,15669
1004045,P0090042,M,36-45,13,A,1,1,11,8.0,,4054
1003757,P0044342,M,46-50,5,C,3,1,6,10.0,15.0,157
1002016,P0029342,M,0-17,6,B,4+,1,9,11.0,,4346
1002093,P0025742,M,55+,7,B,2,1,12,17.0,,19004
1003645,P0056442,M,26-35,17,B,1,1,11,18.0,14.0,18175
1002131,P0020342,M,36-45,3,C,0,0,3,5.0,5.0,19894
1000358,P0013342,M,36-45,2,B,4+,1,18,9.0,,3614
1002423,P0020142,M,51-55,3,A,2,1,13,13.0,,16159
1004258,P0073842,M,46-50,15,B,2,0,13,11.0,10.0,16947
1004546,P0082542,M,26-35,12,C,2,0,15,3.0,17.0,7373
1001498,P0042442,M,55+,10,A,2,1,15,8.0,4.0,6682
1002159,P0090742,M,0-17,10,A,1,1,15,6.0,14.0,14102
1002556,P0079042,M,55+,4,C,3,1,5,10.0,12.0,6318
1002343,P0069142,F,26-35,19,A,4+,1,5,8.0,9.0,16863
1002952,P0024042,M,55+,0,B,1,1,2,15.0,6.0,4137
1001239,P0057342,F,18-25,13,C,3,0,18,10.0,11.0,11384
1000974,P0013042,M,26-35,19,B,2,1,6,6.0,,3339
1004728,P0098342,F,0-17,18,C,0,0,18,14.0,15.0,8268
1003966,P0016242,M,0-17,4,C,2,0,7,16.0,8.0,3487
1001051,P0065942,F,0-17,19,C,3,1,3,4.0,,10947
1003702,P0018642,M,36-45,5,B,3,0,17,7.0,9.0,7343
1002781,P0040342,F,55+,18,C,0,1,8,6.0,,8969
1001589,P0016042,M,36-45,11,A,1,1,6,6.0,3.0,4421
1003879,P0049542,F,18-25,13,B,0,0,8,,,15045
1002369,P0043342,F,26-35,16,C,2,0,3,4.0,16.0,8803
1000437,P0088542,M,46-50,6,C,4+,0,5,,,16759
1002829,P0051042,M,51-55,20,B,1,1,1,9.0,10.0,12573
1001557,P0038342,M,18-25,0,A,4+,0,1,14.0,,11471
1003859,P0056542,F,55+,16,A,4+,0,1,10.0,,6774
1001305,P0017942,M,46-50,5,C,1,0,6,13.0,4.0,11797
1002385,P0079142,M,55+,3,C,2,0,2,13.0,4.0,13031
1000183,P0088342,M,46-50,13,A,3,0,12,10.0,12.0,17202
1001590,P0017642,M,18-25,7,C,2,0,17,7.0,4.0,18259
1001588,P0083242,M,26-35,17,A,3,0,10,,4.0,6676
1000660,P0089342,M,51-55,19,A,3,0,5,,12.0,17740
1000160,P0063942,M,46-50,12,A,1,1,5,3.0,8.0,15025
1003954,P0046042,M,36-45,7,A,1,1,2,6.0,11.0,13522
1001012,P0017642,M,36-45,15,C,0,0,12,13.0,13.0,15163
1000053,P0060842,M,18-25,4,B,4+,1,5,,5.0,8784
1002308,P0026342,M,51-55,2,B,4+,1,15,16.0,18.0,7142
1001229,P0010842,M,51-55,12,A,4+,1,18,18.0,11.0,2348
1001036,P0027442,M,55+,14,C,4+,0,6,8.0,,7749
1003703,P0056142,F,46-50,3,B,0,1,14,6.0,,5782
1004046,P0040642,M,18-25,2,B,3,1,11,6.0,12.0,14875
1004946,P0068742,M,51-55,1,A,0,0,8,11.0,,4193
1004450,P0034442,M,51-55,3,A,1,0,9,,10.0,12701
1001265,P0022142,M,36-45,5,C,2,1,6,6.0,,13364
1001885,P0028442,M,18-25,3,B,3,1,3,13.0,,5036
1001810,P0013142,F,46-50,16,A,3,1,8,18.0,9.0,18151
1003168,P0086142,M,46-50,6,A,0,0,16,12.0,14.0,4334
1003798,P0066842,M,36-45,17,C,1,0,1,10.0,,9794
1002342,P0040942,M,55+,9,A,1,1,13,8.0,,17272
1003415,P0047142,F,0-17,16,A,3,1,12,14.0,3.0,6290
1000818,P0075542,M,0-17,3,A,0,0,8,18.0,3.0,1511
1002438,P0092942,M,51-55,18,A,4+,0,14,,,11783
1000889,P0069542,M,26-35,6,A,3,0,6,,14.0,8858
1000668,P0015542,M,36-45,12,C,4+,1,3,11.0,15.0,6716
1004729,P0089042,F,26-35,2,A,2,1,3,3.0,,5778
1002625,P0037242,M,51-55,7,B,1,0,14,4.0,6.0,12167
1004233,P0056342,M,55+,10,A,3,0,3,2.0,3.0,12129
1004524,P0077742,M,36-45,15,A,2,1,12,9.0,7.0,12377
1000819,P0055542,M,46-50,19,B,4+,1,12,11.0,,6161
1002189,P0076942,M,55+,18,B,3,1,17,18.0,7.0,6264
1001107,P0034842,F,36-45,8,A,2,1,11,3.0,16.0,12911
1002225,P0079742,M,18-25,9,C,3,1,9,6.0,,1305
1000198,P0017742,M,26-35,5,B,2,1,5,12.0,,2844
1002672,P0063342,M,36-45,2,C,2,0,11,18.0,8.0,18150
1003493,P0020742,F,26-35,19,A,4+,0,7,3.0,,12169
1002449,P0037242,M,55+,7,A,1,0,10,6.0,,10458
1000471,P0086342,F,51-55,5,B,0,1,9,12.0,,18401
1001949,P0011442,M,36-45,7,B,2,1,15,8.0,,10950
1003900,P0046942,M,0-17,13,C,1,0,11,,4.0,17403
1002011,P0040342,M,26-35,7,A,0,1,3,11.0,18.0,10876
1003801,P0077142,M,46-50,10,B,4+,0,15,,13.0,6437
1004119,P0030442,M,46-50,9,B,3,0,17,,9.0,10554
1003797,P0021242,M,36-45,9,B,1,0,3,7.0,10.0,6048
1003989,P0077942,M,46-50,10,C,3,0,4,8.0,,15568
1000235,P0096442,M,55+,0,A,3,0,11,8.0,,5829
1000929,P0035242,M,46-50,14,B,0,1,7,10.0,5.0,5185
1003608,P0054042,M,26-35,4,B,1,0,14,3.0,8.0,2298
1000523,P0028542,F,55+,13,B,2,1,4,18.0,,5774
1003524,P0095842,M,36-45,19,A,0,1,13,4.0,18.0,17919
1004527,P0032642,F,26-35,7,C,1,0,1,,,7530
1004889,P0062742,M,36-45,16,C,2,1,18,13.0,11.0,9506
1001630,P0076742,M,46-50,3,A,3,0,13,11.0,9.0,1363
1004629,P0045342,F,55+,3,C,4+,1,3,15.0,14.0,13972
1001317,P0072242,M,36-45,17,C,4+,1,8,,11.0,11896
1002858,P0010042,M,51-55,18,B,0,1,18,7.0,,5838
1001125,P0065242,M,36-45,2,C,2,0,2,7.0,7.0,6085
1002588,P0065942,M,18-25,8,B,2,1,6,9.0,,2763
1001024,P0051942,M,36-45,6,C,4+,0,18,11.0,,16968
1001379,P0071942,F,18-25,1,B,2,1,18,3.0,17.0,363
1003375,P0026042,M,26-35,8,A,1,1,9,15.0,11.0,14565
1001520,P0026042,M,18-25,5,A,1,1,15,12.0,,11511
1000227,P0097042,F,55+,5,C,4+,0,3,12.0,15.0,10928
1004969,P0022742,M,26-35,15,B,3,1,9,6.0,12.0,19759
1000892,P0082142,M,36-45,1,A,3,1,18,18.0,11.0,8678
1004073,P0025042,M,26-35,15,A,3,0,7,9.0,5.0,1189
1002258,P0054342,M,46-50,2,C,4+,1,17,15.0,13.0,18641
1002789,P0086642,F,51-55,15,B,0,0,3,6.0,9.0,9254
1000397,P0057042,M,36-45,11,B,2,1,7,18.0,3.0,18943
1002079,P0056242,M,55+,2,A,1,1,13,7.0,8.0,6571
1004745,P0082942,M,18-25,10,C,1,0,9,,8.0,1774
1004425,P0012942,F,51-55,10,A,0,1,9,11.0,10.0,10930
1003238,P0057242,M,0-17,15,A,2,0,5,4.0,,11218
1003894,P0065642,F,51-55,4,C,3,1,4,14.0,,5165
1002006,P0017942,F,36-45,19,C,1,0,9,13.0,3.0,6154
1002017,P0013842,M,55+,7,C,3,0,6,10.0,8.0,9331
1003172,P0033942,M,55+,10,B,3,0,10,18.0,14.0,14453
1002669,P0065642,M,51-55,10,C,4+,1,18,10.0,9.0,10384
1001879,P0068942,M,51-55,17,C,4+,1,3,4.0,12.0,15204
1001197,P0043642,F,46-50,18,A,2,0,7,2.0,,2054
1001773,P0096042,M,26-35,9,C,1,0,12,,17.0,14936
1000162,P0089942,M,51-55,3,C,4+,1,5,11.0,13.0,5071
1003977,P0037942,M,18-25,9,A,2,1,17,13.0,15.0,5908
1001752,P0021542,F,55+,13,B,0,1,4,4.0,9.0,246
1000776,P0036842,M,18-25,5,C,3,1,12,11.0,8.0,2825
1000940,P0043442,M,46-50,4,A,1,0,15,12.0,8.0,18300
1003221,P0041142,M,51-55,14,B,1,0,2,11.0,,5121
1000540,P0015242,M,51-55,4,B,2,1,15,,7.0,5407
1004918,P0016742,M,46-50,5,C,4+,0,11,13.0,,14162
1001462,P0079342,M,36-45,18,B,3,0,1,,14.0,19611
1000356,P0013342,M,0-17,19,C,3,0,14,5.0,16.0,14773
1003605,P0089542,M,0-17,16,B,1,1,4,,18.0,5486
1003324,P0091742,F,26-35,13,B,1,1,6,13.0,10.0,12032
1000235,P0048542,M,18-25,10,B,3,1,8,7.0,,6939
1001549,P0034842,M,36-45,13,C,0,0,2,16.0,18.0,14865
1002097,P0021042,M,18-25,4,B,2,1,4,13.0,,2428
1004214,P0019342,M,36-45,12,A,0,1,17,13.0,15.0,5715
1002102,P0050942,M,46-50,11,A,4+,0,9,5.0,3.0,15760
1001674,P0027842,F,26-35,18,B,0,1,8,15.0,3.0,18810
1002101,P0014642,M,46-50,9,C,0,0,9,7.0,10.0,4533
1003658,P0089342,M,18-25,12,A,4+,0,13,9.0,,3930
1004654,P0095142,M,55+,14,B,2,1,8,,9.0,15534
1003597,P0097342,M,26-35,19,A,3,1,14,5.0,15.0,9501
1003749,P0070342,M,51-55,12,A,0,1,18,,8.0,5991
1003174,P0047542,F,55+,3,A,2,0,18,12.0,,8397
1001816,P0082342,M,36-45,8,A,4+,0,10,5.0,,13951
1003842,P0068642,M,36-45,18,A,2,1,1,18.0,,15846
1002006,P0098942,F,26-35,19,B,0,1,12,15.0,11.0,3730
1004494,P0030142,M,46-50,6,A,3,1,3,8.0,,1399
1000675,P0054442,M,26-35,14,B,4+,0,12,8.0,,1215
1000387,P0039642,M,46-50,16,A,4+,0,18,10.0,14.0,4040
1002159,P0040742,M,26-35,13,C,0,0,12,4.0,,9747
1002662,P0082242,M,46-50,13,B,2,0,7,18.0,13.0,17069
1002065,P0059242,F,0-17,8,C,3,0,3,7.0,,8290
1003852,P0043742,F,26-35,15,C,4+,0,7,18.0,12.0,5075
1003254,P0074542,M,46-50,1,A,0,1,13,16.0,9.0,18807
1004980,P0094142,M,51-55,13,A,0,1,11,,,16199
1004637,P0016542,F,18-25,3,A,1,1,17,3.0,,17264
1004267,P0089142,M,55+,2,A,1,0,15,8.0,,3509
1000740,P0052142,M,55+,2,A,2,0,6,14.0,,4692
1001402,P0063942,M,55+,10,C,0,1,6,,,14721
1003260,P0072842,M,18-25,4,C,2,0,7,5.0,13.0,1779
1002278,P0059242,F,26-35,15,A,2,0,9,,15.0,8223
1003905,P0098142,M,26-35,18,A,3,0,9,3.0,7.0,15342
1003924,P0041642,M,36-45,8,B,1,1,18,11.0,13.0,19424
1004215,P0093642,M,46-50,10,B,2,1,1,3.0,,10442
1003228,P0072542,M,26-35,11,C,3,1,18,4.0,16.0,11813
1002832,P0017442,M,18-25,7,C,3,0,18,17.0,,14934
1003759,P0081342,M,18-25,13,C,1,1,12,2.0,5.0,14770
1002513,P0015842,F,55+,16,A,1,0,1,13.0,15.0,10628
1002152,P0048542,M,18-25,19,C,0,1,14,3.0,16.0,13305
1003676,P0011442,F,46-50,14,C,2,1,14,18.0,6.0,17537
1002746,P0033042,M,0-17,14,C,3,1,16,18.0,,4279
1003867,P0071642,M,26-35,11,B,0,0,6,16.0,,5051
1003765,P0077642,M,55+,8,C,2,0,17,17.0,,3734
1002223,P0029842,F,0-17,11,C,2,0,13,13.0,,6612
1002793,P0045342,M,46-50,18,B,0,0,2,11.0,,349
1001698,P0013442,M,55+,11,C,3,0,10,10.0,,4745
1003463,P0026142,M,51-55,10,A,0,0,9,15.0,4.0,1041
1004064,P0085642,M,26-35,5,B,2,1,12,9.0,12.0,5563
1001525,P0089842,M,36-45,7,C,0,0,8,2.0,10.0,6308
1004761,P0099442,M,26-35,10,B,0,1,9,4.0,,13874
1000033,P0057042,M,26-35,2,C,2,1,11,15.0,10.0,16249
1004026,P0063042,M,26-35,15,C,1,1,1,9.0,15.0,7324
1002567,P0089142,M,55+,5,B,3,1,11,,13.0,3798
1002804,P0095142,M,55+,8,A,2,1,2,9.0,,6702
1003897,P0052242,M,26-35,8,B,1,0,14,4.0,17.0,7172
1003710,P0044742,M,51-55,5,A,0,0,4,8.0,12.0,17330
1000720,P0079342,M,26-35,4,A,1,1,15,15.0,6.0,19789
1004580,P0024642,M,46-50,0,B,2,0,2,12.0,7.0,17682
1000973,P0047342,M,26-35,2,C,2,0,16,14.0,,8510
1003719,P0078742,M,51-55,2,A,0,0,4,4.0,3.0,3190
1004403,P0077442,M,46-50,11,B,2,1,2,18.0,13.0,474
1004553,P0051542,M,26-35,3,C,4+,0,15,,,8332
1002208,P0078642,M,26-35,20,C,1,1,16,4.0,12.0,5054
1004427,P0059342,M,46-50,15,C,4+,1,12,14.0,,2798
1004321,P0065842,M,26-35,10,B,4+,1,3,6.0,,1243
1003031,P0035542,M,51-55,7,B,1,0,15,5.0,,18833
1003576,P0078542,M,55+,8,C,2,1,7,6.0,8.0,8100
1003117,P0020242,M,18-25,13,C,1,0,9,12.0,,19605
1003286,P0022042,M,26-35,14,C,0,0,15,,16.0,4447
1000644,P0051842,F,36-45,18,C,4+,1,13,18.0,14.0,14806
1004712,P0044942,M,46-50,8,B,4+,1,7,4.0,13.0,14884
1000195,P0075642,F,51-55,16,C,2,1,16,12.0,,14407
1003997,P0014142,M,26-35,8,A,1,1,10,5.0,7.0,12941
1000489,P0046642,F,26-35,2,A,3,0,2,10.0,,2629
1002205,P0012842,M,46-50,15,B,2,1,6,13.0,4.0,1898
1002658,P0099142,M,0-17,12,A,2,0,18,18.0,16.0,12554
1003277,P0088442,M,51-55,16,A,2,1,2,,6.0,15370
1001103,P0011342,M,51-55,3,A,1,1,1,2.0,14.0,4447
1001242,P0091742,F,18-25,20,B,2,0,15,15.0,15.0,10099
1000516,P0092442,M,55+,8,A,0,0,10,10.0,,14108
1000393,P0058442,M,55+,8,C,0,0,3,11.0,8.0,355
1000631,P0028842,M,18-25,17,A,4+,0,10,6.0,10.0,7898
1003717,P0097142,M,26-35,13,A,4+,1,3,2.0,15.0,19425
1001848,P0039442,F,46-50,19,A,1,1,6,18.0,,4381
1002656,P0028242,M,36-45,2,C,3,1,2,6.0,16.0,1020
1000980,P0096342,M,26-35,3,B,4+,0,9,,,7763
1004530,P0064742,M,18-25,0,B,4+,1,8,3.0,,15188
1003403,P0098142,M,26-35,17,A,4+,0,1,10.0,,13242
1003872,P0013642,F,46-50,3,C,4+,0,17,16.0,,16644
1000278,P0011342,F,51-55,9,A,2,1,13,7.0,11.0,1359
1000233,P0073442,M,51-55,3,B,4+,0,5,,5.0,2309
1001553,P0069442,M,51-55,20,B,1,0,7,14.0,,5100
1003271,P0025842,F,51-55,16,C,2,0,9,6.0,,374
1002410,P0059342,M,55+,7,C,2,0,14,17.0,15.0,9819
1003513,P0042842,M,36-45,18,B,1,0,1,,6.0,18244
1000026,P0071342,M,0-17,8,B,3,0,3,6.0,11.0,5379
1000461,P0094842,M,55+,15,B,4+,1,16,18.0,13.0,13404
1003765,P0018242,M,36-45,14,A,0,0,8,,6.0,3183
1003432,P0065542,F,26-35,19,B,3,1,7,6.0,11.0,11569
1003484,P0067942,M,18-25,15,B,4+,0,11,6.0,,16816
1001995,P0065942,M,46-50,20,C,0,1,15,16.0,10.0,16226
1000491,P0066842,M,26-35,11,B,2,1,13,,,2733
1001073,P0068642,M,0-17,17,B,2,1,6,15.0,10.0,12799
1003174,P0012142,M,46-50,6,C,2,0,5,12.0,5.0,12216
1000216,P0023142,M,46-50,15,B,4+,1,4,4.0,,5368
1001724,P0056442,M,46-50,18,C,1,1,15,,6.0,11072
1001593,P0055542,M,26-35,5,C,2,1,5,3.0,4.0,13324
1002607,P0040142,M,0-17,5,C,2,1,11,6.0,12.0,13170
1000159,P0036642,M,26-35,5,C,2,1,18,11.0,,467
1004782,P0089842,M,46-50,14,C,4+,0,10,12.0,17.0,18447
1003314,P0049442,M,46-50,1,C,0,0,16,3.0,,13746
1002842,P0021942,F,55+,8,C,3,0,4,3.0,,2035
1001777,P0034542,M,18-25,7,B,2,1,5,4.0,4.0,17904
1002053,P0066742,M,36-45,6,A,3,1,15,2.0,4.0,10127
1002296,P0013742,M,26-35,15,B,1,0,6,,10.0,19565
1001697,P0034442,M,0-17,14,C,1,1,2,6.0,,18192
1002994,P0012042,M,55+,8,C,1,1,10,,15.0,1359
1002470,P0020942,F,46-50,19,B,2,1,6,17.0,,11821
1001947,P0070542,M,26-35,14,A,3,1,6,16.0,10.0,1689
1003810,P0049342,M,36-45,1,B,0,1,15,15.0,14.0,11847
1002784,P0050942,F,26-35,19,B,4+,1,1,11.0,3.0,720
1003645,P0074742,M,36-45,13,B,3,0,8,13.0,,6865
1002501,P0084242,M,26-35,10,A,4+,1,11,,6.0,12467
1003646,P0010742,M,18-25,2,C,3,1,14,17.0,,12198
1002646,P0054342,F,26-35,1,A,2,0,1,6.0,10.0,7777
1002350,P0042742,M,55+,17,B,0,0,14,4.0,,12714
1001933,P0098642,M,51-55,13,B,2,0,10,7.0,,7864
1003295,P0038942,M,18-25,4,A,1,0,17,4.0,17.0,18963
1001758,P0086242,M,36-45,11,A,0,0,11,,6.0,15548
1001117,P0061042,M,46-50,13,C,3,0,10,9.0,5.0,15454
1002568,P0046042,M,46-50,5,C,2,0,15,5.0,9.0,18602
1003500,P0069842,M,26-35,7,A,4+,1,12,14.0,11.0,16633
1000493,P0081542,M,0-17,6,C,2,0,3,9.0,18.0,14255
1003307,P0031842,F,26-35,6,B,2,0,18,6.0,7.0,11885
1000620,P0050542,M,18-25,11,A,3,0,7,3.0,,1741
1003233,P0085242,M,18-25,6,C,3,0,11,3.0,4.0,307
1003824,P0093142,M,36-45,11,B,1,1,18,13.0,,2330
1002381,P0086942,M,26-35,15,A,0,1,17,17.0,,18851
1001547,P0072042,M,36-45,6,C,2,1,16,,,15271
1004959,P0086742,M,0-17,7,B,4+,1,3,13.0,13.0,11497
1003564,P0089342,M,46-50,0,A,3,0,13,15.0,6.0,11369
1001606,P0031942,M,46-50,12,C,3,1,8,6.0,15.0,3094
1003753,P0069442,M,26-35,18,B,1,0,5,7.0,,10630
1004676,P0020642,M,36-45,0,B,0,1,7,10.0,9.0,17035
1001891,P0068042,M,36-45,17,B,1,1,12,,,19668
1001276,P0070842,M,0-17,6,B,3,0,9,10.0,3.0,10368
1002744,P0082342,M,36-45,16,A,4+,0,17,6.0,,6992
1002494,P0038542,F,51-55,14,B,1,1,10,,8.0,18714
1000357,P0084842,F,51-55,18,A,2,1,18,10.0,,19901
1000870,P0010742,M,18-25,3,A,3,1,1,3.0,16.0,2547
1000886,P0090542,M,51-55,16,C,3,1,15,12.0,12.0,6139
1002002,P0028842,M,51-55,6,A,1,1,11,14.0,,19760
1001284,P0018042,M,18-25,15,B,4+,0,4,,10.0,19203
1000620,P0020742,F,51-55,16,A,1,1,6,18.0,,17067
1000883,P0042042,M,51-55,19,A,4+,1,13,4.0,10.0,10631
1000797,P0067842,M,18-25,14,C,3,1,8,12.0,,2391
1003643,P0078542,F,26-35,8,A,1,0,7,10.0,,13166
1003426,P0044542,M,55+,20,C,0,1,5,9.0,,11120
1001297,P0096242,M,18-25,12,A,1,0,5,4.0,16.0,3025
1004715,P0042742,M,18-25,6,C,1,0,16,9.0,14.0,2520
1000245,P0065442,M,51-55,18,A,0,0,6,11.0,,6784
1002896,P0079842,M,46-50,10,B,0,1,16,6.0,13.0,18432
1000930,P0040142,F,55+,7,A,2,0,15,13.0,,11548
1000520,P0029942,M,51-55,16,C,0,1,6,6.0,3.0,5381
1003213,P0099242,M,26-35,3,C,4+,1,8,4.0,,5555
1002410,P0051842,F,18-25,3,B,2,1,3,,12.0,18050
1000008,P0013842,M,0-17,17,B,4+,1,9,15.0,9.0,2516
1002526,P0083142,M,18-25,16,C,2,0,9,13.0,6.0,18905
1003424,P0040642,M,55+,2,B,2,0,5,8.0,4.0,14078
1002020,P0010342,M,26-35,8,A,4+,1,16,6.0,,16862
1004591,P0073242,M,55+,5,A,3,1,16,4.0,11.0,15254
1004283,P0094742,F,36-45,1,B,3,0,18,3.0,,16570
1003668,P0017642,M,55+,11,A,1,0,12,15.0,13.0,11986
1003672,P0056742,M,51-55,14,A,3,1,16,7.0,,7369
1002802,P0027842,M,46-50,8,B,1,1,5,8.0,,10045
1000086,P0074442,F,46-50,1,C,3,0,3,5.0,6.0,5666
1003116,P0092242,M,51-55,11,A,1,1,7,4.0,10.0,9914
1004233,P0084042,F,51-55,15,B,1,0,14,11.0,,14005
1002469,P0037542,M,26-35,6,C,0,1,16,16.0,13.0,16615
1003620,P0025142,F,18-25,0,A,1,1,1,,4.0,7768
1001637,P0026342,F,0-17,20,A,4+,1,5,8.0,11.0,14035
1003584,P0038942,M,18-25,6,B,4+,1,8,15.0,,15374
1004010,P0047742,M,18-25,2,A,1,1,2,4.0,,17035
1003327,P0072042,M,0-17,19,C,4+,1,7,13.0,3.0,16267
1002219,P0073742,M,46-50,4,B,3,1,6,12.0,14.0,9212
1002218,P0085142,M,18-25,2,B,4+,1,10,2.0,9.0,17514
1004968,P0040942,M,36-45,14,B,0,0,3,11.0,,13411
1002370,P0048842,M,36-45,5,B,4+,1,6,11.0,12.0,18126
1003639,P0095642,M,26-35,14,C,3,0,2,9.0,,14441
1002504,P0075742,M,26-35,2,C,3,0,17,13.0,18.0,1859
1000944,P0086342,M,55+,0,C,1,1,4,2.0,,11400
1002838,P0028242,M,0-17,1,C,2,1,3,18.0,,5176
1002661,P0092042,M,0-17,3,C,3,0,14,12.0,5.0,16342
1002937,P0040542,M,26-35,20,C,1,1,3,2.0,8.0,19062
1004445,P0017142,M,51-55,13,B,1,0,11,,9.0,8607
1003948,P0031842,M,18-25,13,B,4+,0,10,9.0,16.0,15796
1001677,P0081842,M,51-55,9,B,4+,0,3,,9.0,6085
1001197,P0027242,F,46-50,10,C,1,0,9,5.0,,4937
1004106,P0075242,M,36-45,3,B,0,0,16,2.0,7.0,2246
1002788,P0037142,M,0-17,14,C,1,1,18,16.0,7.0,16935
1001462,P0082542,M,26-35,19,B,4+,0,5,,6.0,15378
1003319,P0056742,M,36-45,3,C,3,0,15,3.0,13.0,4094
1000667,P0036842,M,51-55,19,C,0,1,16,16.0,4.0,16140
1002177,P0011942,M,0-17,19,C,2,0,18,3.0,,5348
1003744,P0067742,M,0-17,15,A,3,1,6,17.0,9.0,9355
1000601,P0091442,M,55+,1,A,4+,1,4,13.0,,9575
1002653,P0060242,M,18-25,12,C,3,0,13,17.0,7.0,12295
1004423,P0024642,M,0-17,7,B,3,1,1,9.0,4.0,2030
1003825,P0052842,M,46-50,12,C,4+,0,2,,13.0,2933
1003907,P0026442,F,0-17,19,C,3,1,15,8.0,9.0,378
1000980,P0098942,M,46-50,20,A,1,1,4,7.0,,19919
1002452,P0040942,M,51-55,7,C,0,1,13,,16.0,15016
1000629,P0061742,M,55+,3,A,4+,0,14,4.0,14.0,6324
1001630,P0011342,F,18-25,4,B,0,1,15,13.0,,3869
1003697,P0023142,M,55+,20,B,1,0,8,13.0,,1614
1003431,P0095342,M,46-50,5,B,4+,0,9,6.0,3.0,10257
1003675,P0085442,M,51-55,18,C,1,0,5,8.0,,10226
1003930,P0053842,F,36-45,9,A,2,1,3,7.0,,8617
1002766,P0084242,M,55+,2,C,2,1,7,18.0,7.0,5437
1004370,P0083942,M,55+,12,B,2,1,8,9.0,,11099
1004781,P0077342,F,0-17,8,C,0,1,16,9.0,,15232
1000116,P0089442,M,55+,16,A,2,1,17,14.0,10.0,5677
1004957,P0036242,M,26-35,9,A,2,1,10,11.0,3.0,12827
1002004,P0074242,M,26-35,11,B,1,1,1,10.0,,11447
1000693,P0032442,M,46-50,12,B,3,1,18,16.0,8.0,13069
1003163,P0035742,M,18-25,9,B,3,1,18,10.0,,17591
1001106,P0033342,F,46-50,18,C,2,1,5,6.0,13.0,7658
1003009,P0043542,M,55+,20,A,3,0,11,16.0,,19176
1002162,P0050842,M,55+,18,C,2,1,1,3.0,,19090
1000154,P0092742,M,51-55,16,B,2,1,11,,12.0,14401
1003700,P0012342,M,55+,4,A,0,0,11,13.0,,1791
1004411,P0037042,M,51-55,7,B,4+,0,5,6.0,3.0,10804
1003787,P0019442,M,55+,4,A,3,1,18,5.0,17.0,11829
1001065,P0024142,M,55+,14,A,2,0,8,7.0,,3255
1004201,P0079342,M,46-50,3,B,3,1,15,,13.0,18917
1001914,P0081742,M,46-50,12,A,0,0,3,18.0,,15994
1001217,P0018042,M,36-45,16,A,0,0,16,4.0,10.0,7042
1002402,P0037342,F,51-55,4,B,2,1,12,14.0,4.0,19938
1001773,P0037542,M,36-45,0,A,3,0,2,,,4856
1001961,P0098242,M,46-50,14,B,3,1,13,16.0,10.0,8957
1002781,P0056442,M,18-25,9,C,3,1,13,13.0,7.0,5268
1004805,P0030742,M,0-17,10,C,0,0,18,6.0,7.0,222
1004747,P0039542,M,51-55,17,B,1,1,16,,,7623
1002872,P0013842,M,26-35,12,A,1,0,10,,4.0,15319
1000661,P0038742,M,36-45,19,C,3,1,7,8.0,15.0,5767
1002636,P0022342,M,51-55,15,B,3,1,2,11.0,7.0,13837
1002330,P0097542,F,0-17,18,B,4+,0,4,3.0,,8221
1003955,P0038242,M,36-45,11,A,2,1,4,14.0,,16837
1002451,P0097742,M,51-55,13,A,0,0,1,3.0,17.0,19354
1001133,P0027942,M,36-45,1,A,4+,0,16,,18.0,276
1000700,P0019642,M,36-45,9,B,3,1,6,,18.0,19672
1002039,P0029042,M,46-50,3,C,1,0,5,7.0,17.0,3068
1004648,P0017342,M,55+,0,B,1,1,6,16.0,8.0,2347
1004501,P0054642,M,46-50,16,A,4+,1,7,10.0,,19115
1004558,P0088442,M,36-45,10,A,1,0,5,18.0,,5905
1002180,P0059642,F,36-45,6,B,1,0,1,3.0,,10637
1002839,P0066042,M,55+,16,A,2,1,2,12.0,4.0,11445
1000874,P0058342,F,26-35,16,A,3,1,10,9.0,12.0,3107
1000084,P0094842,M,0-17,8,B,4+,1,2,7.0,12.0,644
1001423,P0082142,M,55+,9,C,0,1,14,6.0,,6794
1002676,P0021542,F,0-17,5,A,0,0,7,15.0,,11241
1003181,P0063442,M,18-25,16,C,3,0,10,6.0,14.0,10730
1004317,P0019742,M,55+,15,C,0,1,8,14.0,,14353
1003976,P0042742,M,18-25,6,C,1,0,1,9.0,7.0,19110
1001392,P0050642,M,18-25,18,C,2,0,8,6.0,12.0,7576
1003219,P0041242,M,46-50,3,A,4+,1,16,17.0,18.0,19010
1004208,P0080142,M,46-50,19,A,4+,0,14,9.0,15.0,14242
1000615,P0079342,M,26-35,16,B,1,1,10,2.0,17.0,7243
1002972,P0024742,M,46-50,8,A,3,0,18,,,9226
1003566,P0044142,M,18-25,10,B,2,1,2,8.0,,1013
1003577,P0059442,M,51-55,0,C,0,0,5,18.0,,4031
1004571,P0012242,M,36-45,6,B,4+,1,2,12.0,,4318
1000271,P0020442,F,18-25,4,B,4+,1,3,,,16082
1004067,P0077442,F,26-35,4,A,3,1,9,10.0,8.0,7945
1002469,P0067842,F,36-45,0,B,2,1,11,5.0,,9466
1001391,P0090142,M,46-50,5,C,0,1,16,2.0,,1824
1003355,P0090042,M,36-45,12,A,4+,0,14,17.0,,11651
1004136,P0065742,M,51-55,14,A,4+,0,14,17.0,9.0,585
1003608,P0069242,M,26-35,3,A,0,0,11,5.0,10.0,4078
1002584,P0075842,M,46-50,16,C,2,0,11,,,7823
1004074,P0032142,M,0-17,12,B,2,1,18,,12.0,9545
1003076,P0095442,M,18-25,10,A,2,1,11,9.0,,3752
1003907,P0011442,M,55+,3,B,4+,0,14,4.0,5.0,16957
1000290,P0099042,M,51-55,6,C,1,1,18,7.0,7.0,17361
1002481,P0073242,M,51-55,18,C,4+,0,4,,7.0,5343
1003253,P0017742,M,55+,6,C,3,0,13,14.0,10.0,18238
1000279,P0042142,M,18-25,13,A,3,1,2,,,18794
1002925,P0090642,M,26-35,20,A,4+,0,9,2.0,12.0,5574
1000581,P0034042,M,26-35,15,B,4+,0,11,,14.0,17669
1004959,P0011742,M,51-55,20,B,0,0,17,14.0,13.0,11647
1000254,P0086742,M,18-25,8,A,2,1,5,5.0,,3654
1004277,P0055342,M,36-45,1,C,0,0,9,12.0,12.0,1640
1004777,P0054242,M,0-17,15,C,3,0,16,18.0,,11506
1000825,P0037642,M,0-17,4,A,3,1,12,4.0,15.0,11780
1003833,P0052342,M,26-35,11,B,1,1,1,14.0,9.0,8255
1000700,P0057542,M,26-35,19,C,2,1,17,15.0,13.0,10367
1001381,P0012642,M,36-45,14,A,2,1,14,10.0,12.0,1975
1003897,P0061342,M,26-35,2,B,3,1,7,12.0,9.0,17074
1001674,P0096442,M,0-17,8,B,0,1,16,18.0,6.0,17208
1002728,P0056342,M,18-25,6,C,4+,1,15,,,5836
1003157,P0090642,M,51-55,3,C,2,0,4,13.0,15.0,4222
1003389,P0092342,M,0-17,8,C,4+,1,15,16.0,9.0,17170
1004308,P0046242,M,36-45,14,C,3,0,17,8.0,13.0,15024
1000384,P0048242,M,18-25,20,B,1,0,2,8.0,18.0,2840
1000342,P0085042,F,18-25,6,A,3,1,8,,,6677
1001988,P0062442,F,51-55,10,B,4+,0,6,3.0,18.0,13196
1004060,P0048142,M,0-17,18,C,3,0,7,6.0,8.0,17810
1004940,P0028342,M,55+,10,A,2,1,16,7.0,5.0,4240
1003110,P0029342,M,18-25,0,B,4+,0,5,3.0,4.0,5205
1004083,P0056142,M,18-25,20,A,4+,0,18,15.0,5.0,1216
1004516,P0015542,M,26-35,12,B,1,0,11,,11.0,3681
1002799,P0032942,M,18-25,12,A,2,1,2,2.0,11.0,8255
1003241,P0058842,M,36-45,1,B,0,1,7,7.0,,6454
1001989,P0012742,M,18-25,16,B,1,1,15,,3.0,11140
1003415,P0093142,M,26-35,18,C,2,0,9,11.0,18.0,9767
1001850,P0068242,M,46-50,14,B,0,0,2,,15.0,6494
1000306,P0082142,M,46-50,18,C,4+,1,4,,6.0,13910
1003614,P0028342,M,36-45,9,B,1,1,15,,,1021
1002750,P0052442,M,51-55,9,A,4+,0,8,9.0,,8618
1004965,P0047442,M,51-55,8,A,4+,0,4,8.0,8.0,5134
1001136,P0096742,F,55+,18,C,4+,0,8,16.0,10.0,13501
1000206,P0014042,M,55+,10,B,2,0,7,13.0,8.0,819
1004592,P0058342,F,36-45,5,C,0,0,13,15.0,10.0,13425
1003451,P0035942,M,18-25,1,A,2,1,5,12.0,8.0,18454
1003812,P0054042,M,18-25,9,B,4+,1,18,12.0,9.0,13615
1003623,P0095542,M,46-50,14,C,1,0,11,8.0,15.0,5520
1003600,P0018342,M,46-50,4,A,4+,0,6,13.0,11.0,14814
1002552,P0014542,M,0-17,17,A,0,0,4,7.0,15.0,1006
1004309,P0053942,M,46-50,6,B,2,1,3,9.0,3.0,14854
1000310,P0077042,M,55+,2,B,0,1,6,14.0,,10755
1002709,P0095542,M,46-50,20,B,2,0,15,14.0,,6933
1001992,P0061842,M,36-45,15,C,0,0,3,13.0,,6788
1000272,P0094442,M,0-17,16,C,0,0,17,15.0,8.0,11688
1003643,P0053742,F,51-55,1,B,2,1,2,10.0,12.0,13700
1004087,P0023542,M,0-17,15,B,2,1,16,13.0,,933
1001823,P0028242,F,18-25,20,B,2,1,17,3.0,8.0,14212
1003274,P0080842,M,18-25,19,A,3,0,11,11.0,16.0,3933
1004539,P0027142,M,0-17,0,B,0,0,4,13.0,,15179
1004350,P0096042,M,0-17,13,C,3,1,12,10.0,3.0,1264
1000521,P0088742,M,18-25,15,A,3,1,8,2.0,5.0,4970
1000977,P0068942,M,55+,8,B,4+,1,3,16.0,7.0,8326
1003723,P0078942,M,36-45,16,C,3,1,11,11.0,14.0,18806
1003552,P0063842,M,36-45,7,A,3,0,13,5.0,3.0,7165
1004106,P0021942,M,36-45,8,A,2,0,9,,13.0,14617
1002774,P0038042,M,36-45,1,C,2,0,15,,7.0,1853
1002553,P0040742,M,18-25,12,C,1,0,12,5.0,,5830
1002833,P0080742,M,55+,0,A,0,1,10,16.0,15.0,14142
1003908,P0037642,M,26-35,6,C,3,0,4,12.0,4.0,9581
1000153,P0062942,M,46-50,17,A,3,1,7,7.0,14.0,10119
1002965,P0039442,F,46-50,20,A,0,1,9,15.0,15.0,3137
1002917,P0088242,M,46-50,4,A,2,0,6,10.0,10.0,6725
1002801,P0015242,M,46-50,6,A,2,1,7,,12.0,11268
1001753,P0090542,M,18-25,11,B,0,1,17,16.0,,16940
1002611,P0053142,M,26-35,16,C,0,0,4,12.0,9.0,17122
1003876,P0015142,M,18-25,4,B,2,0,2,11.0,,18180
1001105,P0082742,M,26-35,11,B,0,0,17,2.0,,19418
1002537,P0017142,F,18-25,18,B,2,0,7,5.0,13.0,170
1004991,P0012742,M,55+,12,B,0,1,11,2.0,,10284
1004200,P0056842,M,0-17,15,A,2,0,18,3.0,,12576
1003855,P0086342,M,26-35,18,A,1,0,7,3.0,3.0,16472
1003495,P0098542,M,46-50,9,A,2,0,18,2.0,15.0,19443
1001915,P0064642,M,26-35,11,A,2,1,14,17.0,5.0,6977
1003073,P0050042,M,51-55,6,B,3,0,8,11.0,10.0,6453
1001007,P0030042,M,36-45,13,A,2,1,7,16.0,8.0,4387
1000407,P0086042,M,26-35,9,B,0,1,1,5.0,,16671
1000167,P0071042,M,51-55,7,A,4+,1,6,18.0,9.0,2112
1000509,P0091942,F,36-45,14,C,0,1,4,3.0,,4104
1001662,P0056542,M,51-55,15,C,3,1,16,8.0,6.0,12873
1003665,P0075142,M,36-45,7,C,0,0,15,9.0,13.0,3382
1003490,P0069442,M,0-17,3,C,1,0,18,6.0,15.0,3049
1004859,P0065942,M,26-35,16,A,4+,1,18,4.0,13.0,10606
1000681,P0088942,F,51-55,3,C,4+,1,8,14.0,5.0,12586
1002525,P0047842,M,55+,10,C,3,1,10,2.0,8.0,11501
1002121,P0085942,M,0-17,12,B,4+,0,5,17.0,16.0,4043
1004678,P0099442,M,46-50,5,C,2,0,7,2.0,,13401
1004358,P0027642,M,26-35,13,A,3,1,17,,,17118
1001364,P0015142,M,18-25,6,B,1,1,6,,16.0,8000
1001332,P0017842,M,18-25,11,A,4+,1,11,10.0,,13441
1002293,P0048442,F,18-25,0,B,4+,0,10,4.0,,17814
1001539,P0093342,M,55+,9,A,3,1,7,,,12477
1003409,P0067542,M,51-55,0,C,4+,1,7,14.0,3.0,8872
1000561,P0010742,F,51-55,15,B,4+,1,10,12.0,8.0,8828
1001100,P0031342,F,36-45,6,C,1,0,13,8.0,,13689
1001904,P0012442,M,18-25,19,A,1,1,3,13.0,9.0,15875
1000175,P0054942,F,46-50,5,A,3,1,9,10.0,11.0,14236
1002157,P0086742,F,51-55,17,B,4+,1,5,11.0,17.0,6935
1002231,P0085442,M,55+,19,A,0,1,16,18.0,16.0,16675
1004288,P0055642,F,26-35,3,A,3,0,11,,8.0,10941
1004161,P0056042,M,51-55,15,B,1,1,18,,,1766
1003921,P0029742,M,26-35,0,C,0,1,15,,18.0,8411
1001498,P0019342,F,55+,20,B,4+,1,5,18.0,,10820
1003855,P0081842,M,51-55,19,A,3,0,8,11.0,,13826
1003172,P0053642,M,36-45,1,A,3,1,8,3.0,5.0,12982
1001568,P0062642,M,36-45,15,B,1,1,5,14.0,14.0,14736
1001152,P0078942,F,36-45,20,B,2,1,4,10.0,5.0,19595
1000369,P0047742,M,46-50,8,C,2,0,18,15.0,4.0,7129
1004947,P0068642,M,51-55,14,A,2,0,12,6.0,,17283
1000043,P0020342,M,26-35,15,A,3,0,1,17.0,,10769
1001908,P0090542,M,55+,8,C,1,0,8,5.0,4.0,8288
1003491,P0077942,M,51-55,6,B,1,1,9,18.0,,11860
1002536,P0072642,M,55+,9,B,2,1,13,,10.0,12583
1004174,P0013842,M,0-17,6,C,0,1,1,,,11141
1002874,P0055742,F,36-45,12,B,2,0,6,8.0,,2262
1001825,P0046342,M,18-25,1,C,3,0,1,9.0,,4414
1001294,P0088442,F,55+,11,B,0,0,14,18.0,17.0,12600
1004770,P0023442,M,0-17,12,B,1,0,5,15.0,5.0,4412
1004797,P0047342,F,55+,2,B,4+,0,13,12.0,5.0,16699
1004855,P0033142,M,0-17,10,C,0,1,5,,6.0,7973
1003387,P0013842,M,55+,7,C,1,0,15,12.0,,8618
1002973,P0090242,M,36-45,10,C,0,1,3,6.0,8.0,7598
1003923,P0091842,M,18-25,17,A,2,0,4,15.0,6.0,13007
1004998,P0014642,M,36-45,6,A,0,0,3,12.0,,7990
1000993,P0013542,M,55+,11,C,0,1,12,6.0,3.0,15209
1002387,P0093142,M,36-45,5,A,0,1,14,5.0,,11551
1002241,P0019442,M,18-25,9,A,3,1,6,9.0,,9996
1001477,P0046042,F,0-17,19,B,3,1,5,,,4275
1003408,P0062442,M,0-17,14,B,2,0,17,4.0,,14006
1000390,P0024542,F,55+,19,B,4+,0,18,11.0,11.0,4189
1001000,P0046742,M,51-55,14,A,3,0,12,8.0,5.0,3205
1004621,P0016442,M,18-25,18,A,4+,0,18,,9.0,2901
1001856,P0032742,M,0-17,5,C,3,0,5,9.0,5.0,17960
1000659,P0085342,F,46-50,18,A,1,0,13,6.0,15.0,6359
1002764,P0061942,M,36-45,14,A,1,0,4,11.0,,15215
1003664,P0091542,M,55+,19,C,0,1,18,5.0,15.0,1160
1004987,P0095242,M,46-50,19,C,4+,0,9,9.0,11.0,6186
1001482,P0065442,M,46-50,17,C,0,1,2,16.0,,15173
1003732,P0085542,M,51-55,1,B,0,1,10,13.0,18.0,18568
1000452,P0028042,M,51-55,6,C,3,1,13,2.0,,17388
1002476,P0060042,M,51-55,4,B,3,0,6,11.0,,13912
1003223,P0069642,M,46-50,2,A,0,1,8,18.0,,4143
1001538,P0025442,F,26-35,5,A,3,0,13,13.0,,19183
1003094,P0088642,M,26-35,5,B,1,1,4,11.0,15.0,3788
1000883,P0063442,M,46-50,0,B,1,1,7,10.0,10.0,10726
1004409,P0072642,F,36-45,18,B,4+,1,15,12.0,,2795
1004069,P0091742,M,55+,11,A,1,1,5,3.0,16.0,14830
1004936,P0053442,M,46-50,4,A,0,0,17,17.0,,16565
1002567,P0091042,F,55+,6,C,2,1,5,,,4781
1003278,P0019842,M,46-50,19,C,3,0,11,13.0,12.0,15346
1000375,P0071542,M,51-55,7,A,0,1,4,,,15471
1004547,P0047142,M,55+,18,C,3,1,14,13.0,16.0,14936
1003698,P0066242,M,51-55,5,C,4+,0,4,2.0,,17727
1003063,P0046142,M,51-55,14,B,0,1,4,11.0,15.0,14054
1004691,P0021142,M,26-35,5,A,0,1,2,9.0,,6790
1003251,P0055242,M,46-50,8,B,0,1,7,5.0,12.0,8135
1004596,P0085542,F,36-45,3,A,4+,0,1,12.0,5.0,12765
1004560,P0026842,M,36-45,15,A,0,0,12,11.0,,13613
1000113,P0068342,M,51-55,9,B,3,0,12,5.0,,8524
1003198,P0023842,M,51-55,0,A,2,1,9,12.0,6.0,3511
1002379,P0094742,F,46-50,10,B,0,1,7,18.0,15.0,6839
1001925,P0033042,F,36-45,16,B,4+,0,1,12.0,,11140
1000140,P0033842,F,46-50,17,A,4+,1,6,6.0,13.0,10799
1001425,P0035242,F,55+,19,A,0,0,10,15.0,,19163
1002950,P0053542,M,26-35,19,B,4+,0,1,,,3699
1003169,P0066042,M,46-50,14,C,1,1,18,8.0,,18897
1000517,P0052142,M,51-55,5,C,4+,0,3,3.0,16.0,6060
1002617,P0040242,M,0-17,15,A,2,1,11,,14.0,12401
1000888,P0017142,M,26-35,1,A,1,1,14,15.0,17.0,16512
1003105,P0036242,M,36-45,2,C,3,0,6,,15.0,6897
1000050,P0093342,M,36-45,16,A,1,0,11,15.0,5.0,16460
1003952,P0032142,F,51-55,7,A,2,0,7,4.0,,16416
1003561,P0017642,M,51-55,19,C,1,1,8,10.0,,7711
1000019,P0016142,M,26-35,14,A,0,0,5,2.0,15.0,6070
1004822,P0057042,M,51-55,12,C,4+,1,18,8.0,4.0,2712
1001474,P0025642,M,0-17,20,C,0,0,15,17.0,11.0,10821
1004062,P0090542,M,26-35,18,C,0,0,18,13.0,6.0,10669
1002607,P0022442,M,51-55,0,A,0,0,3,11.0,,19090
1000452,P0084042,M,55+,11,B,1,0,10,18.0,6.0,19955
1003766,P0095142,M,18-25,17,B,3,1,15,5.0,5.0,8712
1002439,P0026042,M,0-17,17,B,4+,1,8,12.0,16.0,12899
1004311,P0064042,M,26-35,2,A,1,0,8,14.0,4.0,10274
1001550,P0072542,M,18-25,17,A,0,0,14,,18.0,11237
1003475,P0069042,M,46-50,16,A,2,0,10,5.0,,2125
1000128,P0063442,M,0-17,10,A,2,0,13,16.0,9.0,5600
1004856,P0020542,F,46-50,4,B,0,0,10,2.0,,17255
1002762,P0023042,M,18-25,6,C,3,0,6,13.0,,796
1004457,P0045642,M,36-45,17,A,4+,0,18,14.0,7.0,6274
1004665,P0078442,F,36-45,6,A,1,0,16,18.0,,16068
1001416,P0087542,F,51-55,17,A,3,0,18,8.0,4.0,7065
1000202,P0095342,F,36-45,1,C,2,0,6,15.0,11.0,18700
1002370,P0098442,M,46-50,5,B,0,1,9,3.0,3.0,7276
1000518,P0089642,M,0-17,7,A,1,0,16,6.0,14.0,14611
1001342,P0010142,M,46-50,20,B,3,0,6,17.0,,3962
1004777,P0033242,M,46-50,20,A,3,0,11,,,17974
1001989,P0046842,M,36-45,16,B,3,0,3,2.0,7.0,2600
1003546,P0035042,M,46-50,3,A,1,1,8,5.0,7.0,1432
1004521,P0093242,M,18-25,16,B,4+,1,1,6.0,,12758
1003803,P0020742,F,26-35,15,A,1,1,15,12.0,,931
1003276,P0037542,M,26-35,20,A,0,1,15,5.0,6.0,19747
1003655,P0027942,M,26-35,14,B,1,1,10,,,19980
1002435,P0082442,M,51-55,14,B,3,1,9,9.0,,12854
1004874,P0039242,M,55+,7,C,4+,1,7,4.0,,7313
1000208,P0068342,M,55+,16,C,4+,0,14,17.0,13.0,16245
1002634,P0089442,M,36-45,18,C,0,0,2,13.0,,1223
1004118,P0027442,M,55+,0,C,0,1,13,,12.0,16346
1000154,P0022242,M,36-45,12,B,2,0,4,,,3324
1003367,P0032642,M,26-35,5,C,2,0,7,,,11847
1004315,P0054342,M,0-17,9,A,2,1,8,13.0,,8125
1004765,P0091242,M,51-55,0,B,1,1,16,6.0,11.0,10416
1001519,P0052742,M,26-35,11,A,4+,0,9,10.0,17.0,18627
1002601,P0018242,M,46-50,18,C,0,1,11,11.0,18.0,15578
1002196,P0086442,M,55+,14,C,2,1,14,,8.0,18773
1004499,P0075742,M,26-35,20,C,0,0,4,7.0,3.0,11382
1004692,P0073142,M,55+,4,B,2,1,15,10.0,5.0,14513
1003555,P0016442,M,26-35,1,A,1,1,14,13.0,3.0,14456
1002415,P0038042,F,55+,18,A,1,1,16,9.0,10.0,1459
1002850,P0089442,M,0-17,13,B,3,0,3,4.0,11.0,8648
1001743,P0049042,F,36-45,8,C,0,0,6,,,171
1001307,P0052742,M,55+,0,C,3,1,4,18.0,6.0,6592
1003850,P0071742,M,36-45,12,B,1,1,1,7.0,7.0,17942
1004169,P0091142,M,46-50,16,A,1,0,18,10.0,18.0,1557
1004577,P0020642,F,26-35,1,A,0,1,8,16.0,14.0,19612
1004656,P0064742,F,18-25,13,A,3,0,16,,,6779
1004841,P0075842,M,46-50,19,A,3,0,16,5.0,,2402
1004196,P0036142,M,55+,5,C,3,0,15,14.0,9.0,13165
1002556,P0025842,F,36-45,5,C,0,0,2,18.0,,17192
1002306,P0036442,M,0-17,17,B,0,0,12,2.0,8.0,10896
1004509,P0056742,F,55+,18,B,0,0,4,18.0,,12569
1001089,P0030142,M,36-45,8,B,4+,0,11,17.0,3.0,14159
1002643,P0025442,F,36-45,14,C,1,0,2,,7.0,10965
1001178,P0011242,F,55+,6,C,4+,0,6,3.0,5.0,1390
1004917,P0039642,M,0-17,5,C,4+,1,17,4.0,13.0,17600
1004758,P0099542,M,26-35,4,B,1,1,9,12.0,16.0,6341
1002995,P0093342,M,26-35,18,C,2,0,5,,9.0,4005
1000560,P0059742,M,55+,19,A,2,1,14,,,4944
1002965,P0069642,M,55+,0,C,2,1,16,16.0,13.0,1036
1001272,P0089142,M,55+,20,A,0,0,1,10.0,17.0,6035
1001814,P0034442,M,36-45,6,A,0,0,3,6.0,14.0,3340
1002916,P0039942,F,55+,17,A,3,0,10,11.0,,10552
1000610,P0046142,M,46-50,7,C,3,1,15,6.0,12.0,14829
1002462,P0045342,M,18-25,11,B,4+,0,3,17.0,,4504
1004121,P0092742,F,55+,9,A,3,0,1,10.0,,3280
1000284,P0062042,F,46-50,5,A,0,1,13,12.0,4.0,17070
1002929,P0048542,M,51-55,15,C,4+,1,15,15.0,,15263
1004397,P0085842,M,46-50,18,C,3,1,10,12.0,7.0,177
1001092,P0041142,F,36-45,17,A,3,0,3,17.0,4.0,13992
1000817,P0051342,M,36-45,12,B,2,1,18,17.0,8.0,16995
1000083,P0037742,F,18-25,19,C,0,0,5,6.0,5.0,14485
1001921,P0084942,F,18-25,6,A,4+,1,10,7.0,18.0,3283
1003492,P0081442,F,18-25,6,B,1,1,16,3.0,14.0,18045
1003145,P0085842,M,36-45,15,C,3,1,18,3.0,14.0,10889
1002094,P0084642,F,36-45,9,B,0,1,8,18.0,18.0,18063
1004714,P0069242,M,46-50,14,A,4+,0,13,6.0,15.0,5061
1000176,P0045542,M,36-45,13,B,0,1,8,18.0,,14964
1002705,P0062442,F,51-55,11,A,0,0,13,,18.0,1495
1004938,P0093842,M,26-35,14,C,4+,0,12,6.0,17.0,9815
1000370,P0011542,M,26-35,7,A,2,0,13,11.0,13.0,19608
1001819,P0014442,F,18-25,6,A,2,0,17,12.0,14.0,7943
1002102,P0042042,F,36-45,20,C,3,0,15,,,836
1004786,P0075042,F,51-55,8,A,2,0,9,5.0,3.0,1730
1003491,P0042542,M,26-35,13,B,3,1,4,18.0,6.0,13429
1001780,P0024742,M,46-50,6,C,3,0,12,,11.0,16751
1001365,P0045442,M,0-17,11,B,4+,1,4,13.0,,18926
1004463,P0033542,F,55+,13,C,0,1,13,5.0,,4450
1003343,P0080242,M,46-50,10,A,1,0,3,8.0,4.0,10109
1004740,P0071242,M,0-17,18,B,1,1,5,,6.0,8460
1003677,P0020442,M,51-55,5,C,2,0,13,5.0,,13251
1002427,P0057342,F,46-50,2,B,4+,1,14,11.0,9.0,5690
1000073,P0086142,M,26-35,5,C,1,0,8,5.0,13.0,468
1002963,P0049542,M,36-45,8,C,0,0,11,,3.0,10472
1000860,P0054542,M,0-17,1,B,3,1,8,13.0,15.0,10305
1003857,P0070542,M,36-45,5,B,3,0,12,,,14631
1004139,P0031942,M,51-55,13,B,4+,0,11,,12.0,1513
1002425,P0090942,M,55+,18,B,2,1,17,11.0,,11385
1001065,P0095042,M,55+,3,C,0,0,13,,11.0,14013
1002218,P0054142,F,36-45,13,B,2,1,4,2.0,,6784
1004018,P0074442,M,26-35,20,B,2,0,13,5.0,10.0,5160
1002260,P0097242,M,51-55,9,B,4+,1,9,16.0,15.0,19083
1003752,P0076642,M,55+,5,B,3,0,14,12.0,,3377
1002087,P0012742,F,18-25,10,B,2,1,12,,,3218
1000369,P0089342,M,18-25,12,B,2,0,13,17.0,4.0,4067
1002805,P0057442,F,0-17,17,A,0,0,8,15.0,,5919
1000151,P0072742,F,26-35,19,A,3,0,5,,16.0,3582
1001135,P0040442,M,36-45,13,C,2,1,11,8.0,8.0,17992
1002785,P0084542,M,46-50,19,B,1,0,6,5.0,,5923
1004165,P0050442,M,46-50,19,B,1,0,7,12.0,18.0,15984
1002347,P0061242,F,51-55,10,C,3,1,15,6.0,15.0,9913
1004898,P0060142,M,0-17,20,B,3,1,5,6.0,,18368
1002251,P0044742,M,0-17,4,B,4+,0,9,8.0,8.0,434
1000061,P0033942,M,0-17,7,B,2,1,5,15.0,17.0,5304
1003011,P0066942,M,26-35,3,A,1,0,13,2.0,,8876
1003902,P0094642,M,46-50,11,B,1,1,12,18.0,18.0,9788
1001338,P0079442,M,51-55,5,A,3,1,5,14.0,17.0,17748
1001185,P0043642,M,26-35,7,B,3,1,7,8.0,3.0,13242
1004427,P0012542,M,51-55,3,B,0,0,3,4.0,7.0,1536
1001552,P0050842,M,26-35,19,C,0,0,13,17.0,18.0,5564
1004434,P0017642,M,36-45,9,C,3,0,11,10.0,,4614
1001630,P0031642,M,26-35,10,B,0,0,10,10.0,,9700
1001328,P0042742,F,26-35,14,B,3,1,9,11.0,,9148
1001527,P0093642,M,36-45,4,B,3,0,6,10.0,11.0,16886
1001674,P0087342,M,18-25,2,A,4+,0,14,12.0,,4868
1001362,P0012242,M,36-45,14,B,0,0,10,14.0,14.0,4299
1001574,P0085542,M,0-17,1,C,2,1,17,10.0,14.0,18874
1002687,P0076942,M,55+,1,A,2,1,2,,,11034
1004371,P0081742,M,18-25,7,B,4+,0,2,9.0,,4247
1002367,P0040942,M,55+,13,A,2,1,4,6.0,,12756
1003758,P0069842,F,46-50,8,A,2,1,7,,,723
1002435,P0036642,M,55+,4,A,4+,1,4,7.0,,4949
1001994,P0051442,M,51-55,11,A,1,1,8,14.0,13.0,16094
1000870,P0074542,F,26-35,9,B,4+,1,14,18.0,5.0,3422
1001015,P0036642,M,18-25,0,C,4+,0,3,2.0,18.0,10795
1001912,P0043242,M,46-50,18,A,0,1,11,7.0,14.0,18564
1000603,P0087942,M,36-45,10,C,2,1,3,12.0,17.0,13936
1003822,P0054942,M,36-45,16,A,2,1,5,11.0,10.0,19342
1000691,P0066442,M,0-17,2,C,1,0,16,3.0,7.0,2927
1000494,P0071042,F,55+,0,A,4+,1,11,10.0,9.0,8826
1000490,P0034642,M,0-17,16,A,3,1,1,4.0,,6069
1002557,P0013542,M,18-25,5,B,1,1,9,6.0,,3919
1004486,P0050042,M,55+,12,B,1,1,5,16.0,,4705
1000295,P0012742,M,51-55,19,A,2,0,11,5.0,,226
1004028,P0031942,F,26-35,3,C,2,0,2,15.0,,7327
1002844,P0050542,M,36-45,4,B,2,0,10,,10.0,12489
1002913,P0071342,F,18-25,14,B,2,0,5,6.0,3.0,17735
1001718,P0087442,M,55+,13,B,1,1,17,7.0,7.0,11219
1002597,P0037042,F,18-25,18,B,4+,0,12,,18.0,10638
1004745,P0083542,M,51-55,14,A,2,0,3,15.0,,14145
1001874,P0075042,F,55+,11,C,0,0,7,17.0,,4760
1004664,P0089142,M,18-25,17,B,1,1,11,17.0,,19309
1003259,P0061042,F,0-17,13,B,3,0,11,16.0,,17963
1002818,P0038542,M,51-55,9,C,3,1,12,,10.0,8485
1000445,P0055342,M,36-45,7,B,4+,1,5,7.0,5.0,3681
1003642,P0086142,F,55+,3,C,1,1,10,12.0,16.0,13881
1004459,P0093342,M,0-17,17,A,1,0,12,15.0,11.0,1193
1000742,P0041642,F,0-17,7,B,1,0,14,16.0,6.0,18433
1002042,P0068942,M,51-55,3,C,0,0,1,5.0,14.0,1347
1000680,P0039642,M,51-55,10,B,0,0,14,,16.0,8923
1002468,P0043742,F,18-25,4,A,2,1,7,18.0,,3759
1003698,P0040642,M,46-50,9,C,3,0,10,7.0,,16133
1001359,P0052742,M,46-50,5,C,0,0,12,12.0,14.0,5419
1000063,P0045042,F,46-50,3,C,3,0,6,7.0,,14354
1002560,P0061042,M,55+,17,B,1,1,16,9.0,,7454
1003770,P0062442,M,55+,20,C,0,1,10,12.0,13.0,2348
1004352,P0095742,M,18-25,16,C,3,1,12,12.0,11.0,11465
1000135,P0059142,F,26-35,6,C,0,1,10,12.0,10.0,8123
1003645,P0069342,F,55+,8,A,1,0,10,12.0,14.0,9624
1004971,P0010842,F,36-45,2,C,1,1,11,14.0,11.0,2193
1004918,P0059642,M,18-25,8,C,1,1,9,2.0,14.0,16666
1002136,P0082442,M,18-25,3,C,2,0,9,4.0,17.0,12660
1003279,P0065942,M,0-17,18,A,3,0,12,11.0,7.0,11275
1000823,P0066042,M,46-50,8,C,2,0,2,16.0,,4872
1003075,P0092042,M,51-55,19,B,4+,1,14,12.0,5.0,10882
1002982,P0053942,M,18-25,5,C,4+,1,9,14.0,13.0,7020
1000121,P0065142,F,26-35,10,B,0,0,18,,7.0,7882
1001638,P0097442,F,55+,14,A,0,1,13,16.0,10.0,13922
1000925,P0089142,M,36-45,5,A,0,0,16,,14.0,16707
1000645,P0083742,F,26-35,19,C,2,0,13,2.0,,18391
1002033,P0020742,F,18-25,9,C,1,1,8,10.0,18.0,16967
1002762,P0034442,M,18-25,17,A,0,0,12,9.0,12.0,3942
1002069,P0035442,M,0-17,15,A,0,0,10,16.0,17.0,445
1000242,P0013242,M,26-35,3,A,4+,1,2,,10.0,14366
1002669,P0012242,M,0-17,19,B,1,1,15,2.0,,11203
1000803,P0094442,M,51-55,12,B,2,1,17,3.0,15.0,3208
1004165,P0066542,M,26-35,4,C,1,1,6,15.0,,15457
1000196,P0092042,F,46-50,19,B,4+,0,3,8.0,10.0,4424
1002188,P0014842,M,51-55,18,A,2,1,11,6.0,,13486
1003516,P0056142,M,46-50,17,C,3,1,5,,,19113
1002331,P0068942,M,26-35,19,B,0,0,13,2.0,5.0,7944
1002360,P0043542,M,0-17,16,C,2,0,16,7.0,17.0,5636
1004842,P0045742,M,46-50,15,B,4+,0,10,8.0,15.0,11793
1003607,P0022142,M,18-25,0,C,1,0,13,17.0,16.0,4532
1000277,P0054342,F,55+,20,A,2,1,11,13.0,7.0,1952
1000061,P0045842,M,36-45,0,A,4+,1,16,8.0,3.0,3097
1003391,P0070142,F,0-17,19,A,2,1,6,5.0,4.0,10821
1001914,P0044542,M,51-55,13,B,0,0,1,6.0,10.0,1862
1003928,P0029242,M,55+,1,C,1,0,8,2.0,,14857
1002592,P0051542,M,51-55,14,C,1,0,17,18.0,,15381
1000567,P0047642,F,26-35,2,C,2,0,10,4.0,,19449
1003936,P0056242,F,51-55,12,B,4+,0,2,18.0,,7503
1001572,P0085542,M,36-45,18,A,0,1,6,4.0,11.0,9795
1004718,P0076042,M,36-45,0,A,0,1,2,,,8917
1001201,P0024542,M,18-25,12,C,2,0,18,15.0,,11386
1004410,P0057742,F,51-55,14,C,3,0,14,9.0,,752
1002855,P0092742,M,0-17,15,B,2,1,6,9.0,16.0,15202
1002896,P0098942,M,36-45,10,C,0,1,12,7.0,,16767
1001237,P0075242,M,0-17,2,C,1,1,8,6.0,,19699
1000137,P0050742,M,18-25,7,B,2,0,3,,,17439
1001030,P0038542,F,26-35,5,C,2,0,5,5.0,7.0,17319
1002157,P0099742,M,36-45,4,A,1,0,17,5.0,5.0,14224
1002595,P0095042,M,36-45,14,B,2,1,5,9.0,3.0,9853
1000662,P0021042,M,36-45,8,A,4+,1,14,,,17934
1002473,P0071942,M,51-55,4,C,1,1,14,11.0,9.0,948
1002678,P0097842,M,0-17,20,C,1,0,9,9.0,,9538
1002309,P0089242,F,55+,9,B,1,1,8,,7.0,12232
1000087,P0014942,M,36-45,5,B,0,0,11,16.0,13.0,16883
1002513,P0011342,M,0-17,10,B,2,0,18,,3.0,3793
1002943,P0023342,M,51-55,3,B,3,0,9,6.0,5.0,7975
1002774,P0068742,M,46-50,19,C,2,0,2,17.0,5.0,11406
1002505,P0069542,M,46-50,11,C,2,1,2,,,15230
1003311,P0044242,F,0-17,19,A,0,0,6,12.0,,17158
1001701,P0076942,M,51-55,5,A,4+,1,6,10.0,7.0,8888
1003671,P0038542,F,46-50,0,B,4+,0,11,7.0,16.0,4464
1002701,P0041342,M,18-25,17,C,0,1,10,13.0,6.0,9002
1003630,P0070542,M,18-25,1,B,0,1,13,5.0,,12928
1004591,P0039642,M,46-50,4,B,0,0,2,10.0,,11553
1001648,P0070542,F,26-35,15,B,2,0,14,15.0,,4072
1003319,P0066842,F,0-17,11,B,0,0,1,15.0,9.0,6223
1003688,P0026342,M,46-50,11,B,3,1,12,15.0,11.0,7744
1000597,P0093142,M,0-17,10,C,1,1,18,13.0,8.0,877
1004546,P0059642,M,55+,19,A,4+,0,16,2.0,3.0,14028
1000485,P0070942,M,55+,18,B,3,0,5,2.0,4.0,14562
1000646,P0011542,F,51-55,20,C,4+,1,14,13.0,,8577
1003090,P0044342,F,55+,6,B,2,0,11,,,15108
1004758,P0017742,M,55+,1,C,2,0,17,5.0,4.0,11031
1004854,P0044542,M,46-50,5,A,0,0,15,16.0,14.0,5736
1004385,P0017142,M,18-25,3,A,4+,0,16,10.0,,15523
1000721,P0036942,M,51-55,1,C,2,1,14,4.0,4.0,9961
1004734,P0038642,M,55+,16,B,2,1,17,2.0,,10504
1000499,P0016542,M,26-35,7,A,4+,0,4,16.0,5.0,9647
1004730,P0097942,M,0-17,4,B,2,0,14,4.0,11.0,13341
1001674,P0016742,F,26-35,9,B,0,1,4,7.0,4.0,14192
1003068,P0029242,M,55+,15,C,2,0,3,10.0,17.0,11112
1000115,P0015442,F,18-25,1,B,3,0,4,16.0,,5687
1002980,P0047842,F,55+,18,C,3,1,6,9.0,4.0,14324
1004770,P0026742,M,36-45,6,C,0,1,4,9.0,15.0,13368
1001737,P0050842,F,36-45,1,C,3,1,7,17.0,10.0,15289
1003612,P0060742,M,0-17,12,A,2,1,7,2.0,,6634
1002254,P0063642,F,51-55,3,B,3,1,18,17.0,15.0,1799
1002295,P0074242,M,18-25,15,C,3,1,12,12.0,3.0,10161
1003631,P0093642,F,55+,9,C,2,1,16,12.0,9.0,16434
1000147,P0020142,M,0-17,16,B,4+,0,6,8.0,15.0,1249
1003983,P0098542,M,51-55,20,A,0,0,5,3.0,5.0,212
1003454,P0089342,M,0-17,13,C,4+,1,10,3.0,,13813
1004508,P0090742,M,0-17,11,C,4+,0,17,8.0,,4932
1002411,P0090542,M,26-35,12,C,3,1,3,16.0,5.0,8492
1000137,P0052142,M,46-50,19,C,1,1,9,,,1715
1003361,P0087442,F,18-25,7,B,4+,1,10,18.0,17.0,3744
1003006,P0057742,M,26-35,16,C,2,0,10,17.0,,17338
1003553,P0021942,M,51-55,17,A,2,1,6,2.0,18.0,17033
1000019,P0084242,M,46-50,20,B,2,1,4,5.0,,4948
1002243,P0039042,M,0-17,9,A,1,0,11,,14.0,3235
1000449,P0058742,M,36-45,12,B,1,1,9,,,2769
1001949,P0026042,M,55+,1,B,0,0,12,4.0,,8341
1000946,P0077242,F,26-35,16,B,1,0,10,14.0,18.0,19335
1004237,P0017742,M,18-25,5,A,0,1,6,10.0,12.0,11625
1001921,P0013742,F,18-25,11,A,2,1,13,2.0,18.0,17688
1002978,P0049342,M,46-50,12,C,1,0,5,18.0,,18006
1004189,P0054042,F,26-35,3,A,3,1,4,,11.0,15964
1004016,P0063942,M,0-17,14,C,3,1,3,,16.0,14817
1000239,P0056142,M,46-50,15,B,3,1,5,9.0,,7634
1000205,P0071142,M,51-55,20,C,1,0,18,17.0,,12702
1002608,P0039342,F,18-25,18,A,1,1,3,11.0,18.0,9114
1004341,P0049942,M,51-55,14,B,1,1,5,,6.0,11955
1004928,P0073542,F,26-35,5,B,3,1,9,,,6907
1003389,P0019142,M,36-45,19,C,2,0,6,17.0,9.0,18171
1002973,P0086642,M,51-55,5,C,4+,1,15,11.0,4.0,16048
1004391,P0070842,M,55+,4,A,2,0,18,,12.0,4845
1002688,P0010542,M,0-17,1,B,1,0,8,6.0,9.0,2621
1004952,P0078042,F,55+,19,C,4+,0,12,6.0,15.0,5480
1004167,P0099442,M,18-25,1,B,4+,0,6,13.0,3.0,1716
1001349,P0037042,M,55+,4,A,2,0,8,18.0,,4803
1004401,P0071942,M,26-35,2,B,3,0,15,3.0,14.0,7390
1000817,P0099842,M,36-45,5,C,0,0,16,17.0,9.0,13257
1000821,P0091042,M,18-25,10,A,3,0,5,,9.0,14772
1000193,P0065842,M,36-45,4,A,3,0,11,12.0,4.0,3121
1001777,P0019842,M,18-25,17,B,4+,1,17,6.0,8.0,4303
1003646,P0062542,M,46-50,13,C,1,0,13,14.0,5.0,12154
1004625,P0029342,M,55+,9,B,1,0,16,5.0,13.0,15157
1000251,P0025642,M,46-50,2,B,4+,1,18,9.0,15.0,11508
1001789,P0076542,M,46-50,15,B,3,1,13,15.0,,4029
1003701,P0021442,F,26-35,15,C,2,0,3,9.0,17.0,9985
1002464,P0049542,F,46-50,10,B,0,1,3,11.0,17.0,9285
1001168,P0086942,F,26-35,3,B,3,1,6,12.0,5.0,12925
1003894,P0075642,F,0-17,10,A,3,0,15,8.0,11.0,10282
1001097,P0090242,M,46-50,7,A,0,0,3,3.0,,4648
1002680,P0062142,M,26-35,15,A,2,0,3,12.0,17.0,120
1001848,P0097942,M,18-25,7,C,0,0,3,11.0,12.0,17152
1003905,P0031342,M,26-35,8,B,4+,0,18,10.0,13.0,4355
1000505,P0084442,M,51-55,13,B,0,0,8,5.0,5.0,9275
1001622,P0078242,F,26-35,7,A,0,0,16,3.0,3.0,5647
1002473,P0063242,M,55+,15,B,3,0,3,18.0,6.0,6043
1002547,P0011442,M,51-55,1,C,3,0,11,12.0,10.0,15812
1001388,P0051842,M,18-25,19,B,1,1,16,,10.0,7847
1002995,P0046742,M,55+,18,A,0,1,2,,,5870
1003817,P0073742,M,26-35,19,C,4+,1,1,13.0,7.0,4872
1000718,P0095242,F,55+,19,B,1,1,8,11.0,,18973
1003485,P0095242,M,18-25,18,B,0,1,12,5.0,,8297
1004435,P0031242,F,55+,18,B,3,0,18,9.0,6.0,502
1000659,P0079942,F,51-55,17,C,4+,0,18,17.0,,4172
1004009,P0078342,M,36-45,12,B,2,0,11,,11.0,12232
1004525,P0085842,M,46-50,16,A,1,0,18,13.0,5.0,8134
1004995,P0010442,M,51-55,0,A,3,1,6,14.0,18.0,3083
1004235,P0033042,M,0-17,20,A,2,0,1,,,16543
1003765,P0030042,M,26-35,4,A,0,0,9,4.0,,8265
1002990,P0098442,F,55+,19,C,4+,1,16,14.0,16.0,6411
1004638,P0050142,M,18-25,20,A,3,0,5,13.0,17.0,8869
1002105,P0024842,M,46-50,12,A,3,1,17,6.0,14.0,2001
1001256,P0068342,M,55+,5,A,4+,0,8,17.0,10.0,17540
1002483,P0059142,M,26-35,9,C,3,1,18,4.0,6.0,1399
1000384,P0032542,M,46-50,8,C,3,1,12,3.0,10.0,13835
1002608,P0068542,M,36-45,5,B,0,0,16,11.0,11.0,5359
1000194,P0091842,M,26-35,0,A,1,0,14,7.0,,5268
1003808,P0026842,M,55+,17,B,2,0,4,10.0,6.0,18181
1003720,P0086042,F,18-25,6,C,4+,0,8,4.0,7.0,966
1002582,P0089142,F,36-45,9,B,2,0,12,11.0,,9674
1002566,P0025142,M,26-35,11,C,4+,1,11,10.0,4.0,17432
1002764,P0032342,M,46-50,20,B,4+,1,13,,,16549
1002799,P0060342,M,55+,14,A,3,1,8,16.0,6.0,1407
1002340,P0083642,M,36-45,16,C,0,1,18,,16.0,4662
1003407,P0064942,F,18-25,2,C,4+,0,13,17.0,12.0,1819
1000732,P0014342,M,26-35,14,C,2,1,4,17.0,13.0,15895
1002873,P0079642,M,46-50,0,A,1,0,1,,,10350
1003121,P0060342,M,55+,10,A,2,1,10,7.0,,9055
1004781,P0034042,F,46-50,5,C,0,0,6,10.0,,16659
1004178,P0094242,F,51-55,15,C,1,0,11,,,18205
1002605,P0045042,M,36-45,20,A,3,0,7,3.0,18.0,2844
1002383,P0082142,M,55+,11,A,2,0,10,3.0,7.0,9289
1000532,P0012242,M,26-35,20,A,2,1,12,14.0,14.0,18363
1004317,P0073542,M,51-55,14,A,4+,1,6,,15.0,4189
1000635,P0069742,M,46-50,17,A,4+,1,6,17.0,18.0,19737
1001770,P0014242,F,36-45,9,A,1,1,4,17.0,12.0,13029
1003805,P0056542,M,0-17,11,B,3,1,2,9.0,6.0,11405
1002371,P0013942,F,55+,19,A,4+,1,7,13.0,,2391
1000003,P0040242,F,46-50,18,A,2,0,7,17.0,3.0,10953
1000206,P0078042,M,36-45,4,C,1,1,2,17.0,6.0,2796
1004136,P0027442,M,0-17,17,C,4+,0,10,13.0,14.0,132
1002622,P0063142,F,55+,18,B,4+,0,14,18.0,,18908
1004740,P0056042,M,36-45,11,A,0,0,5,2.0,5.0,10663
1002891,P0072042,M,46-50,0,C,1,1,8,,,16931
1003194,P0029242,M,0-17,1,C,1,0,18,,10.0,11554
1002667,P0034342,M,55+,2,B,3,1,5,3.0,4.0,18923
1003307,P0093542,M,36-45,11,A,4+,1,4,10.0,,10699
1000898,P0037942,M,26-35,13,C,1,1,11,,,13548
1001086,P0083942,M,0-17,6,A,3,0,5,12.0,6.0,5277
1001280,P0013542,M,36-45,3,B,4+,0,16,3.0,,15252
1000671,P0065642,M,26-35,11,B,2,1,9,,,9971
1001506,P0099742,M,0-17,7,A,0,1,6,9.0,8.0,4773
1003576,P0063942,M,36-45,0,B,3,0,8,12.0,,3282
1004815,P0025342,M,46-50,4,C,0,1,1,14.0,,11022
1001956,P0012242,M,0-17,0,B,2,1,1,18.0,15.0,5576
1000250,P0081842,F,0-17,14,B,1,0,5,,,3154
1001893,P0019042,F,55+,12,A,4+,1,18,15.0,16.0,9816
1003440,P0048942,F,26-35,12,C,1,1,4,,7.0,5679
1001854,P0045842,F,51-55,3,A,0,1,16,6.0,,2611
1002855,P0064942,M,55+,14,A,1,1,7,,,2050
1001504,P0032742,M,51-55,11,A,1,1,15,5.0,,11003
1003386,P0030142,M,36-45,7,B,3,1,18,,,19995
1003572,P0044942,F,46-50,15,B,3,1,9,6.0,16.0,19965
1003793,P0092042,F,26-35,11,A,2,0,7,16.0,,7581
1003427,P0086542,M,0-17,5,B,3,0,1,18.0,,2174
1000044,P0013742,M,51-55,14,B,3,1,13,9.0,6.0,18569
1003613,P0083242,M,26-35,6,A,3,0,4,4.0,12.0,9812
1002619,P0059942,M,26-35,4,C,3,1,2,9.0,8.0,10206
1004679,P0079842,M,55+,14,C,2,1,10,3.0,11.0,14968
1003164,P0014242,F,26-35,11,B,3,0,5,15.0,15.0,690
1001289,P0097042,M,0-17,10,C,3,0,3,15.0,,11351
1002943,P0072542,F,55+,3,C,0,1,5,7.0,12.0,12156
1000220,P0087142,M,18-25,12,B,3,0,11,15.0,16.0,19129
1001926,P0061642,M,26-35,17,C,2,0,18,3.0,,13533
1002973,P0016742,F,18-25,7,B,2,0,2,2.0,,14094
1003514,P0083942,M,51-55,6,A,1,1,16,10.0,11.0,5910
1002449,P0022242,M,46-50,15,C,3,1,18,11.0,7.0,4158
1003472,P0078442,M,55+,2,A,4+,0,6,2.0,17.0,5755
1002775,P0043542,F,51-55,15,A,1,1,15,13.0,,12237
1000991,P0025242,M,55+,15,B,2,1,12,18.0,9.0,17278
1002947,P0087842,M,46-50,6,C,1,0,4,10.0,15.0,1440
1001813,P0076842,M,46-50,12,C,4+,1,12,16.0,15.0,13220
1004954,P0026142,F,55+,12,C,0,0,11,5.0,,13139
1000804,P0031342,F,51-55,20,C,4+,0,9,12.0,14.0,10829
1000490,P0047542,M,36-45,18,B,1,0,1,17.0,16.0,15552
1003557,P0054242,M,0-17,17,A,3,1,18,15.0,6.0,2167
1001494,P0052242,F,18-25,6,C,0,1,6,17.0,14.0,18467
1003646,P0063742,M,36-45,19,C,4+,1,12,16.0,11.0,11977
1002892,P0090342,M,18-25,17,B,3,1,3,4.0,8.0,5065
1001706,P0080042,M,55+,17,C,4+,1,1,4.0,15.0,4543
1003517,P0073342,M,0-17,3,C,2,0,7,,,9338
1003341,P0032942,M,55+,8,A,3,0,18,11.0,7.0,15354
1000054,P0015842,M,26-35,20,C,2,1,12,16.0,6.0,654
1002576,P0019542,M,55+,15,C,0,1,16,15.0,6.0,11327
1003592,P0036142,F,51-55,3,A,0,1,7,2.0,,665
1000616,P0045342,M,36-45,7,C,0,0,17,11.0,,16012
1000955,P0041142,M,55+,2,A,0,1,4,12.0,,7962
1002434,P0023542,F,0-17,8,B,2,1,10,18.0,,15297
1001630,P0096142,F,51-55,7,A,2,1,6,,12.0,13840
1002782,P0089442,M,36-45,11,A,1,1,2,7.0,11.0,5141
1000650,P0057242,M,55+,13,C,1,0,4,3.0,,425
1002348,P0073142,M,46-50,9,C,2,1,18,11.0,6.0,11254
1004491,P0052942,M,55+,20,C,0,1,1,2.0,4.0,18599
1003279,P0063642,M,36-45,16,C,1,1,1,9.0,12.0,13434
1002641,P0095342,M,26-35,10,A,3,0,16,7.0,5.0,11811
1003802,P0024542,M,26-35,9,B,2,1,13,6.0,12.0,6532
1002562,P0062342,F,18-25,12,C,3,0,14,2.0,13.0,6831
1003250,P0018642,M,36-45,1,A,0,1,11,7.0,18.0,7495
1000371,P0020842,M,55+,0,B,2,1,8,8.0,,17054
1000858,P0052242,M,46-50,0,B,1,1,10,,,16023
1004887,P0044442,M,55+,15,B,1,1,16,3.0,,10944
1004754,P0036542,M,26-35,9,A,3,1,7,17.0,12.0,12906
1000384,P0083342,F,18-25,9,C,2,0,5,16.0,14.0,16221
1003878,P0068542,M,55+,6,A,0,1,10,8.0,,12151
1002553,P0059342,M,46-50,6,C,4+,0,18,,6.0,338
1004335,P0043242,M,46-50,0,B,4+,1,7,15.0,,7816
1004291,P0092142,M,55+,12,B,0,1,4,3.0,,11825
1002726,P0051242,M,46-50,4,A,1,1,10,6.0,7.0,1093
1004035,P0071342,M,0-17,2,B,4+,1,18,10.0,12.0,2138
1003294,P0074842,F,26-35,12,A,0,1,18,,17.0,5516
1004252,P0029042,F,0-17,11,C,3,1,3,7.0,,10170
1003989,P0024142,M,0-17,17,B,1,0,13,10.0,9.0,18251
1000923,P0096842,F,26-35,4,C,0,1,14,13.0,17.0,3048
1002916,P0017242,F,36-45,4,B,3,1,14,9.0,,18963
1002951,P0093942,M,51-55,1,C,2,0,1,16.0,11.0,3170
1003047,P0026642,F,18-25,5,B,4+,1,5,15.0,17.0,6701
1000975,P0026742,M,55+,6,C,4+,1,10,3.0,18.0,5997
1001231,P0066542,F,51-55,0,B,4+,1,14,10.0,,1568
1002436,P0035842,M,51-55,2,A,0,0,7,17.0,10.0,7534
1001815,P0053842,M,51-55,19,C,2,0,15,14.0,,13725
1002935,P0021042,M,51-55,1,C,0,1,9,11.0,,18198
1004934,P0084342,M,26-35,9,A,0,1,10,16.0,,7008
1001364,P0077242,F,51-55,10,A,2,1,8,15.0,4.0,4691
1003941,P0096342,M,18-25,20,A,3,1,9,18.0,11.0,4768
1000204,P0093842,M,55+,12,B,1,0,11,3.0,5.0,4848
1000161,P0063042,M,36-45,15,A,4+,1,8,12.0,17.0,4496
1004488,P0038942,M,26-35,19,B,2,0,18,15.0,,15731
1000769,P0066142,M,51-55,10,B,3,0,5,15.0,13.0,14297
1003749,P0060942,M,46-50,17,A,2,0,8,,8.0,4803
1002582,P0027442,M,55+,10,A,1,0,2,10.0,10.0,17552
1001094,P0040142,M,26-35,0,B,2,0,18,17.0,17.0,12518
1004501,P0079542,M,36-45,17,C,2,1,18,17.0,,13517
1000608,P0028442,M,51-55,19,C,3,1,16,7.0,,520
1001541,P0043842,F,0-17,4,A,4+,1,4,7.0,,14699
1002876,P0060942,M,26-35,1,C,4+,1,17,,,17508
1003192,P0091842,M,55+,17,B,3,0,6,8.0,5.0,17974
1001838,P0040942,M,55+,6,C,3,1,12,10.0,,12346
1000690,P0060642,M,46-50,10,B,0,1,7,14.0,12.0,4815
1003760,P0044542,M,55+,10,A,0,1,14,8.0,11.0,4578
1002950,P0018042,M,26-35,12,A,1,0,12,15.0,14.0,14344
1002104,P0047342,M,0-17,3,C,0,1,2,7.0,,6271
1000366,P0025542,M,26-35,0,A,0,1,4,12.0,13.0,8892
1003576,P0088642,M,46-50,17,A,2,1,8,13.0,,8900
1004551,P0089442,F,36-45,11,B,2,0,10,18.0,14.0,13594
1004200,P0053142,M,46-50,9,B,3,0,17,,4.0,10657
1004173,P0059942,M,36-45,7,B,4+,1,7,15.0,18.0,10354
1004326,P0086042,M,46-50,2,B,1,1,10,7.0,,12484
1002379,P0024642,M,18-25,6,A,0,1,17,11.0,10.0,8163
1001206,P0058042,M,26-35,19,B,2,0,16,13.0,8.0,10995
1004989,P0053442,M,55+,10,B,4+,1,13,7.0,,19470
1003840,P0061842,M,26-35,6,B,0,0,18,,11.0,8146
1002736,P0076842,M,0-17,6,C,4+,1,5,4.0,,10941
1003348,P0078242,M,18-25,8,B,2,0,8,18.0,,6136
1001676,P0016842,M,0-17,2,A,3,1,7,10.0,14.0,9822
1000299,P0070542,M,26-35,10,A,0,0,18,,,1731
1000957,P0098042,M,0-17,16,B,0,0,6,12.0,11.0,15502
1001115,P0097442,M,36-45,7,C,1,0,13,16.0,14.0,14655
1002506,P0098742,M,18-25,19,C,0,1,9,16.0,,11597
1001475,P0028542,M,55+,1,C,2,0,8,15.0,15.0,3574
1004461,P0078142,M,46-50,20,C,4+,1,12,2.0,11.0,7806
1004447,P0030342,M,36-45,19,B,4+,1,10,14.0,13.0,1991
1003727,P0065342,F,51-55,0,B,3,0,7,,,19153
1003472,P0011242,M,46-50,15,A,3,0,7,18.0,7.0,19714
1002829,P0076542,M,0-17,3,A,2,0,17,,10.0,9829
1002851,P0037342,M,26-35,8,C,4+,1,5,10.0,7.0,4172
1002507,P0039742,M,36-45,7,C,3,1,10,11.0,15.0,8645
1003771,P0015042,M,18-25,0,A,3,0,15,18.0,7.0,13214
1002965,P0059942,M,46-50,7,A,1,1,13,8.0,7.0,13723
1004595,P0046842,M,51-55,4,C,1,0,14,17.0,,2856
1000950,P0082342,F,36-45,0,A,2,0,17,12.0,,8406
1004604,P0075542,M,55+,6,C,2,1,7,7.0,7.0,19066
1002851,P0045642,F,55+,14,B,2,0,4,14.0,12.0,14474
1000166,P0010242,M,26-35,6,C,2,0,9,7.0,,3756
1003487,P0035342,M,18-25,0,B,4+,1,14,15.0,,15302
1002510,P0057442,M,18-25,8,B,0,1,3,13.0,,19417
1000920,P0094642,M,46-50,0,B,2,0,4,16.0,10.0,13008
1000114,P0060542,M,36-45,11,A,1,1,2,13.0,12.0,12496
1003505,P0035542,M,36-45,6,A,0,0,8,17.0,,7464
1000992,P0070942,M,18-25,8,C,0,1,2,,17.0,16753
1003840,P0078442,M,55+,4,B,4+,0,4,11.0,17.0,10422
1001259,P0024942,M,0-17,11,C,3,1,2,13.0,13.0,12013
1003427,P0058742,M,18-25,1,B,0,1,4,4.0,5.0,3860
1000515,P0037842,F,26-35,17,B,4+,1,9,,6.0,4760
1004805,P0015842,M,36-45,8,C,4+,0,2,13.0,,195
1003197,P0054542,F,55+,0,C,4+,1,17,4.0,,5905
1004435,P0021242,M,46-50,9,C,2,0,1,10.0,,12964
1002585,P0093542,M,36-45,13,C,3,0,6,3.0,14.0,9113
1000068,P0085442,M,55+,20,A,2,0,16,11.0,,3804
1001597,P0092142,M,18-25,13,B,1,0,4,7.0,,5789
1004479,P0066842,F,26-35,6,B,3,1,5,8.0,12.0,11018
1000019,P0058842,M,0-17,11,A,2,0,5,3.0,8.0,14782
1002731,P0050642,F,55+,5,B,3,1,9,17.0,,13765
1003522,P0046642,F,55+,12,A,1,0,5,18.0,,17458
1000573,P0015942,M,36-45,7,B,2,1,2,4.0,,4804
1002259,P0042842,M,18-25,20,A,3,1,7,17.0,4.0,18710
1002903,P0082742,M,51-55,1,A,1,0,15,4.0,11.0,11450
1000651,P0056842,M,18-25,9,B,4+,1,8,3.0,3.0,10977
1002588,P0084442,M,18-25,5,B,3,0,3,4.0,8.0,7729
1003263,P0066642,M,26-35,15,B,1,1,11,2.0,12.0,4425
1001339,P0098442,M,18-25,9,C,4+,0,10,9.0,6.0,5456
1004997,P0081942,M,55+,14,B,1,0,4,,,12344
1003635,P0016242,M,18-25,20,B,0,0,12,,8.0,5034
1002828,P0028342,F,18-25,19,B,1,1,13,8.0,13.0,987
1002218,P0041042,M,36-45,9,C,2,1,7,17.0,,1966
1003540,P0089242,M,18-25,10,B,2,1,16,18.0,5.0,15336
1001038,P0063742,M,26-35,20,A,2,1,10,5.0,18.0,14030
1004384,P0027642,F,51-55,1,A,2,0,7,6.0,,15646
1003979,P0067442,M,36-45,9,C,0,1,3,15.0,14.0,16574
1002962,P0052842,F,55+,20,C,0,1,2,7.0,9.0,3351
1003227,P0017242,F,51-55,11,C,0,1,1,,,14340
1001099,P0094642,F,18-25,10,C,4+,1,16,6.0,4.0,19144
1002325,P0026642,M,0-17,14,C,3,0,13,17.0,10.0,3085
1000940,P0032442,M,51-55,3,B,2,1,3,17.0,,3877
1003717,P0067642,F,26-35,4,A,3,1,14,12.0,6.0,5977
1003415,P0068042,F,0-17,0,A,2,0,18,7.0,5.0,16836
1001449,P0010842,F,26-35,0,B,2,1,11,2.0,14.0,1674
1000571,P0033542,M,55+,9,C,2,0,3,18.0,11.0,3176
1002905,P0080942,M,0-17,3,B,0,1,2,9.0,,4166
1002506,P0078442,M,18-25,12,C,4+,1,6,8.0,11.0,17541
1000918,P0089342,F,0-17,13,A,2,1,4,2.0,,18572
1001875,P0012742,M,55+,18,A,2,0,13,5.0,17.0,18807
1004929,P0090742,M,51-55,4,C,2,0,8,9.0,17.0,6837
1001679,P0074542,M,0-17,10,B,1,0,15,15.0,15.0,5374
1000616,P0012642,M,26-35,7,C,2,1,1,6.0,6.0,7131
1004502,P0064942,M,18-25,0,C,0,1,16,5.0,4.0,8118
1001750,P0029542,M,26-35,4,A,0,0,5,7.0,16.0,16556
1003826,P0030242,M,18-25,20,C,3,1,13,7.0,,2743
1004189,P0018442,M,51-55,17,B,0,0,17,10.0,,19633
1002478,P0093142,M,46-50,12,C,3,0,2,9.0,,19192
1004750,P0012942,F,36-45,4,A,4+,1,13,3.0,,14992
1003506,P0056542,M,51-55,6,B,1,1,2,14.0,3.0,3037
1003476,P0019842,M,55+,11,B,0,0,11,4.0,8.0,17662
1004530,P0099842,F,51-55,1,A,2,0,15,,,3120
1001136,P0028942,M,36-45,12,A,4+,1,9,,6.0,6885
1004001,P0011142,F,26-35,13,C,2,1,4,3.0,7.0,4160
1000375,P0070242,F,51-55,5,A,3,0,17,10.0,,4824
1000207,P0012942,M,18-25,15,A,3,1,15,11.0,,4450
1004876,P0082442,M,0-17,9,A,1,0,7,,7.0,1074
1001320,P0013742,M,51-55,10,A,4+,1,13,7.0,16.0,16988
1001142,P0095242,F,36-45,0,B,3,0,8,14.0,7.0,14838
1004628,P0067142,M,51-55,14,B,2,1,1,11.0,8.0,6956
1002691,P0039342,M,26-35,15,B,0,1,9,17.0,15.0,8653
1003256,P0045942,F,26-35,9,A,0,1,18,6.0,,6429
1000090,P0075442,F,26-35,9,C,4+,1,17,15.0,17.0,6637
1004109,P0027942,M,18-25,2,C,4+,1,17,4.0,5.0,1012
1003021,P0089642,M,55+,10,C,3,0,8,2.0,10.0,237
1001858,P0021142,M,55+,10,C,0,1,3,2.0,,10638
1000805,P0084142,M,51-55,15,B,1,1,11,11.0,18.0,6294
1000945,P0054342,F,26-35,5,C,1,0,2,17.0,,14869
1002790,P0012042,M,46-50,8,B,1,1,2,13.0,8.0,19063
1003876,P0024442,M,0-17,0,C,1,0,16,2.0,,2006
1001611,P0059842,F,55+,5,C,3,1,17,13.0,8.0,9011
1002924,P0024542,M,26-35,17,B,2,1,9,4.0,9.0,13197
1003883,P0054042,F,55+,12,B,1,0,1,,15.0,14745
1003222,P0098642,M,18-25,1,C,3,0,12,9.0,15.0,11974
1004392,P0052042,F,0-17,18,A,1,1,6,12.0,3.0,9116
1004736,P0041542,F,0-17,1,C,1,1,11,8.0,,8337
1002388,P0026542,M,36-45,3,C,2,0,6,11.0,5.0,15535
1004724,P0075142,F,26-35,3,C,1,0,5,,4.0,1634
1000942,P0030242,F,26-35,9,B,3,1,13,7.0,15.0,11866
1004926,P0059542,F,51-55,16,C,3,1,1,16.0,4.0,1255
1002567,P0085542,M,18-25,15,A,0,0,16,17.0,8.0,4551
1000976,P0072442,M,46-50,20,C,4+,0,11,5.0,12.0,546
1000955,P0056742,M,51-55,7,A,1,1,2,16.0,18.0,10183
1001263,P0081242,M,46-50,5,A,1,0,1,14.0,,6520
1000944,P0048442,M,36-45,1,A,3,1,13,7.0,10.0,11236
1002203,P0041342,M,55+,14,C,1,1,17,12.0,14.0,17055
1003328,P0087042,M,55+,10,B,3,0,14,13.0,,19578
1004275,P0035442,M,46-50,20,B,0,1,17,18.0,12.0,16869
1002260,P0012242,F,55+,15,C,1,0,10,4.0,,8880
1001829,P0085742,F,18-25,3,C,0,1,17,,9.0,16106
1001258,P0043842,M,55+,10,A,0,0,13,17.0,18.0,8758
1000465,P0059242,M,36-45,13,C,4+,0,6,12.0,,19625
1003295,P0092242,F,26-35,7,B,3,0,4,17.0,,9308
1001231,P0061042,M,46-50,5,C,0,1,4,16.0,,5297
1002655,P0046542,M,18-25,20,C,3,0,14,11.0,10.0,12349
1000885,P0047142,F,18-25,18,C,4+,1,4,8.0,8.0,3833
1003806,P0092942,M,26-35,3,A,3,1,5,,,16273
1003857,P0069842,F,55+,3,C,4+,1,14,,18.0,13133
1003136,P0031842,F,18-25,5,C,1,0,15,,13.0,8120
1000925,P0057442,M,36-45,10,C,4+,1,8,2.0,3.0,3027
1004590,P0052242,F,36-45,0,B,4+,1,11,18.0,10.0,17929
1001547,P0045542,M,51-55,1,A,4+,1,7,,5.0,4683
1001095,P0055942,F,0-17,8,A,2,1,13,11.0,15.0,11315
1002412,P0060242,F,26-35,15,B,0,1,14,,,15740
1002618,P0012642,M,55+,5,A,3,0,9,4.0,10.0,6183
1000763,P0090142,M,18-25,8,B,3,0,15,3.0,11.0,9389
1002324,P0090042,M,46-50,18,A,2,1,8,7.0,,11461
1004146,P0095942,M,51-55,4,A,1,0,2,2.0,14.0,12890
1002776,P0032242,F,36-45,20,A,0,0,12,15.0,,15719
1004660,P0096342,M,26-35,9,C,0,1,16,,7.0,12579
1004879,P0078942,M,55+,6,A,0,0,8,7.0,9.0,8668
1003156,P0024742,M,26-35,1,C,0,0,1,15.0,18.0,15472
1003971,P0052342,M,55+,19,C,2,0,17,11.0,5.0,5179
1002041,P0083842,F,36-45,3,C,3,0,13,7.0,7.0,9533
1000584,P0045042,M,0-17,7,B,1,1,15,,10.0,2975
1004332,P0028542,F,26-35,2,A,1,0,13,,7.0,4897
1002104,P0051442,M,18-25,1,A,1,0,3,4.0,,1345
1001943,P0090542,M,46-50,8,A,2,1,16,17.0,9.0,352
1004456,P0052842,M,46-50,10,C,2,0,9,5.0,,4482
1000110,P0014042,M,36-45,3,A,4+,1,8,11.0,,8097
1000192,P0049242,M,26-35,8,C,2,0,8,9.0,11.0,15154
1000904,P0080242,M,46-50,5,C,0,0,14,6.0,16.0,12591
1000862,P0017842,F,26-35,0,C,3,0,13,15.0,11.0,11566
1001084,P0081642,F,36-45,2,C,1,0,3,,,3020
1000650,P0099542,M,0-17,6,A,2,1,5,17.0,12.0,19472
1004135,P0088942,M,46-50,8,C,3,1,8,16.0,14.0,277
1003612,P0088342,M,18-25,7,B,0,0,6,3.0,,11077
1000637,P0064342,F,51-55,20,B,2,1,5,3.0,13.0,15294
1001037,P0054942,M,36-45,12,B,2,1,12,11.0,,16287
1004132,P0057342,M,51-55,17,C,3,0,6,13.0,12.0,17107
1002149,P0024142,M,0-17,18,A,0,1,8,16.0,12.0,18041
1003866,P0035042,M,18-25,8,A,2,1,7,9.0,11.0,4154
1003158,P0039342,M,51-55,19,C,3,1,14,2.0,,9631
1003588,P0070942,M,18-25,5,C,0,0,9,2.0,15.0,13317
1003295,P0023542,M,46-50,20,C,2,0,17,,8.0,6885
1004262,P0058342,M,26-35,11,B,2,0,6,4.0,17.0,16867
1002431,P0088842,F,36-45,3,C,1,0,18,,14.0,8216
1001880,P0041142,M,18-25,8,C,4+,0,1,8.0,,11051
1003967,P0091342,M,46-50,9,A,0,0,5,13.0,,8160
1003714,P0065442,F,0-17,2,A,3,0,13,5.0,5.0,2687
1004127,P0073142,M,55+,16,B,1,0,11,11.0,,10656
1004107,P0083142,M,18-25,6,B,2,1,9,,7.0,2487
1002012,P0014542,F,0-17,7,B,3,1,10,,9.0,4180
1003374,P0033542,M,36-45,10,B,1,0,2,17.0,,14223
1002144,P0014742,M,46-50,12,C,1,0,8,17.0,6.0,16707
1002501,P0029742,F,0-17,2,C,4+,0,18,,,4384
1004582,P0018342,M,26-35,18,B,1,1,18,6.0,,8798
1001290,P0064242,M,51-55,13,B,0,0,2,16.0,,19280
1001448,P0026042,M,0-17,15,A,4+,1,15,13.0,17.0,2271
1003200,P0052742,M,0-17,14,A,4+,0,17,7.0,,2176
1001944,P0017042,F,46-50,1,A,2,0,15,3.0,17.0,13694
1003184,P0061942,F,46-50,5,B,2,1,15,6.0,12.0,12696
1003217,P0099742,M,18-25,20,A,0,1,13,15.0,,8562
1003137,P0015142,M,51-55,6,B,3,1,18,13.0,4.0,17859
1003319,P0014442,M,0-17,8,C,0,1,15,3.0,15.0,8293
1002783,P0039242,M,0-17,8,B,4+,0,18,13.0,18.0,19215
1000991,P0091142,M,46-50,16,C,2,1,18,9.0,11.0,5486
1004921,P0056442,M,55+,2,C,0,0,15,2.0,5.0,14380
1002154,P0098442,M,26-35,3,B,2,0,10,,13.0,5655
1000226,P0064942,M,55+,1,A,0,1,16,7.0,,6567
1000777,P0096642,F,46-50,0,B,0,0,9,13.0,17.0,2286
1002838,P0047942,F,26-35,9,A,1,0,2,13.0,,19853
1000688,P0084242,M,51-55,2,C,0,0,13,11.0,,6600
1000530,P0057742,M,55+,9,C,2,1,1,6.0,10.0,7136
1003443,P0036142,F,46-50,8,C,0,1,8,10.0,9.0,19117
1002154,P0067942,F,51-55,16,C,3,1,6,7.0,,17518
1001295,P0027842,M,36-45,14,B,1,0,2,10.0,7.0,3425
1001527,P0045642,M,0-17,2,C,0,0,18,3.0,17.0,2127
1004775,P0051842,F,51-55,20,A,3,1,18,5.0,,16096
1002897,P0079742,M,26-35,2,A,2,1,15,4.0,16.0,15347
1003104,P0030042,M,36-45,3,C,3,1,16,13.0,,2874
1002441,P0011242,M,26-35,3,B,1,1,13,15.0,9.0,6254
1004136,P0054242,M,18-25,16,C,2,0,5,,4.0,17960
1003803,P0082542,M,18-25,5,C,0,0,18,7.0,11.0,8881
1000845,P0083142,M,0-17,10,A,0,0,5,9.0,17.0,5965
1000447,P0038542,M,36-45,11,B,3,0,16,14.0,18.0,6041
1003916,P0085542,M,36-45,6,B,0,1,6,,16.0,13882
1003110,P0096742,M,18-25,12,A,2,1,7,9.0,13.0,4088
1001235,P0035742,F,0-17,5,A,2,0,1,7.0,,17986
1000227,P0066942,M,51-55,2,A,0,1,8,9.0,,7408
1004144,P0064742,M,18-25,20,B,3,0,7,8.0,,4790
1002960,P0093942,M,36-45,13,A,0,1,7,3.0,7.0,9877
1001831,P0058942,M,26-35,13,A,4+,1,7,8.0,,19495
1003780,P0059742,F,55+,9,A,0,0,1,13.0,,13354
1000187,P0099342,M,36-45,4,C,1,0,12,5.0,,6261
1002878,P0080442,M,0-17,1,B,0,0,11,18.0,18.0,18073
1002536,P0043242,M,36-45,5,B,4+,0,16,16.0,6.0,2378
1001933,P0066142,M,46-50,10,C,1,0,1,13.0,11.0,8751
1002925,P0013142,M,36-45,17,B,3,1,6,16.0,4.0,922
1000849,P0070942,M,46-50,20,A,1,1,5,8.0,6.0,11627
1002033,P0014242,F,18-25,10,C,2,1,12,6.0,,7120
1001253,P0099242,M,51-55,14,A,4+,0,17,18.0,,6243
1001882,P0045042,M,46-50,2,A,2,0,13,18.0,,13322
1000270,P0043342,M,36-45,1,A,2,0,5,16.0,3.0,17237
1001631,P0092142,M,51-55,6,A,1,1,15,7.0,14.0,5651
1004406,P0065842,M,55+,4,B,1,1,2,8.0,,19651
1003204,P0036942,M,51-55,20,C,2,1,2,9.0,8.0,13748
1001575,P0092242,F,36-45,12,C,3,1,16,5.0,13.0,8237
1002893,P0051242,M,36-45,7,A,0,1,12,17.0,8.0,6173
1001696,P0067442,M,55+,8,C,0,0,4,5.0,,614
1003259,P0011842,M,0-17,7,C,4+,1,9,6.0,,12861
1003263,P0044642,M,18-25,9,A,1,0,12,2.0,10.0,888
1001446,P0071242,M,46-50,1,A,0,0,2,15.0,14.0,12782
1000220,P0013642,M,26-35,9,B,3,1,8,,14.0,9958
1000053,P0071842,M,46-50,10,B,4+,1,14,11.0,,13781
1001758,P0019142,M,36-45,10,A,1,1,11,,,14442
1001667,P0091942,M,26-35,4,B,0,1,8,18.0,4.0,14700
1002786,P0028442,M,26-35,13,B,2,0,9,17.0,6.0,17964
1000720,P0082742,M,46-50,2,C,3,0,7,5.0,,6765
1000406,P0012742,M,55+,19,A,3,0,14,9.0,,15248
1002295,P0064742,M,46-50,1,C,1,1,7,15.0,18.0,3668
1000072,P0047142,M,46-50,17,C,3,0,10,8.0,12.0,7201
1002054,P0093142,M,46-50,0,A,1,0,7,16.0,8.0,7400
1001230,P0062942,M,55+,0,C,3,0,15,7.0,,6589
1001568,P0044442,M,55+,16,B,0,0,18,9.0,18.0,6964
1003683,P0051842,F,18-25,5,B,1,0,13,16.0,,11189
1002954,P0029542,F,0-17,12,B,3,0,4,4.0,,16976
1004483,P0017742,M,0-17,20,B,0,0,12,17.0,10.0,3128
1000699,P0026642,M,46-50,20,B,0,0,18,16.0,,12935
1000827,P0018942,M,0-17,0,C,0,1,7,10.0,9.0,4860
1000349,P0036342,M,46-50,5,A,1,0,4,10.0,,2682
1003909,P0057142,M,46-50,7,C,1,1,8,,7.0,13720
1000308,P0030742,F,46-50,12,C,3,1,18,16.0,11.0,803
1003417,P0082342,M,51-55,1,B,2,0,6,14.0,5.0,4143
1002335,P0037042,F,18-25,7,B,2,0,9,,10.0,9390
1004862,P0036242,M,36-45,0,C,4+,0,12,8.0,10.0,5863
1004821,P0060542,M,0-17,12,C,2,1,9,7.0,,4013
1002810,P0088442,F,0-17,0,A,2,0,15,6.0,,248
1003559,P0061142,F,18-25,9,A,3,0,13,12.0,17.0,7877
1004479,P0095342,F,18-25,4,A,1,1,3,,,14059
1003478,P0082542,M,46-50,19,A,2,0,3,,14.0,11717
1004621,P0098542,M,46-50,12,A,4+,0,13,11.0,18.0,3563
1002687,P0067542,M,51-55,4,B,3,1,12,4.0,11.0,13376
1002986,P0062342,M,51-55,9,A,0,1,6,,16.0,15960
1000276,P0082142,M,36-45,2,C,0,0,18,,6.0,2359
1002548,P0041142,F,0-17,1,B,4+,0,9,5.0,18.0,1204
1002765,P0027342,M,18-25,1,C,1,0,17,,8.0,2570
1000337,P0053042,F,36-45,4,B,0,1,12,10.0,14.0,8255
1001974,P0086742,M,0-17,3,B,1,1,17,2.0,,14360
1002980,P0056242,M,36-45,1,A,2,1,15,,13.0,19394
1004577,P0020042,F,36-45,20,C,2,0,2,2.0,8.0,2346
1003969,P0011542,M,55+,8,A,2,1,4,2.0,,13840
1000911,P0080842,M,46-50,8,C,0,0,9,,,6147
1001997,P0035742,M,36-45,8,C,0,1,12,6.0,15.0,3556
1003130,P0099542,M,46-50,3,A,1,0,2,13.0,16.0,16240
1004205,P0034342,F,0-17,7,A,1,1,4,,12.0,13239
1003758,P0044742,M,51-55,17,B,4+,0,12,,17.0,16174
1000328,P0034842,M,0-17,8,B,2,1,2,5.0,15.0,13926
1001800,P0020442,M,46-50,2,B,3,0,6,12.0,,19116
1000315,P0079342,M,51-55,5,C,3,1,7,2.0,9.0,10885
1003546,P0076642,M,55+,18,A,2,0,18,3.0,15.0,3181
1001135,P0038642,M,26-35,4,B,4+,1,5,,10.0,10964
1002747,P0026842,F,51-55,16,A,1,1,10,10.0,5.0,1134
1004877,P0051942,F,36-45,18,B,0,0,18,5.0,12.0,4166
1001521,P0014642,M,0-17,2,B,4+,0,11,14.0,,2016
1000156,P0014242,M,55+,7,A,4+,1,17,5.0,14.0,14287
1001725,P0042042,M,36-45,8,B,2,1,11,,16.0,10699
1003344,P0091742,F,55+,7,A,1,0,5,15.0,,19713
1000887,P0032042,M,51-55,13,B,3,1,6,9.0,,5477
1003074,P0061242,M,26-35,9,A,3,1,14,9.0,13.0,5565
1002806,P0081142,M,36-45,16,B,3,0,16,,15.0,984
1000722,P0054042,M,26-35,2,B,4+,1,14,,,7503
1000913,P0024342,M,18-25,2,C,0,0,1,,13.0,5384
1003358,P0098942,M,26-35,2,A,1,0,5,11.0,,14221
1000871,P0012742,F,0-17,3,B,0,0,5,,14.0,1194
1004109,P0095342,M,51-55,16,C,3,1,8,11.0,8.0,4126
1000498,P0094942,M,46-50,13,A,0,1,14,14.0,,12210
1001757,P0088942,M,46-50,1,B,4+,1,8,12.0,,3751
1001118,P0065242,M,36-45,11,B,2,1,9,14.0,,10874
1003410,P0094342,M,51-55,4,B,0,0,3,12.0,5.0,8979
1002829,P0075842,M,55+,1,A,0,0,10,5.0,,1468
1001648,P0095642,F,18-25,11,C,0,1,16,4.0,,3941
1002984,P0078942,M,36-45,8,B,3,0,11,,15.0,1564
1000143,P0092642,M,26-35,8,C,0,1,2,12.0,6.0,16585
1002762,P0093642,M,46-50,19,A,1,1,1,,13.0,16122
1003436,P0026642,M,26-35,0,A,4+,0,10,15.0,18.0,15088
1004661,P0073442,M,46-50,6,B,1,1,6,3.0,,18952
1002432,P0068542,M,46-50,17,B,1,0,8,6.0,5.0,14964
1004513,P0085042,M,46-50,9,B,3,0,6,17.0,14.0,16950
1001849,P0034842,F,51-55,14,C,0,1,2,5.0,13.0,11641
1002697,P0087442,M,55+,8,C,4+,0,8,2.0,,15107
1001718,P0086342,M,55+,10,B,4+,0,3,4.0,4.0,2787
1003073,P0045642,M,55+,0,A,4+,1,12,11.0,,2846
1001068,P0021042,M,0-17,10,A,0,0,6,5.0,,17608
1002787,P0079142,M,51-55,0,B,4+,1,7,2.0,,8324
1003792,P0079942,F,26-35,4,C,4+,0,13,16.0,,11572
1001289,P0091942,M,55+,17,A,2,0,4,,14.0,10714
1003872,P0081842,M,51-55,0,C,2,1,14,,5.0,16842
1001807,P0033342,M,55+,9,B,4+,1,4,,11.0,948
1001505,P0012342,M,36-45,12,C,1,0,18,2.0,18.0,8011
1003309,P0012542,M,18-25,7,C,0,1,7,6.0,11.0,18746
1002952,P0048042,F,36-45,12,C,1,0,13,4.0,18.0,6134
1000072,P0082942,M,51-55,19,A,1,0,3,14.0,4.0,7909
1001691,P0044542,M,26-35,1,C,0,1,17,18.0,4.0,12921
1001345,P0047742,M,18-25,20,C,0,0,1,13.0,3.0,12982
1003304,P0062142,M,36-45,11,C,3,0,11,8.0,,12065
1003114,P0011642,M,18-25,12,B,3,1,7,,9.0,9713
1000883,P0034442,M,26-35,7,C,3,1,14,12.0,,18623
1004235,P0081742,M,46-50,14,C,4+,1,7,5.0,,15723
1002663,P0086942,F,26-35,6,A,4+,1,11,12.0,6.0,7989
1001505,P0072342,M,55+,6,B,4+,0,16,2.0,7.0,10630
1002464,P0081642,M,0-17,16,C,3,0,17,2.0,12.0,2440
1002554,P0063842,F,18-25,18,A,0,0,14,14.0,15.0,19388
1000733,P0068242,M,26-35,2,A,4+,0,15,16.0,16.0,5152
1001749,P0078742,F,46-50,6,C,0,0,18,4.0,12.0,12498
1003925,P0030142,M,46-50,11,A,3,0,12,12.0,17.0,5146
1000424,P0034742,M,26-35,13,A,0,1,13,17.0,,9028
1003479,P0021742,M,36-45,1,A,4+,1,4,,,4335
1001592,P0010842,M,26-35,6,A,0,0,10,11.0,3.0,3008
1004486,P0069742,M,46-50,15,C,3,0,9,4.0,17.0,17757
1004438,P0012242,F,26-35,8,C,4+,0,12,3.0,,13919
1004710,P0033942,M,0-17,0,A,4+,1,4,,8.0,14542
1000493,P0068442,M,36-45,11,C,3,0,6,3.0,18.0,11166
1000192,P0012642,M,26-35,1,C,1,1,14,18.0,5.0,8538
1000499,P0096042,M,46-50,17,A,2,0,4,10.0,,19693
1004918,P0018042,M,26-35,13,A,3,1,10,10.0,18.0,13303
1001257,P0069542,M,55+,11,A,0,0,5,12.0,9.0,2182
1001969,P0029842,M,26-35,17,C,1,1,7,4.0,,534
1004323,P0065442,M,18-25,4,C,3,1,7,16.0,,2617
1002187,P0087442,F,26-35,6,B,2,1,10,8.0,,4014
1000817,P0019142,M,0-17,3,B,4+,0,13,13.0,14.0,557
1003221,P0095042,F,46-50,12,A,2,0,15,2.0,8.0,8219
1001474,P0018342,M,51-55,15,B,2,1,5,7.0,,13172
1001087,P0039942,M,18-25,15,C,3,0,16,2.0,8.0,5152
1004200,P0039542,F,51-55,18,B,4+,1,6,8.0,15.0,13079
1001875,P0074642,M,26-35,3,B,4+,1,4,4.0,12.0,7860
1000871,P0055342,F,55+,19,A,2,1,6,3.0,8.0,8987
1004764,P0038042,M,36-45,19,C,3,1,16,18.0,18.0,13601
1002043,P0015842,F,0-17,0,C,4+,0,6,9.0,,7496
1000273,P0097042,M,0-17,12,C,4+,0,11,18.0,14.0,10902
1001030,P0044142,M,55+,19,C,0,1,14,,15.0,13868
1003219,P0085242,M,0-17,19,B,2,1,15,12.0,12.0,10624
1004070,P0056442,F,55+,8,A,1,1,1,13.0,8.0,16510
1001052,P0097942,M,18-25,9,B,2,0,4,14.0,10.0,3097
1004034,P0044142,M,55+,5,C,3,1,7,14.0,,8984
1001574,P0070942,M,55+,6,A,4+,0,10,12.0,,19519
1003191,P0016142,M,26-35,15,A,4+,1,1,13.0,,10081
1004389,P0087542,M,0-17,16,C,0,0,14,10.0,3.0,8990
1003798,P0072442,M,26-35,0,C,4+,1,6,,18.0,4665
1003290,P0052842,M,36-45,8,A,4+,1,14,16.0,16.0,11120
1003748,P0075742,M,55+,13,C,1,0,6,8.0,,15731
1002106,P0082742,F,26-35,14,C,2,0,6,8.0,,1935
1000308,P0035542,M,51-55,3,C,4+,1,11,11.0,13.0,9247
1003360,P0092742,M,26-35,7,C,3,1,11,2.0,10.0,3111
1003177,P0092742,M,26-35,14,A,1,1,17,,5.0,3434
1001252,P0097342,M,55+,3,A,1,1,9,11.0,18.0,18794
1002748,P0086942,M,46-50,18,B,0,1,14,17.0,9.0,4141
1001518,P0080542,F,51-55,2,B,3,0,6,5.0,,15477
1001379,P0044642,M,18-25,7,A,1,1,4,14.0,4.0,17190
1004892,P0062542,M,55+,1,B,2,0,7,9.0,,4592
1004993,P0040342,M,26-35,7,C,3,0,10,,15.0,19888
1001962,P0071442,F,0-17,7,C,2,0,7,,18.0,19199
1004306,P0034442,M,55+,16,A,0,0,5,14.0,17.0,1395
1002864,P0085642,M,46-50,15,B,0,1,4,3.0,,14774
1002657,P0092342,M,26-35,15,C,4+,1,15,11.0,5.0,19864
1002495,P0087942,M,46-50,15,B,2,1,4,2.0,,2828
1004568,P0083542,M,18-25,6,A,2,0,15,12.0,,7896
1004006,P0083142,M,55+,14,A,0,1,7,12.0,,5918
1003564,P0092242,M,46-50,16,B,2,0,6,10.0,15.0,574
1000923,P0051142,M,0-17,2,A,3,1,4,8.0,,8811
1004233,P0097742,F,26-35,0,C,4+,1,2,13.0,14.0,7301
1004463,P0031642,M,0-17,7,C,4+,1,15,5.0,6.0,11870
1002960,P0061542,M,55+,6,B,3,1,2,2.0,10.0,15907
1000184,P0057342,M,55+,17,B,1,0,13,17.0,9.0,17683
1003359,P0013542,M,36-45,4,A,2,0,14,17.0,7.0,14121
1001399,P0027742,M,46-50,14,A,1,1,9,13.0,9.0,16829
1002797,P0048642,M,46-50,6,B,1,1,16,18.0,15.0,5644
1000537,P0086842,M,46-50,9,A,2,0,9,12.0,13.0,17751
1001274,P0011642,M,51-55,15,B,0,0,17,2.0,11.0,9571
1002968,P0081042,M,55+,1,B,2,0,3,4.0,,12416
1003050,P0092942,M,55+,17,C,0,0,5,11.0,,18118
1001097,P0014742,F,18-25,14,A,3,0,12,,3.0,8583
1001306,P0016142,M,51-55,18,B,0,0,5,6.0,17.0,7294
1000916,P0016842,M,0-17,19,C,1,1,14,2.0,,14698
1003082,P0075842,M,55+,13,B,1,0,17,10.0,4.0,11865
1004248,P0097042,F,36-45,1,A,1,0,5,3.0,5.0,3349
1001029,P0046542,M,18-25,17,C,0,0,13,13.0,9.0,16637
1001978,P0026142,M,18-25,8,A,1,1,15,3.0,18.0,2133
1003355,P0083842,M,26-35,0,C,4+,1,17,2.0,,10962
1002512,P0058742,M,55+,15,A,2,1,10,,15.0,7688
1000271,P0053042,M,36-45,11,B,1,1,16,15.0,,16117
1001187,P0095842,M,55+,11,B,0,0,16,4.0,,18134
1004556,P0058842,M,46-50,18,B,1,0,17,13.0,18.0,1304
1004201,P0032942,M,51-55,9,A,0,0,7,7.0,14.0,1081
1003765,P0046942,M,46-50,19,C,2,0,11,17.0,,14451
1002399,P0027742,M,55+,4,A,0,1,14,18.0,,9830
1004530,P0095642,M,26-35,2,B,2,1,12,12.0,,12872
1004236,P0050942,M,51-55,8,A,1,0,9,10.0,,19834
1004183,P0066742,F,46-50,20,C,4+,1,7,8.0,12.0,8198
1001712,P0068942,M,0-17,14,B,1,1,14,2.0,15.0,3724
1002231,P0036942,M,46-50,13,A,2,0,16,13.0,4.0,13809
1000129,P0030542,M,55+,10,B,3,1,10,12.0,3.0,9876
1001270,P0089242,M,51-55,12,A,3,0,5,6.0,10.0,2619
1003673,P0083942,M,0-17,6,A,3,1,7,12.0,,19349
1001602,P0085042,F,26-35,1,B,1,0,8,11.0,10.0,3965
1004766,P0089942,M,26-35,2,C,0,0,10,7.0,5.0,8493
1003971,P0018142,M,0-17,19,B,4+,0,3,16.0,11.0,10639
1004245,P0094542,F,51-55,7,C,4+,0,14,6.0,10.0,9942
1004948,P0086142,M,51-55,0,B,1,0,3,11.0,,6894
1000628,P0029242,F,46-50,20,B,2,1,15,12.0,,2475
1003798,P0071742,M,26-35,3,B,1,0,10,18.0,,15684
1002045,P0028842,M,26-35,12,A,3,0,7,10.0,,12521
1003553,P0037542,M,0-17,13,A,2,1,10,6.0,9.0,12560
1004980,P0017342,M,26-35,8,C,4+,1,14,2.0,16.0,3039
1002342,P0010942,F,55+,2,B,1,1,8,7.0,,18342
1003215,P0073442,M,46-50,13,A,0,1,1,17.0,11.0,13552
1000250,P0031542,M,26-35,3,A,0,0,6,18.0,,9405
1002926,P0038942,F,0-17,16,B,4+,0,15,14.0,7.0,9428
1000975,P0054442,M,46-50,14,B,2,1,5,,18.0,11199
1001326,P0065142,F,36-45,11,B,3,1,14,12.0,,18950
1000984,P0029242,F,0-17,13,C,0,1,9,11.0,17.0,13303
1000889,P0073842,M,36-45,18,B,0,0,6,18.0,10.0,6759
1002938,P0038842,M,26-35,9,A,1,0,1,5.0,,8274
1002118,P0068242,M,46-50,4,A,4+,1,15,2.0,8.0,12303
1002673,P0074842,M,26-35,16,B,0,1,2,,13.0,15310
1004971,P0024342,F,46-50,16,C,1,0,17,12.0,9.0,15198
1001327,P0048842,M,18-25,2,C,2,0,11,16.0,15.0,16480
1000471,P0096542,M,26-35,15,A,0,1,18,14.0,12.0,14410
1001988,P0099142,M,26-35,8,C,4+,0,14,15.0,7.0,11098
1000091,P0050642,M,26-35,16,B,1,1,9,13.0,,10010
1000530,P0091042,M,51-55,19,C,2,1,11,16.0,7.0,12456
1004757,P0046942,M,0-17,11,C,1,1,11,4.0,16.0,8474
1004060,P0095642,M,51-55,1,A,3,0,4,7.0,,10511
1004835,P0054042,F,46-50,19,A,4+,0,18,11.0,15.0,11035
1002774,P0088042,M,46-50,15,A,4+,0,12,16.0,,17858
1004968,P0099542,F,46-50,20,C,0,1,9,8.0,13.0,7770
1001687,P0075042,M,0-17,5,A,1,1,5,18.0,,7840
1000192,P0066342,M,46-50,1,A,2,1,1,3.0,3.0,16604
1001987,P0062842,F,51-55,8,C,0,1,9,17.0,,3277
1003624,P0077642,M,55+,4,C,4+,1,7,15.0,,11657
1002186,P0011242,F,51-55,17,C,1,1,1,3.0,18.0,3319
1004441,P0080142,M,55+,20,B,2,1,17,2.0,10.0,6516
1001009,P0043942,M,26-35,17,B,4+,1,3,18.0,18.0,3408
1003784,P0096442,F,36-45,9,C,2,0,1,4.0,17.0,2657
1004299,P0097342,M,55+,9,A,1,1,13,7.0,6.0,15850
1004669,P0096342,M,18-25,9,C,2,1,12,,,17920
1004288,P0087542,M,46-50,17,B,0,1,17,8.0,16.0,13026
1002053,P0041142,F,0-17,15,A,0,0,8,12.0,5.0,11395
1003309,P0083242,F,55+,5,B,1,0,15,2.0,12.0,18763
1001717,P0020342,M,0-17,11,B,4+,1,17,13.0,8.0,3727
1000311,P0043842,F,46-50,3,B,3,0,2,16.0,7.0,1709
1004539,P0029742,M,36-45,19,B,3,1,10,13.0,,1328
1001261,P0039942,F,51-55,15,A,3,0,1,18.0,,19453
1004966,P0054342,M,46-50,10,C,4+,0,13,17.0,10.0,539
1003933,P0045842,M,0-17,0,A,0,1,12,11.0,,1031
1003269,P0046742,F,18-25,4,C,0,0,15,14.0,,2287
1000585,P0026842,M,36-45,16,C,0,1,10,7.0,10.0,5713
1002800,P0024842,F,46-50,10,A,1,1,2,9.0,,12710
1000360,P0086042,M,55+,13,C,0,0,15,14.0,,11254
1002867,P0086742,M,18-25,8,A,0,0,10,15.0,,12170
1002012,P0014142,F,46-50,9,A,0,1,2,3.0,,1243
1004940,P0030142,F,36-45,3,C,3,1,13,18.0,3.0,19682
1004007,P0034342,M,0-17,1,C,2,1,10,14.0,3.0,3401
1001626,P0076842,M,51-55,5,B,0,1,17,8.0,7.0,10781
1002765,P0056342,F,55+,2,C,2,0,16,6.0,,16699
1000891,P0054842,F,51-55,12,C,0,0,15,14.0,8.0,15038
1000732,P0089742,M,36-45,11,C,3,1,12,15.0,,13262
1003962,P0089342,M,26-35,17,A,3,1,9,,,17645
1004702,P0053642,F,51-55,5,B,2,1,12,5.0,,10799
1002505,P0099242,M,46-50,9,B,3,1,12,12.0,13.0,18381
1000615,P0084942,F,18-25,5,A,1,1,17,,,11208
1003807,P0063042,M,18-25,4,C,4+,1,16,,,1487
1001720,P0066442,M,55+,14,C,4+,1,10,11.0,16.0,12757
1004770,P0069642,M,51-55,14,A,0,0,10,13.0,16.0,7318
1001588,P0037242,M,36-45,11,B,3,0,2,,8.0,18314
1001612,P0052942,M,55+,8,A,4+,1,1,2.0,,9124
1000897,P0097142,F,36-45,12,A,2,0,16,,10.0,4231
1000278,P0031242,M,36-45,15,C,2,1,10,,10.0,11322
1004648,P0097242,F,18-25,20,A,2,0,15,,9.0,9000
1001637,P0020342,M,0-17,1,A,0,1,15,,4.0,12897
1002159,P0029142,F,18-25,16,A,4+,1,6,8.0,,19763
1002433,P0078842,M,0-17,8,C,4+,1,17,2.0,,14566
1003905,P0075842,M,55+,18,C,4+,0,13,7.0,,9690
1004857,P0047942,M,55+,5,B,2,0,1,8.0,,12148
1003263,P0018042,M,55+,3,B,2,0,18,9.0,18.0,366
1001450,P0080442,F,36-45,14,B,0,1,2,15.0,18.0,17553
1004501,P0064842,M,26-35,17,C,1,0,3,,,15430
1001233,P0047642,M,18-25,11,B,4+,1,11,6.0,8.0,3746
1004118,P0093742,M,36-45,11,A,0,1,1,10.0,13.0,15743
1000678,P0025342,M,18-25,19,B,2,1,6,9.0,,10177
1002659,P0074142,M,36-45,16,A,1,0,16,17.0,9.0,7688
1002029,P0067042,M,18-25,6,B,3,0,15,8.0,8.0,1158
1003759,P0083542,M,46-50,19,C,1,0,9,3.0,,8566
1004625,P0086042,F,18-25,4,A,0,0,12,8.0,,1950
1002038,P0033942,M,46-50,11,A,1,0,10,9.0,12.0,14744
1002650,P0047342,M,0-17,16,C,2,0,7,18.0,8.0,5877
1000657,P0090442,F,18-25,1,A,1,1,10,12.0,13.0,1720
1000166,P0089842,M,0-17,3,B,2,1,7,12.0,10.0,17457
1004945,P0030342,F,26-35,1,C,1,0,6,13.0,,902
1004592,P0071042,M,51-55,13,A,0,1,13,13.0,,13274
1000590,P0044942,M,51-55,13,C,3,1,11,15.0,12.0,14603
1004525,P0078742,F,46-50,12,A,4+,1,8,,17.0,4053
1002822,P0087342,M,18-25,16,A,1,0,5,,4.0,2716
1004259,P0088242,M,51-55,16,C,3,0,3,11.0,14.0,18829
1001263,P0024242,M,0-17,17,A,1,0,4,18.0,3.0,11468
1000072,P0028842,M,51-55,2,B,3,1,4,,,7558
1003517,P0037142,F,51-55,20,B,2,0,9,17.0,7.0,6956
1004751,P0063142,M,36-45,15,A,3,1,1,2.0,,5043
1003581,P0094442,F,51-55,18,A,4+,0,15,15.0,18.0,8735
1000269,P0039942,M,0-17,5,B,3,1,13,8.0,,13051
1001777,P0052542,F,51-55,5,A,4+,0,5,,,14809
1002463,P0014542,M,18-25,17,A,4+,1,18,7.0,7.0,12132
1001269,P0019442,M,51-55,8,C,3,1,5,,15.0,18093
1001016,P0016342,M,26-35,17,C,4+,1,11,14.0,7.0,14490
1002723,P0051242,M,51-55,5,B,4+,0,3,14.0,14.0,15643
1001084,P0074242,F,46-50,8,B,2,0,4,,14.0,6347
1004102,P0010842,M,36-45,17,C,0,1,7,,,4538
1000407,P0055842,M,55+,15,C,2,0,4,8.0,,4473
1003077,P0081442,F,0-17,12,B,0,0,3,3.0,18.0,10702
1000986,P0050842,F,51-55,10,B,0,0,10,16.0,,16932
1003604,P0056942,M,51-55,7,B,2,0,11,3.0,13.0,18301
1004486,P0090942,F,18-25,16,C,4+,1,18,12.0,4.0,16339
1000710,P0060542,M,55+,8,C,2,1,1,8.0,15.0,15877
1002619,P0078542,M,18-25,5,A,4+,1,9,9.0,,7907
1004850,P0017242,M,46-50,0,B,2,1,17,6.0,9.0,13411
1001412,P0018342,F,55+,0,A,2,1,12,15.0,9.0,7602
1004622,P0015842,M,36-45,12,B,1,1,1,13.0,5.0,11885
1001486,P0012042,M,0-17,6,C,3,1,7,,,14053
1002951,P0055742,F,0-17,9,B,2,0,14,9.0,13.0,18237
1004652,P0025642,M,0-17,17,B,3,1,9,9.0,10.0,1961
1002935,P0093042,F,46-50,5,C,4+,1,12,5.0,,2281
1004115,P0042842,F,46-50,12,C,1,1,8,14.0,,12817
1004671,P0067242,F,51-55,4,B,1,0,7,3.0,,16831
1001004,P0067542,M,36-45,20,B,0,0,14,,,182
1002467,P0093642,M,0-17,14,B,3,1,2,,,11528
1002467,P0077942,F,0-17,11,B,1,1,2,15.0,,16479
1001939,P0030242,M,51-55,10,B,4+,0,17,8.0,18.0,18508
1001940,P0074042,M,36-45,7,C,0,0,10,9.0,9.0,13335
1001636,P0085642,M,55+,4,B,1,1,5,3.0,7.0,706
1001699,P0020542,M,36-45,7,C,4+,1,1,6.0,18.0,5335
1004528,P0093242,F,36-45,4,A,3,1,5,9.0,11.0,5141
1002092,P0022142,M,18-25,9,A,4+,1,4,10.0,6.0,384
1001896,P0041742,M,36-45,14,B,4+,1,12,11.0,,3926
1004241,P0028142,M,26-35,5,A,4+,1,14,,11.0,9370
1003399,P0071442,M,46-50,17,C,2,1,11,10.0,14.0,17977
1001074,P0041542,M,36-45,2,A,1,0,4,,18.0,19866
1002403,P0091342,M,18-25,8,A,4+,1,9,3.0,13.0,4618
1004896,P0087242,M,55+,9,C,0,0,3,6.0,,5916
1003213,P0072442,M,26-35,6,B,2,0,3,9.0,,5238
1004038,P0050542,F,18-25,18,C,4+,0,3,,12.0,8937
1001152,P0016942,M,18-25,1,C,4+,1,7,4.0,7.0,1670
1002446,P0025942,M,51-55,7,B,1,0,1,9.0,9.0,611
1001957,P0033942,F,18-25,6,C,2,0,13,4.0,,2914
1004559,P0062242,M,18-25,4,B,4+,1,4,17.0,5.0,6299
1003908,P0023742,F,0-17,3,C,4+,1,12,7.0,,5511
1000808,P0059442,M,46-50,10,A,3,1,8,10.0,16.0,7256
1000187,P0077842,M,51-55,9,B,0,1,6,18.0,4.0,18034
1004828,P0034642,F,51-55,0,B,0,1,10,5.0,13.0,7048
1004525,P0096542,M,0-17,3,A,1,1,13,,8.0,7449
1001308,P0064242,F,26-35,5,A,2,1,3,9.0,6.0,18228
1002285,P0062342,F,0-17,17,B,4+,1,9,8.0,,19168
1004867,P0034242,M,51-55,12,A,2,1,10,5.0,10.0,4147
1000758,P0071942,M,26-35,12,C,1,1,13,11.0,15.0,19222
1004232,P0043542,F,51-55,0,C,3,0,16,,18.0,2811
1004888,P0052142,M,36-45,3,C,1,1,8,11.0,18.0,6717
1003855,P0093442,F,26-35,3,A,0,0,11,11.0,12.0,4790
1004267,P0029342,M,51-55,17,A,3,0,2,2.0,9.0,13478
1002207,P0040742,M,0-17,17,A,4+,1,2,7.0,17.0,2667
1003559,P0074442,M,51-55,17,B,1,1,6,6.0,,657
1001581,P0060542,M,0-17,14,C,2,1,16,2.0,,13899
1000962,P0038042,M,26-35,17,B,2,1,16,10.0,17.0,832
1003848,P0090242,M,0-17,14,B,0,0,7,4.0,16.0,13494
1003576,P0077442,M,26-35,16,B,0,1,11,12.0,,8466
1000876,P0088942,M,18-25,4,C,0,0,16,11.0,8.0,8439
1002419,P0053842,M,46-50,10,C,0,0,6,6.0,3.0,17465
1004199,P0081442,F,55+,15,C,4+,1,5,17.0,15.0,9728
1001002,P0070742,M,26-35,19,A,3,1,9,,4.0,8976
1003385,P0058242,M,55+,1,C,0,0,3,4.0,4.0,7278
1004067,P0032242,M,55+,16,A,1,1,8,3.0,3.0,18020
1002846,P0084842,M,18-25,0,A,4+,1,8,8.0,18.0,2869
1001482,P0021642,M,18-25,17,A,3,1,17,14.0,18.0,13668
1003302,P0029142,M,18-25,16,C,4+,1,6,14.0,9.0,13864
1000658,P0088742,M,55+,17,C,2,1,12,14.0,14.0,17562
1002781,P0071742,M,18-25,18,C,4+,1,6,13.0,13.0,6207
1000423,P0061542,M,26-35,4,C,4+,1,15,9.0,15.0,17019
1003682,P0062942,F,55+,12,B,2,0,11,17.0,7.0,6472
1004267,P0040642,M,55+,5,C,2,1,10,,,17793
1002711,P0063142,M,0-17,12,C,2,0,2,13.0,10.0,9482
1000453,P0022142,M,18-25,17,C,4+,0,6,6.0,11.0,139
1002398,P0074842,M,36-45,3,C,2,1,17,13.0,,10579
1001976,P0069142,M,18-25,8,C,0,1,9,17.0,,4280
1001658,P0025342,M,0-17,2,B,1,1,2,18.0,8.0,14714
1002542,P0096942,F,0-17,7,B,1,0,4,16.0,11.0,4949
1003076,P0063642,M,46-50,12,A,2,0,9,,12.0,2918
1003165,P0055142,M,46-50,10,A,3,1,8,,16.0,10481
1002967,P0026842,M,55+,9,C,4+,1,4,11.0,,14978
1002054,P0015842,M,18-25,10,A,1,1,1,12.0,,17001
1000288,P0040042,M,18-25,2,B,0,1,11,8.0,8.0,11822
1003218,P0065242,M,51-55,13,C,3,0,11,15.0,,6938
1003855,P0064942,M,55+,13,A,3,0,7,13.0,6.0,18767
1001448,P0021642,M,51-55,18,A,0,0,18,5.0,7.0,18137
1000608,P0088642,M,46-50,3,B,4+,0,8,15.0,12.0,16757
1004553,P0088142,M,18-25,0,C,4+,0,15,18.0,11.0,19677
1001765,P0022642,M,51-55,1,A,2,1,10,5.0,,19282
1001226,P0050442,M,36-45,5,B,0,0,14,5.0,,3371
1001236,P0049842,M,26-35,12,C,0,1,2,14.0,8.0,10996
1001030,P0061442,M,46-50,13,B,0,0,10,4.0,,705
1002672,P0090442,M,46-50,0,C,2,0,15,18.0,17.0,15439
1003963,P0098442,M,0-17,7,C,1,1,2,14.0,,9128
1004543,P0059742,M,18-25,17,C,4+,0,17,2.0,,13609
1004931,P0062742,M,46-50,13,B,2,1,3,17.0,9.0,16472
1003178,P0049742,M,46-50,1,C,2,1,4,12.0,,12469
1003723,P0036442,F,51-55,11,A,2,1,5,11.0,14.0,19462
1004907,P0085042,M,36-45,0,C,0,1,12,8.0,,8733
1001476,P0036242,M,55+,20,C,2,0,12,7.0,17.0,16359
1002897,P0049742,M,18-25,14,B,1,0,5,12.0,10.0,15748
1000809,P0074542,M,26-35,10,C,3,1,15,2.0,,4633
1000979,P0082442,M,36-45,17,A,2,1,18,17.0,,15790
1002464,P0062642,M,26-35,16,A,1,0,3,17.0,,12790
1000726,P0053542,M,0-17,2,C,0,0,2,16.0,,17437
1002502,P0093942,F,46-50,14,B,3,1,11,14.0,9.0,4902
1003363,P0045942,F,51-55,12,A,4+,1,14,7.0,,5069
1001217,P0022842,M,36-45,2,B,4+,1,5,15.0,17.0,19748
1004052,P0096342,M,26-35,12,C,0,1,13,4.0,13.0,19102
1002198,P0073342,M,18-25,8,B,0,0,8,7.0,3.0,15949
1002807,P0034042,F,0-17,9,C,4+,1,6,2.0,,16966
1000779,P0072642,M,55+,0,C,0,0,12,,,12120
1000973,P0080842,M,0-17,1,B,4+,1,7,18.0,18.0,12910
1002811,P0032142,M,46-50,13,A,0,1,11,11.0,10.0,8593
1002124,P0031342,M,46-50,4,C,4+,0,8,10.0,4.0,11455
1000599,P0069142,M,26-35,9,C,1,0,9,,,5290
1003342,P0087442,M,26-35,18,C,0,0,4,15.0,13.0,14513
1000225,P0023442,M,0-17,7,A,4+,0,5,16.0,15.0,14776
1000841,P0091742,M,26-35,12,A,0,1,4,9.0,17.0,15721
1001815,P0085342,M,46-50,8,C,4+,1,12,7.0,,17991
1004810,P0048542,M,0-17,17,A,4+,1,18,4.0,16.0,6176
1001107,P0040242,M,0-17,3,B,3,1,15,3.0,16.0,2975
1000125,P0088142,M,55+,7,B,0,0,8,,15.0,15618
1003247,P0038642,M,18-25,4,B,1,1,11,,13.0,18645
1002932,P0066142,F,18-25,5,B,2,0,14,6.0,18.0,11020
1004126,P0028842,M,26-35,19,C,2,1,7,2.0,3.0,17543
1002972,P0039642,M,26-35,4,B,0,1,16,8.0,,3356
1002018,P0062542,M,46-50,0,A,4+,0,8,,10.0,6790
1002416,P0048842,F,46-50,18,C,4+,1,11,8.0,12.0,149
1004591,P0055842,F,18-25,3,A,1,1,1,,18.0,5074
1003097,P0084342,M,0-17,0,B,0,0,17,18.0,9.0,7064
1001610,P0036042,M,36-45,18,C,2,0,7,,,13862
1000718,P0080342,M,51-55,3,C,1,0,18,11.0,6.0,18777
1003562,P0081442,M,51-55,13,C,0,1,12,,,10039
1001017,P0087242,M,55+,13,B,0,0,5,16.0,,14359
1003566,P0021242,M,36-45,8,A,0,0,6,,,15608
1004702,P0098542,M,55+,18,C,3,1,2,16.0,,18689
1004471,P0096342,M,26-35,10,A,1,0,12,11.0,15.0,2912
1001961,P0013542,M,51-55,15,B,0,1,11,,,16034
1001049,P0017842,M,55+,18,B,1,0,4,18.0,8.0,13453
1001358,P0037442,F,51-55,3,A,2,1,7,14.0,12.0,14301
1003427,P0037742,M,36-45,8,C,0,0,5,11.0,,6849
1000116,P0077342,M,55+,16,A,4+,0,11,3.0,,4969
1002096,P0041142,M,36-45,14,C,0,0,16,18.0,,18410
1001802,P0062842,M,18-25,7,C,0,0,10,10.0,,5090
1002147,P0030342,M,0-17,12,A,1,1,9,9.0,5.0,10831
1001621,P0011642,M,46-50,0,C,1,0,6,6.0,,16887
1004781,P0081342,M,18-25,1,C,3,1,13,12.0,10.0,558
1002951,P0057542,F,51-55,9,C,0,1,4,18.0,6.0,16617
1003793,P0061042,F,46-50,20,B,2,1,11,7.0,3.0,13111
1002942,P0030942,F,18-25,12,C,1,0,11,,12.0,4885
1004906,P0059842,M,18-25,10,A,3,0,16,9.0,,7489
1000978,P0050142,M,36-45,13,B,4+,0,6,,12.0,12467
1003067,P0052842,M,46-50,15,C,4+,0,17,15.0,,18738
1000784,P0017742,F,18-25,5,B,3,1,18,9.0,7.0,4121
1000241,P0066742,M,36-45,1,A,4+,1,4,,7.0,7371
1001554,P0017942,F,26-35,4,B,0,1,18,13.0,9.0,5335
1004579,P0040542,M,46-50,18,B,1,0,11,17.0,4.0,15175
1001013,P0015742,F,55+,6,C,2,1,12,11.0,,18100
1000187,P0062942,M,18-25,16,A,4+,1,10,4.0,6.0,8739
1001882,P0030742,M,51-55,4,A,0,1,3,,12.0,4857
1004587,P0061042,F,26-35,11,B,1,1,15,8.0,14.0,14060
1000431,P0023442,M,36-45,18,C,0,1,18,,8.0,12420
1000239,P0094342,F,18-25,17,B,0,0,16,,,14110
1002346,P0062142,F,51-55,11,B,1,1,7,3.0,,13302
1000076,P0068042,F,36-45,2,B,4+,1,11,4.0,3.0,7775
1001357,P0095242,M,36-45,3,C,4+,1,10,14.0,13.0,7928
1004923,P0099842,M,55+,14,B,0,1,9,2.0,6.0,5389
1002331,P0018242,M,51-55,14,C,3,1,18,10.0,18.0,110
1004687,P0072042,F,36-45,10,A,4+,0,13,12.0,15.0,3925
1001903,P0014342,M,46-50,1,B,0,1,10,5.0,,14823
1004014,P0058242,M,55+,17,A,2,0,12,17.0,,16748
1004671,P0074342,M,26-35,2,B,2,0,13,10.0,,18251
1004988,P0059242,F,55+,17,A,3,0,5,10.0,,10509
1002060,P0059842,F,26-35,13,C,0,0,12,6.0,7.0,11533
1000141,P0011742,M,0-17,5,B,2,0,4,,17.0,1252
1001790,P0070442,M,55+,1,B,4+,1,3,2.0,6.0,7985
1003627,P0039342,M,55+,0,C,0,1,14,2.0,9.0,13509
1000017,P0024742,M,18-25,7,A,3,0,3,,8.0,4677
1004349,P0057142,M,55+,9,A,3,0,2,2.0,11.0,15476
1000465,P0027142,M,36-45,19,C,4+,0,8,5.0,,9926
1004472,P0066242,M,18-25,17,A,2,0,7,,10.0,457
1001828,P0063042,F,26-35,19,C,2,1,2,14.0,,1286
1003029,P0021942,M,26-35,10,A,3,1,18,14.0,3.0,11465
1000520,P0093542,M,36-45,17,C,1,0,17,11.0,17.0,5330
1000090,P0083642,F,46-50,15,C,3,1,14,5.0,10.0,11325
1004816,P0016542,M,51-55,4,C,3,0,12,9.0,,13013
1002852,P0024042,F,36-45,6,C,0,1,18,16.0,,2565
1002844,P0054542,M,36-45,1,A,4+,0,17,11.0,16.0,6486
1004726,P0060542,F,0-17,10,B,0,1,16,16.0,16.0,7625
1001885,P0028842,M,51-55,12,A,3,1,10,2.0,,6440
1004172,P0025742,M,55+,19,C,0,0,4,15.0,11.0,19313
1000926,P0070942,M,46-50,15,B,2,0,2,13.0,12.0,4609
1003735,P0076942,F,18-25,13,B,3,1,5,,,1455
1000970,P0034542,F,51-55,6,A,2,0,14,,15.0,12299
1001095,P0095542,M,46-50,6,C,2,0,10,14.0,,2084
1003196,P0084742,M,36-45,11,C,4+,1,8,13.0,13.0,800
1001405,P0013242,M,36-45,11,C,2,0,1,3.0,,3775
1003365,P0046042,M,36-45,19,C,0,0,9,,,12027
1004291,P0085242,F,36-45,0,C,0,1,5,16.0,,16510
1003983,P0042942,M,36-45,5,B,1,0,9,12.0,8.0,12589
1004324,P0061142,F,51-55,7,A,4+,1,9,,15.0,4613
1004014,P0094942,M,55+,12,A,1,1,18,16.0,,2509
1004557,P0088642,M,51-55,4,A,2,0,5,13.0,5.0,17685
1004714,P0017042,F,55+,9,B,3,0,16,12.0,,2683
1003093,P0041242,M,51-55,13,B,0,0,2,,,4194
1004160,P0082742,M,46-50,8,A,3,1,4,17.0,,17827
1002075,P0017842,F,36-45,16,B,1,0,18,10.0,5.0,8510
1000285,P0026842,M,26-35,2,B,1,1,5,14.0,4.0,4271
1004934,P0090942,M,51-55,11,A,0,0,8,5.0,15.0,13892
1004927,P0027942,F,26-35,11,B,1,1,12,,11.0,13765
1001188,P0072742,M,0-17,10,C,3,0,14,15.0,12.0,16096
1003970,P0035942,M,18-25,3,A,1,1,17,,9.0,13951
1002966,P0058542,M,51-55,7,A,3,0,12,7.0,,18753
1004320,P0087142,M,26-35,9,A,2,0,2,8.0,,8786
1000784,P0010442,F,0-17,13,A,4+,1,4,18.0,3.0,19814
1000950,P0039642,M,46-50,0,B,0,1,11,7.0,,14582
1003940,P0071942,M,18-25,11,A,1,1,12,9.0,,5488
1000045,P0095442,F,55+,4,C,0,1,2,,14.0,3799
1001811,P0045942,M,36-45,13,B,1,1,10,12.0,5.0,10117
1004567,P0021642,F,51-55,3,B,2,1,10,8.0,,3521
1002082,P0045642,F,51-55,16,A,3,0,2,10.0,9.0,6432
1003499,P0094242,M,36-45,12,B,0,1,4,16.0,16.0,2726
1000830,P0053842,M,55+,2,B,2,0,18,5.0,8.0,2451
1001910,P0043042,M,46-50,10,B,2,1,18,,,2654
1002582,P0062442,F,18-25,10,A,4+,1,14,11.0,11.0,10084
1000692,P0075342,M,51-55,4,C,2,1,13,17.0,,15296
1004020,P0028742,M,26-35,5,A,4+,1,15,16.0,15.0,2041
1000932,P0038042,M,55+,3,C,2,1,15,15.0,,12440
1004937,P0061042,M,18-25,9,B,3,0,4,10.0,8.0,1293
1003407,P0056542,M,0-17,9,C,2,0,15,2.0,,9347
1000148,P0021442,F,55+,11,A,3,1,14,16.0,,18505
1001033,P0033542,M,51-55,17,A,1,0,7,,,13390
1001312,P0043742,M,46-50,14,A,2,0,17,12.0,,11481
1000388,P0062142,F,55+,17,B,2,1,9,,,7173
1003122,P0029842,M,26-35,2,C,1,1,4,12.0,5.0,6126
1001874,P0086342,F,18-25,2,A,4+,1,18,5.0,,2385
1003589,P0014942,M,55+,0,A,3,0,13,6.0,13.0,18155
1000916,P0024142,F,18-25,16,A,1,1,15,,16.0,8754
1001879,P0088242,M,26-35,9,B,1,0,4,14.0,13.0,1265
1003749,P0062742,M,0-17,5,A,0,0,18,10.0,7.0,8657
1000278,P0061342,M,0-17,10,B,1,1,10,17.0,15.0,1313
1001978,P0076942,M,55+,13,B,4+,0,7,14.0,4.0,6997
1001860,P0012942,M,18-25,16,A,4+,0,6,,4.0,2560
1003037,P0018142,F,36-45,6,B,4+,1,13,,16.0,14380
1003372,P0013042,M,26-35,3,B,3,1,18,15.0,7.0,4471
1004714,P0084742,M,51-55,10,A,3,1,9,,18.0,400
1002183,P0043242,M,55+,18,A,2,0,11,11.0,7.0,6624
1004676,P0075942,M,0-17,8,C,1,1,16,18.0,,18125
1001171,P0027642,M,51-55,20,A,4+,1,8,,6.0,8517
1000490,P0046942,F,0-17,7,C,1,0,5,2.0,14.0,19586
1002526,P0064642,F,0-17,19,C,2,0,15,,14.0,1984
1001183,P0063442,F,46-50,3,C,2,1,2,10.0,18.0,15484
1004480,P0020542,F,55+,15,A,4+,0,5,9.0,13.0,2651
1004259,P0019642,M,51-55,5,C,1,1,10,17.0,,17198
1002489,P0032942,F,36-45,5,C,2,0,14,6.0,,6757
1001877,P0032642,M,0-17,18,C,0,0,13,2.0,6.0,8844
1002463,P0047042,F,36-45,1,A,3,0,14,7.0,4.0,11179
1001631,P0019942,M,18-25,10,A,1,1,4,14.0,,18661
1000288,P0054442,F,18-25,17,A,4+,0,7,,,13861
1004283,P0056742,M,46-50,8,A,2,0,18,9.0,14.0,19076
1001908,P0015442,M,36-45,15,B,2,0,6,17.0,18.0,12859
1001162,P0029442,M,26-35,10,A,2,1,15,6.0,10.0,3964
1000130,P0061942,M,46-50,13,C,3,0,11,,,10313
1002364,P0052342,M,0-17,7,A,1,1,17,17.0,,16868
1000144,P0041442,F,18-25,12,B,2,1,10,10.0,17.0,17597
1000016,P0022742,F,55+,9,B,3,1,16,,10.0,18936
1000245,P0013142,M,18-25,11,B,0,1,11,2.0,13.0,3898
1000927,P0019242,M,26-35,20,A,1,1,7,17.0,9.0,14246
1003179,P0061842,M,46-50,2,B,4+,0,14,2.0,13.0,11880
1002177,P0035742,F,36-45,1,B,1,0,1,,4.0,13760
1000887,P0095242,M,55+,10,B,2,1,17,5.0,5.0,8318
1000341,P0031942,M,18-25,17,A,4+,1,13,2.0,8.0,11903
1002052,P0085142,M,0-17,20,B,1,0,8,8.0,,17393
1003399,P0020542,M,26-35,3,B,4+,0,8,5.0,14.0,14799
1003951,P0064742,M,26-35,7,C,1,1,17,15.0,15.0,16233
1000306,P0051542,M,51-55,10,C,0,1,5,11.0,16.0,19940
1000908,P0065642,M,26-35,14,C,0,1,11,4.0,15.0,13659
1002655,P0090942,M,0-17,20,B,0,1,14,,5.0,7585
1003793,P0040842,M,26-35,1,C,1,0,10,9.0,11.0,16512
1004043,P0046542,M,36-45,18,A,4+,1,12,7.0,4.0,12634
1001372,P0062042,M,51-55,14,C,0,1,3,15.0,4.0,4458
1000321,P0055842,M,36-45,12,A,3,1,9,9.0,4.0,3255
1004655,P0069842,M,55+,1,C,3,0,11,4.0,,14686
1004060,P0046942,F,46-50,2,C,0,1,9,13.0,8.0,7264
1001132,P0043042,M,46-50,13,C,0,1,1,2.0,4.0,11945
1002579,P0078842,M,55+,19,A,2,0,18,14.0,3.0,4080
1004043,P0074142,M,55+,12,A,3,1,3,,18.0,4907
1003368,P0080642,M,36-45,15,C,3,1,14,7.0,18.0,5570
1000818,P0011042,M,0-17,11,A,0,0,4,,9.0,8180
1000012,P0091742,M,51-55,0,C,2,1,5,6.0,10.0,5864
1000195,P0060642,M,46-50,5,B,4+,1,10,6.0,11.0,10804
1002538,P0051842,F,26-35,12,B,2,0,5,16.0,11.0,14761
1002843,P0022142,F,55+,1,B,2,1,3,3.0,,7900
1002230,P0033442,M,36-45,17,A,3,1,9,2.0,,13336
1003010,P0043042,M,18-25,16,B,0,1,12,11.0,17.0,16552
1004752,P0064242,M,0-17,18,C,0,1,2,2.0,12.0,1538
1002078,P0044742,M,0-17,14,C,0,0,11,11.0,10.0,6374
1003868,P0051142,F,36-45,7,A,2,1,1,14.0,,10194
1004874,P0032342,M,18-25,8,C,2,0,16,6.0,5.0,10609
1000444,P0025242,F,0-17,7,B,1,1,3,,13.0,4534
1000298,P0031142,M,51-55,7,C,4+,1,13,6.0,,2805
1004904,P0019142,M,46-50,10,A,1,1,15,6.0,9.0,10919
1000845,P0043042,M,51-55,17,C,4+,1,1,,6.0,13767
1001016,P0056642,M,18-25,16,C,1,1,16,15.0,,10589
1001385,P0095942,M,51-55,5,B,1,0,15,12.0,17.0,1629
1001398,P0074042,M,26-35,1,A,1,1,6,8.0,18.0,3104
1000554,P0080842,M,55+,0,B,1,1,15,17.0,,5775
1002351,P0065342,M,55+,9,C,2,0,18,13.0,11.0,4361
1004517,P0097742,M,46-50,7,A,4+,0,17,8.0,,15756
1001270,P0032742,M,18-25,15,C,1,1,14,18.0,4.0,11391
1001261,P0029342,M,36-45,13,C,1,0,18,17.0,4.0,3463
1000185,P0062942,M,0-17,15,B,0,1,17,,,841
1004564,P0094442,M,46-50,13,C,2,1,1,,11.0,7648
1002411,P0034242,M,36-45,6,A,3,1,14,2.0,11.0,19110
1004432,P0048842,M,18-25,17,A,0,0,7,8.0,4.0,9223
1002210,P0037542,M,26-35,19,B,3,1,1,5.0,3.0,6056
1003673,P0054942,M,0-17,8,B,1,0,3,6.0,18.0,906
1004684,P0073842,M,0-17,3,A,4+,0,11,,16.0,15467
1001882,P0068642,M,46-50,15,B,3,0,18,,,1947
1004297,P0067342,F,36-45,10,C,3,1,14,,8.0,10263
1000522,P0057742,M,55+,8,A,3,1,3,15.0,,534
1001888,P0057942,M,18-25,16,B,4+,1,2,13.0,9.0,1456
1002553,P0038742,M,18-25,10,A,0,0,15,14.0,14.0,17780
1003810,P0079742,M,36-45,19,C,2,0,7,,12.0,3246
1004884,P0078942,F,0-17,2,B,4+,1,13,2.0,,11280
1004156,P0077742,M,36-45,20,A,0,0,4,10.0,,6093
1004674,P0079442,F,51-55,10,C,1,0,8,12.0,14.0,12416
1004417,P0063942,M,55+,7,B,0,0,2,,11.0,3951
1003480,P0042942,M,18-25,9,A,3,0,13,5.0,,3211
1001410,P0056942,M,36-45,5,C,0,0,4,16.0,8.0,5342
1001695,P0085842,M,0-17,16,C,0,1,13,,,9754
1004665,P0094842,M,46-50,5,C,1,1,16,17.0,10.0,9986
1000527,P0063342,M,51-55,6,C,1,1,12,2.0,14.0,11831
1002661,P0056642,F,0-17,12,C,0,1,13,15.0,,4658
1002173,P0051942,M,26-35,5,B,4+,1,1,6.0,,6129
1004967,P0070742,M,26-35,2,C,1,0,3,14.0,,413
1000280,P0022142,M,36-45,12,B,3,0,3,13.0,5.0,7148
1002965,P0086142,F,55+,9,B,4+,1,12,,9.0,11105
1003978,P0099042,M,55+,3,A,0,1,4,5.0,,9270
1002670,P0040742,M,0-17,4,A,3,1,1,3.0,,4666
1002894,P0043342,M,0-17,20,B,3,1,17,14.0,7.0,5583
1001752,P0051942,F,18-25,18,C,4+,0,9,8.0,,14353
1003982,P0042542,M,46-50,17,C,0,1,5,17.0,18.0,14213
1004770,P0074842,M,51-55,6,B,3,0,3,,,2934
1002362,P0088842,M,0-17,20,C,1,1,7,10.0,,6279
1004428,P0093142,M,51-55,0,B,1,0,3,5.0,5.0,3519
1004132,P0094342,M,36-45,16,A,4+,1,5,13.0,11.0,11811
1001709,P0067242,M,18-25,19,C,1,0,12,8.0,14.0,10610
1002687,P0034942,M,55+,19,C,2,1,3,17.0,9.0,6092
1002896,P0019442,M,51-55,17,C,0,0,1,12.0,,14390
1004536,P0039542,M,51-55,4,A,3,1,3,,17.0,14030
1002777,P0028342,F,51-55,5,C,3,1,16,18.0,,6917
1001120,P0035942,M,51-55,9,B,4+,0,18,,7.0,13448
1002989,P0089842,M,51-55,18,C,4+,0,3,7.0,17.0,4405
1004260,P0076642,M,55+,9,B,3,1,5,,,2073
1004244,P0028542,M,18-25,5,C,1,1,5,,3.0,19219
1000195,P0050842,M,36-45,9,B,4+,0,9,14.0,15.0,12111
1000663,P0016842,M,51-55,9,A,2,0,12,,8.0,2537
1000480,P0093742,M,51-55,20,C,4+,0,16,3.0,,15513
1004219,P0087242,M,36-45,11,A,1,1,9,17.0,,8552
1001424,P0072642,F,0-17,3,A,0,0,18,4.0,9.0,16596
1002709,P0095842,M,0-17,12,C,2,1,11,8.0,,3413
1003176,P0010742,M,55+,9,C,4+,0,17,16.0,8.0,14254
1003815,P0036442,F,18-25,15,B,0,0,1,6.0,11.0,3703
1002015,P0088242,M,18-25,18,C,0,1,3,6.0,,12964
1003790,P0058342,M,46-50,5,C,3,1,5,6.0,17.0,18563
1004806,P0086042,M,18-25,8,B,1,0,1,11.0,,4595
1002444,P0071642,M,55+,13,B,3,1,15,3.0,,8799
1000912,P0087442,M,36-45,9,C,1,1,17,,17.0,7276
1003214,P0083542,M,51-55,7,C,0,1,4,16.0,11.0,262
1002365,P0093942,F,36-45,2,C,4+,0,14,12.0,10.0,10820
1003630,P0047042,M,55+,16,A,1,1,2,3.0,5.0,664
1003473,P0088242,M,46-50,18,A,1,1,4,4.0,13.0,11285
1000681,P0077642,M,26-35,2,C,0,0,5,3.0,,10016
1004652,P0018242,M,55+,13,B,2,0,7,2.0,10.0,17481
1000610,P0090642,M,55+,5,C,0,1,4,15.0,,13119
1002157,P0074542,F,26-35,18,C,0,0,8,12.0,,5071
1003867,P0031042,F,36-45,17,A,1,1,11,9.0,,11774
1000372,P0041242,M,26-35,11,C,0,1,8,8.0,,6902
1000616,P0070342,M,55+,14,C,3,0,4,11.0,4.0,4541
1002254,P0043642,F,55+,5,A,0,0,11,11.0,17.0,11373
1004943,P0058942,M,26-35,20,A,4+,1,12,4.0,10.0,14623
1004139,P0050242,M,55+,11,B,0,1,2,12.0,,15332
1000865,P0073842,M,46-50,18,B,0,0,15,2.0,,18198
1001269,P0029042,F,55+,6,B,4+,0,14,,,12371
1000785,P0077042,M,55+,19,C,2,0,17,16.0,17.0,12381
1004572,P0094242,F,51-55,9,B,2,1,16,2.0,,8513
1004179,P0043442,M,18-25,17,A,2,0,5,7.0,7.0,2727
1002238,P0062142,M,18-25,1,B,3,1,1,,12.0,15641
1004055,P0071842,M,26-35,12,C,4+,1,10,2.0,15.0,7174
1004896,P0018642,M,0-17,14,C,3,0,7,4.0,16.0,718
1000936,P0067842,M,46-50,3,B,3,0,10,11.0,,16018
1003981,P0016142,M,51-55,6,C,3,1,16,9.0,,18599
1002339,P0048642,M,51-55,2,C,4+,0,5,,4.0,17334
1000326,P0024542,M,26-35,15,C,1,1,6,12.0,,12031
1001535,P0025242,M,0-17,8,B,1,0,12,,9.0,4538
1003481,P0071842,M,0-17,16,C,2,1,6,9.0,13.0,2469
1003862,P0075942,M,51-55,7,B,3,1,10,7.0,14.0,2879
1001986,P0079742,M,46-50,17,B,2,1,10,7.0,,17485
1004933,P0044842,F,18-25,12,C,3,1,13,14.0,,17618
1004604,P0095342,M,51-55,1,B,2,0,17,14.0,12.0,17081
1002779,P0027742,M,55+,0,B,0,1,16,13.0,,4320
1001271,P0098842,M,51-55,15,C,4+,1,4,5.0,6.0,15436
1000641,P0094642,M,55+,15,C,3,0,3,7.0,8.0,16948
1004704,P0058642,M,36-45,10,B,3,1,5,7.0,13.0,7497
1004079,P0087742,F,0-17,3,A,3,0,13,,8.0,8381
1004662,P0076042,M,36-45,10,A,4+,1,14,18.0,,1608
1001368,P0034642,F,36-45,5,A,0,0,9,6.0,,10422
1004043,P0035342,M,46-50,10,A,1,0,9,4.0,7.0,17112
1002576,P0059942,M,51-55,0,B,4+,1,8,4.0,13.0,8180
1003604,P0064042,M,18-25,8,C,0,1,10,3.0,,8381
1001582,P0045142,M,55+,6,A,2,0,18,,3.0,16970
1001987,P0061142,M,55+,20,C,3,0,12,18.0,4.0,18139
1002241,P0087742,F,46-50,2,A,3,1,13,2.0,,12627
1003967,P0011242,F,0-17,8,A,1,1,16,2.0,12.0,2064
1002106,P0065842,F,18-25,1,A,2,1,3,15.0,,7275
1000129,P0025042,F,51-55,9,C,0,1,9,8.0,18.0,11873
1004802,P0014942,F,26-35,16,C,2,0,16,3.0,,9199
1003997,P0031442,F,18-25,0,A,2,0,17,11.0,7.0,1661
1000852,P0074342,M,55+,17,C,1,0,16,2.0,16.0,4723
1004104,P0047142,M,46-50,5,A,0,0,10,10.0,,9939
1002077,P0021242,M,46-50,5,B,1,1,18,6.0,16.0,11423
1002995,P0035142,M,36-45,8,C,0,0,2,7.0,,9869
1003745,P0044042,F,51-55,9,A,4+,1,14,7.0,3.0,12932
1002757,P0015242,M,26-35,14,B,4+,1,5,8.0,8.0,9204
1001645,P0022942,M,51-55,3,B,3,1,6,2.0,4.0,9191
1004372,P0093542,M,18-25,7,A,1,1,1,13.0,,2212
1003145,P0029242,M,26-35,3,B,4+,1,15,12.0,8.0,18806
1000243,P0069042,M,51-55,2,B,2,0,3,15.0,,8599
1004086,P0015642,M,36-45,3,A,2,0,18,5.0,6.0,4324
1000171,P0019642,M,26-35,0,B,4+,0,15,,4.0,17332
1000653,P0029742,M,26-35,8,B,1,1,18,4.0,7.0,2915
1003513,P0074642,M,18-25,10,A,3,0,1,18.0,9.0,12785
1001500,P0024642,M,26-35,20,A,2,1,14,6.0,14.0,19216
1002100,P0078342,M,36-45,18,B,3,0,17,10.0,3.0,11513
1002159,P0067442,M,0-17,20,C,2,0,8,8.0,18.0,9607
1001973,P0067642,M,0-17,19,A,0,1,8,8.0,,14190
1003926,P0039442,F,46-50,6,C,4+,1,17,11.0,10.0,8403
1002259,P0082242,M,0-17,4,A,1,0,1,6.0,9.0,279
1004040,P0072042,F,18-25,1,C,2,1,7,12.0,7.0,14787
1002036,P0089342,M,46-50,18,A,4+,1,14,7.0,8.0,7602
1003272,P0078342,F,0-17,2,B,3,1,6,,,11073
1000858,P0011142,M,0-17,14,B,1,0,17,6.0,18.0,19825
1003824,P0043242,M,46-50,6,C,1,0,14,17.0,,14449
1001050,P0031942,M,18-25,4,C,4+,0,7,11.0,,3622
1003991,P0049742,M,46-50,9,A,4+,1,15,2.0,17.0,8567
1000299,P0044142,F,55+,8,A,4+,1,8,5.0,7.0,13382
1000924,P0089742,M,55+,13,C,0,1,16,,11.0,665
1004233,P0061142,F,18-25,12,C,0,1,10,18.0,14.0,18693
1004307,P0027142,F,18-25,0,B,1,1,9,4.0,13.0,2120
1002800,P0056742,M,51-55,15,C,4+,0,2,3.0,4.0,19433
1004876,P0084742,M,36-45,19,B,0,0,8,5.0,11.0,2271
1004063,P0026542,M,0-17,7,C,1,0,11,13.0,7.0,13612
1004046,P0079842,M,51-55,16,B,2,1,4,14.0,17.0,16973
1001803,P0026942,M,0-17,5,B,4+,0,18,9.0,,4134
1002714,P0066342,F,51-55,1,B,0,0,18,7.0,6.0,3006
1004507,P0061142,M,26-35,12,A,1,0,2,6.0,,8410
1002854,P0093042,M,55+,7,B,4+,1,5,10.0,9.0,9923
1002658,P0028842,M,46-50,8,C,1,1,14,2.0,,1179
1004523,P0021942,M,51-55,12,C,2,0,13,2.0,18.0,2028
1003347,P0020442,M,55+,17,C,1,0,8,17.0,8.0,12899
1001472,P0077342,M,36-45,17,A,1,0,11,12.0,12.0,13755
1002950,P0090642,M,0-17,8,B,2,0,8,17.0,16.0,6324
1000942,P0014042,M,26-35,1,A,3,1,15,4.0,,2513
1001908,P0098842,M,36-45,3,B,4+,0,6,18.0,7.0,1068
1004838,P0097542,M,18-25,17,C,2,1,17,,11.0,19452
1001244,P0077642,F,0-17,16,B,2,0,11,12.0,,3219
1004424,P0042042,M,55+,11,A,4+,1,7,4.0,,4083
1001467,P0098542,M,51-55,15,A,1,1,2,4.0,12.0,1595
1003958,P0043442,M,46-50,12,A,0,1,3,5.0,6.0,9097
1001967,P0025942,M,36-45,10,A,4+,0,18,5.0,15.0,14425
1000376,P0036342,F,55+,13,C,2,1,14,,17.0,2485
1000263,P0096442,F,26-35,9,A,1,1,9,18.0,9.0,15528
1004363,P0062942,M,46-50,20,A,3,0,8,8.0,,4135
1003389,P0078442,F,18-25,18,A,1,0,18,18.0,16.0,10950
1003396,P0057642,F,46-50,20,C,0,1,12,17.0,12.0,11473
1001945,P0045142,M,55+,16,B,1,1,12,9.0,10.0,745
1001894,P0064442,F,55+,8,C,0,0,10,2.0,10.0,14384
1003635,P0087242,M,26-35,13,C,3,0,9,2.0,,1703
1001653,P0030942,M,18-25,4,C,3,1,2,8.0,15.0,17860
1004142,P0059542,F,26-35,2,B,1,0,11,2.0,10.0,10326
1003893,P0099442,M,55+,7,A,4+,0,10,4.0,,2320
1000600,P0094142,F,0-17,17,C,4+,1,8,7.0,3.0,325
1004816,P0048142,M,26-35,2,A,4+,0,5,5.0,,5069
1001913,P0077542,F,46-50,1,A,3,1,5,4.0,,19762
1001293,P0058042,M,55+,10,B,0,0,9,7.0,,16788
1000601,P0010442,M,0-17,4,B,2,0,11,16.0,9.0,12055
1000381,P0013342,M,0-17,6,C,1,0,12,10.0,,11191
1004214,P0089142,F,36-45,13,B,0,0,5,15.0,,3357
1003638,P0024442,M,46-50,18,B,2,0,6,,,14948
1002164,P0045042,M,46-50,1,B,3,0,1,2.0,7.0,11309
1004356,P0068242,M,18-25,8,A,2,1,16,,18.0,6814
1001099,P0056442,M,26-35,9,B,3,0,14,7.0,,19725
1000366,P0044742,F,51-55,18,C,3,1,14,7.0,15.0,15668
1002571,P0084142,M,26-35,16,B,0,0,13,14.0,16.0,10480
1003420,P0022442,M,46-50,6,C,4+,0,12,9.0,13.0,13009
1002477,P0088942,M,26-35,17,C,4+,0,7,3.0,,935
1000791,P0037042,M,46-50,5,B,0,0,6,16.0,,6322
1003570,P0045642,M,55+,8,A,1,0,9,5.0,15.0,2822
1000747,P0062642,M,0-17,7,C,3,0,16,,,14458
1000313,P0085342,F,26-35,8,C,1,1,9,,13.0,19634
1004634,P0059742,M,55+,0,C,3,1,14,5.0,6.0,11391
1000921,P0025242,M,26-35,1,B,3,0,9,17.0,3.0,4463
1001078,P0015242,F,46-50,3,C,4+,1,4,,17.0,10191
1002830,P0024842,M,55+,19,B,4+,0,9,,,9020
1002382,P0060242,M,46-50,17,C,3,1,8,13.0,,15208
1003619,P0096942,M,18-25,9,A,4+,1,14,8.0,,11266
1000798,P0054942,M,26-35,0,C,4+,0,5,2.0,16.0,13183
1004444,P0031842,M,36-45,9,B,2,1,16,,8.0,6208
1000273,P0072442,F,46-50,8,B,2,0,10,2.0,,13707
1003011,P0089942,M,36-45,12,C,3,0,3,13.0,,8600
1004816,P0037642,M,0-17,14,B,4+,1,9,5.0,7.0,16007
1001774,P0055142,M,0-17,17,A,2,0,3,6.0,11.0,12502
1002548,P0052742,M,36-45,12,B,1,1,1,2.0,,13789
1003165,P0018242,M,51-55,4,C,3,0,15,2.0,8.0,7885
1004781,P0031742,M,0-17,1,A,3,1,7,9.0,,8409
1004718,P0083742,M,36-45,6,B,1,1,1,,,4662
1000947,P0088142,M,18-25,8,C,3,1,16,13.0,15.0,7830
1002666,P0062642,F,18-25,18,B,4+,0,8,12.0,,16948
1000507,P0050342,F,0-17,13,C,2,1,12,14.0,10.0,9624
1000244,P0038942,F,55+,16,B,0,1,6,12.0,,6605
1000506,P0051942,M,36-45,19,B,2,0,10,8.0,10.0,2082
1004518,P0043842,F,36-45,19,A,1,1,14,,,8369
1003159,P0087642,M,36-45,10,A,0,1,5,11.0,,12820
1003591,P0081042,F,51-55,4,B,4+,0,4,17.0,,14623
1001873,P0076942,F,0-17,11,C,4+,1,14,,16.0,3127
1003794,P0094442,F,51-55,20,C,2,1,17,2.0,,4490
1001193,P0051842,F,36-45,8,B,3,0,1,11.0,3.0,13833
1004426,P0030642,M,46-50,16,B,3,0,17,14.0,,11531
1004746,P0078542,M,36-45,7,A,1,0,9,12.0,16.0,2049
1001465,P0079542,M,46-50,7,B,3,1,16,,15.0,3115
1000391,P0036442,M,18-25,11,B,4+,0,3,,17.0,19448
1004477,P0085742,F,46-50,18,C,0,0,10,4.0,17.0,2467
1003378,P0013542,M,18-25,9,A,2,0,17,8.0,,10367
1004838,P0047242,M,0-17,1,A,2,1,16,7.0,5.0,19424
1004916,P0058742,M,55+,7,B,2,0,1,11.0,,10938
1000673,P0035842,M,55+,13,A,3,0,15,9.0,,18923
1002561,P0063042,M,51-55,18,C,0,0,7,9.0,3.0,18092
1001212,P0012242,M,51-55,3,B,3,1,8,12.0,16.0,17160
1000930,P0020342,M,18-25,8,B,3,0,4,11.0,,17201
1001540,P0034042,M,18-25,12,C,4+,0,12,11.0,9.0,6767
1000913,P0097242,M,36-45,8,A,4+,1,2,4.0,18.0,2631
1000644,P0081542,M,26-35,12,A,3,1,7,12.0,,4795
1004523,P0035242,F,18-25,15,C,1,0,6,3.0,8.0,4075
1000502,P0024142,M,46-50,0,C,1,0,2,14.0,8.0,7551
1000730,P0091342,M,0-17,7,C,1,1,7,14.0,,15691
1001284,P0075442,M,51-55,8,C,3,0,2,7.0,,9719
1002119,P0055042,M,46-50,12,A,0,0,4,4.0,,14086
1004553,P0088242,M,51-55,16,A,1,1,16,17.0,,6650
1004387,P0040642,M,0-17,8,C,4+,0,6,17.0,6.0,17534
1003837,P0059942,M,46-50,6,C,2,1,10,,,9305
1000920,P0072142,M,51-55,19,B,2,1,14,10.0,,4053
1004051,P0010742,F,18-25,9,B,3,0,3,8.0,,17461
1002340,P0016842,M,26-35,20,A,2,1,14,8.0,9.0,13985
1000756,P0080142,M,18-25,4,B,3,1,11,5.0,,797
1001870,P0079042,F,55+,16,B,2,0,11,8.0,,16968
1004473,P0067442,M,51-55,1,B,0,0,11,4.0,7.0,6019
1000508,P0016742,M,36-45,8,A,0,1,4,,,8518
1001437,P0081742,M,46-50,1,B,0,1,5,8.0,12.0,12662
1002576,P0050742,M,26-35,9,C,0,0,6,12.0,7.0,10276
1003427,P0061742,F,46-50,11,A,1,0,14,3.0,6.0,13033
1000559,P0021842,M,36-45,1,B,4+,1,7,7.0,8.0,3765
1003103,P0092442,M,36-45,14,A,0,0,6,6.0,,3679
1004517,P0013042,F,36-45,2,B,1,1,14,,16.0,15667
1003623,P0061742,M,51-55,1,A,3,0,16,5.0,,7214
1004400,P0058242,M,18-25,6,C,2,1,4,17.0,,14005
1004058,P0030642,F,51-55,8,B,2,1,18,7.0,6.0,3422
1003716,P0076842,M,18-25,10,B,1,1,7,6.0,18.0,7545
1001302,P0067842,M,26-35,15,A,2,0,14,2.0,4.0,7248
1002156,P0048642,M,36-45,6,C,0,1,15,7.0,9.0,18608
1000693,P0051142,F,55+,12,B,2,0,6,3.0,7.0,15002
1004351,P0094142,M,18-25,2,C,0,0,10,9.0,,15428
1001479,P0046942,M,0-17,10,B,0,1,3,3.0,12.0,15657
1000257,P0045242,M,55+,2,C,2,0,13,3.0,,11970
1002431,P0043542,M,0-17,14,B,1,0,18,9.0,6.0,11397
1000442,P0099042,M,18-25,7,A,3,1,3,10.0,8.0,19919
1001882,P0038842,F,55+,6,A,1,1,3,8.0,,2513
1002647,P0023942,M,55+,4,C,4+,0,17,2.0,,1694
1003821,P0039942,M,26-35,5,B,4+,1,7,5.0,,11087
1004678,P0011242,F,46-50,18,B,0,1,2,,6.0,1334
1001736,P0076342,M,51-55,2,C,0,1,5,13.0,13.0,12442
1003736,P0052742,F,36-45,10,B,1,0,9,,,2227
1002646,P0092442,M,18-25,5,A,1,1,3,3.0,4.0,16150
1000019,P0096342,M,26-35,20,B,0,0,8,2.0,10.0,1421
1001125,P0049942,F,55+,13,A,3,1,4,17.0,6.0,19239
1003986,P0020842,M,51-55,16,C,3,0,3,9.0,,251
1002655,P0058442,M,46-50,2,B,4+,1,18,9.0,,6020
1002081,P0098742,M,26-35,3,C,3,1,15,6.0,11.0,14213
1001548,P0045542,F,46-50,8,A,2,0,11,5.0,11.0,15664
1000862,P0024842,F,0-17,12,C,0,1,5,18.0,,18101
1000155,P0097842,M,51-55,5,C,1,1,16,3.0,6.0,11708
1003495,P0081542,F,51-55,9,B,0,1,4,11.0,,17603
1000905,P0040642,M,46-50,19,C,2,1,11,9.0,5.0,12873
1001270,P0063242,M,0-17,19,C,3,0,12,7.0,10.0,15423
1000405,P0015942,M,36-45,20,B,0,1,5,17.0,15.0,15751
1000844,P0053442,M,18-25,12,C,2,0,10,,6.0,4432
1001783,P0012042,M,55+,13,A,3,0,10,5.0,4.0,9676
1001565,P0097442,M,0-17,11,B,4+,0,5,3.0,9.0,3036
1001185,P0048142,M,26-35,12,A,4+,1,5,9.0,17.0,19685
1000747,P0034442,F,46-50,9,B,4+,1,4,10.0,,2457
1001726,P0017242,F,51-55,6,C,2,0,4,3.0,,2672
1003189,P0054842,M,26-35,4,A,2,0,2,11.0,16.0,15527
1000271,P0017542,F,51-55,11,A,1,0,3,,,3584
1004866,P0079742,M,0-17,1,A,1,1,4,9.0,16.0,7767
1003957,P0068942,F,51-55,7,C,4+,0,8,,16.0,4872
1000172,P0048942,M,55+,7,A,0,1,9,18.0,3.0,13327
1000274,P0067642,M,51-55,18,A,3,0,8,10.0,12.0,13760
1002307,P0044142,M,55+,4,C,1,1,12,16.0,16.0,15021
1001159,P0038942,M,51-55,7,C,3,0,10,6.0,17.0,18302
1001707,P0066742,M,51-55,9,C,0,1,5,4.0,15.0,3362
1001772,P0043042,F,55+,12,A,4+,1,5,2.0,,16484
1000422,P0035842,M,55+,8,A,3,1,15,3.0,12.0,17112
1001210,P0052542,F,26-35,6,A,4+,0,3,14.0,6.0,19233
1004676,P0080142,M,46-50,19,B,3,1,2,,3.0,864
1000891,P0010542,M,18-25,19,A,0,0,15,,17.0,5622
1004818,P0010542,M,26-35,18,A,1,1,13,11.0,15.0,4699
1003268,P0029042,M,36-45,10,B,2,1,12,4.0,8.0,1733
1004977,P0024742,M,46-50,7,B,4+,1,14,2.0,8.0,17145
1001474,P0050442,M,46-50,15,A,1,1,12,,17.0,5128
1003244,P0035742,F,55+,9,B,3,0,15,18.0,5.0,8066
1004479,P0082942,M,36-45,5,A,1,1,13,12.0,6.0,16767
1002182,P0057842,M,55+,9,C,2,0,3,6.0,9.0,4181
1001450,P0018942,M,55+,9,C,4+,1,15,12.0,,9880
1003097,P0092342,F,0-17,18,C,4+,1,18,18.0,,17951
1003257,P0096342,M,36-45,3,C,1,0,6,13.0,16.0,10587
1003157,P0010942,F,0-17,18,B,0,0,15,,12.0,10044
1001591,P0018642,M,18-25,2,A,3,0,12,4.0,13.0,19293
1004240,P0086142,M,0-17,16,B,1,0,2,,7.0,2617
1003982,P0093742,M,55+,13,C,0,0,5,13.0,,6152
1001436,P0025042,M,18-25,9,C,4+,0,17,13.0,7.0,2322
1000224,P0072442,M,18-25,5,A,3,0,13,9.0,,12857
1000220,P0012942,M,51-55,15,B,4+,0,13,2.0,8.0,15380
1004275,P0022742,M,51-55,8,C,2,1,4,17.0,,10885
1001655,P0017742,F,36-45,20,B,0,0,16,7.0,10.0,14840
1004529,P0052042,M,55+,11,A,2,1,8,9.0,,13905
1000265,P0015442,M,18-25,11,A,2,0,3,12.0,,19499
1000954,P0057942,M,55+,13,B,2,0,2,3.0,,15777
1004525,P0040442,M,0-17,1,A,0,0,3,2.0,7.0,16929
1003734,P0064542,M,26-35,9,B,3,0,11,4.0,5.0,9260
1002775,P0020442,M,51-55,3,B,4+,1,11,16.0,,9340
1003125,P0027142,M,46-50,5,B,3,0,10,5.0,13.0,3476
1000480,P0059842,M,46-50,12,C,3,0,11,12.0,,3951
1003515,P0012142,M,0-17,13,C,3,0,17,5.0,15.0,13941
1001354,P0038642,M,51-55,3,B,4+,0,7,7.0,,8318
1003323,P0049042,M,26-35,9,A,4+,0,1,2.0,,2678
1003879,P0071642,F,55+,9,A,0,0,15,9.0,16.0,19593
1000890,P0024842,M,18-25,4,C,1,1,7,4.0,,2838
1003855,P0037142,F,51-55,3,B,4+,0,4,13.0,4.0,18088
1000925,P0088742,M,0-17,11,C,4+,1,3,18.0,,338
1002171,P0039842,F,55+,13,B,1,1,3,,,1581
1001903,P0027142,M,18-25,6,A,4+,0,10,,11.0,18415
1004874,P0014642,M,51-55,1,A,3,0,3,4.0,14.0,5418
1002396,P0072542,M,36-45,13,C,4+,0,5,12.0,14.0,10954
1000029,P0088642,M,26-35,9,A,0,1,10,4.0,4.0,13311
1000035,P0091542,M,46-50,15,B,4+,0,9,8.0,16.0,16499
1003590,P0030642,M,0-17,2,A,1,1,11,6.0,4.0,8824
1002671,P0055242,M,46-50,7,A,3,0,1,2.0,15.0,4751
1003366,P0049442,M,55+,16,C,1,0,13,,8.0,3381
1000589,P0085342,M,18-25,3,B,4+,1,4,17.0,,18121
1003219,P0040042,F,18-25,20,C,4+,0,10,12.0,4.0,10568
1003139,P0080742,M,36-45,18,C,0,0,4,8.0,10.0,6269
1000904,P0077542,M,18-25,14,A,3,0,8,10.0,13.0,4611
1004087,P0027542,M,18-25,19,B,4+,1,17,6.0,18.0,7690
1002170,P0095442,F,55+,9,B,0,1,2,,,9485
1000340,P0088242,M,46-50,9,C,0,1,7,7.0,6.0,8109
1004271,P0020942,M,46-50,11,C,1,1,3,3.0,12.0,14975
1001715,P0078342,M,0-17,8,A,3,0,11,13.0,,11620
1004693,P0096342,M,0-17,14,B,2,1,18,16.0,12.0,4743
1004547,P0030142,M,18-25,17,B,0,1,6,,9.0,10362
1000557,P0026742,M,51-55,19,A,2,0,14,14.0,,795
1003088,P0071342,M,26-35,0,C,1,1,13,5.0,7.0,13297
1003267,P0018542,F,0-17,2,B,0,0,2,9.0,11.0,12108
1003568,P0075342,M,18-25,7,A,3,0,16,8.0,9.0,12971
1002057,P0094842,M,51-55,6,C,2,1,8,2.0,,16391
1003900,P0082442,M,51-55,14,A,3,0,15,9.0,,18211
1001017,P0015042,M,46-50,7,B,2,1,13,17.0,14.0,3794
1002063,P0021142,F,51-55,14,C,1,0,1,10.0,,7318
1000839,P0056242,M,36-45,4,A,0,1,2,,,13408
1001638,P0054142,M,46-50,11,A,0,1,4,16.0,11.0,1881
1004322,P0037042,F,46-50,11,A,1,0,13,16.0,8.0,9117
1003497,P0067642,M,36-45,8,B,4+,1,12,9.0,12.0,13997
1001814,P0044342,F,55+,20,B,2,1,12,3.0,15.0,576
1003480,P0028242,F,55+,8,B,2,1,1,,7.0,19448
1001452,P0060242,F,46-50,14,A,4+,1,6,14.0,9.0,5721
1002314,P0094342,M,0-17,14,B,1,0,11,3.0,,11695
1001515,P0010942,M,46-50,19,A,3,1,16,3.0,,11799
1001232,P0059342,M,36-45,11,A,3,0,2,14.0,14.0,16861
1001646,P0033342,M,18-25,4,A,1,0,3,10.0,,4158
1003000,P0039742,M,18-25,0,C,3,0,11,5.0,10.0,16880
1003441,P0034342,M,18-25,18,A,1,1,9,6.0,,15839
1004057,P0060842,M,55+,10,B,2,0,7,9.0,9.0,6848
1000306,P0045042,M,36-45,17,A,2,1,4,17.0,,4509
1003537,P0036642,F,36-45,5,B,4+,0,10,5.0,,2827
1001724,P0072942,M,0-17,16,C,1,0,1,16.0,,4140
1001690,P0075542,M,36-45,13,C,3,1,13,5.0,14.0,12689
1001518,P0099242,M,51-55,11,A,1,0,4,17.0,6.0,13767
1003918,P0030042,F,18-25,4,B,0,1,13,,,7111
1000420,P0033842,M,36-45,6,C,4+,1,11,10.0,,18888
1002937,P0043342,M,26-35,15,C,0,1,15,14.0,,16635
1003863,P0051442,M,55+,8,C,4+,0,13,7.0,17.0,9013
1004230,P0058342,M,46-50,14,B,4+,1,4,,14.0,19735
1001451,P0053642,F,0-17,3,A,4+,1,6,10.0,4.0,1712
1003097,P0034542,F,18-25,19,A,0,1,2,11.0,4.0,3823
1003262,P0095742,M,51-55,6,C,4+,0,2,7.0,17.0,12619
1001165,P0010742,M,51-55,13,A,1,1,6,5.0,7.0,5506
1001870,P0025142,M,18-25,3,C,1,1,3,6.0,,6787
1001820,P0049142,F,51-55,3,B,0,0,11,11.0,,14488
1002706,P0031042,M,26-35,13,A,2,0,15,4.0,11.0,7500
1003516,P0046642,F,0-17,6,B,2,1,9,9.0,,3952
1001343,P0076942,M,55+,14,A,0,1,7,9.0,,10112
1002227,P0066942,F,46-50,11,B,4+,1,15,10.0,,5953
1001080,P0018542,F,0-17,13,B,4+,1,10,10.0,5.0,15084
1004207,P0015442,M,0-17,12,A,4+,1,11,7.0,,7911
1004564,P0081242,F,55+,18,C,0,0,2,9.0,10.0,17614
1002780,P0073342,F,18-25,11,C,4+,0,14,,,9906
1002529,P0054542,M,36-45,15,B,1,1,16,2.0,7.0,16090
1000814,P0071942,F,46-50,15,B,4+,1,9,3.0,8.0,5762
1002032,P0040342,M,0-17,0,C,0,1,16,,15.0,6305
1000323,P0023142,F,26-35,14,A,4+,1,1,7.0,11.0,11135
1002970,P0052042,M,55+,4,A,1,0,2,8.0,11.0,5513
1000904,P0048442,M,18-25,5,B,0,1,7,8.0,13.0,7059
1001542,P0029742,M,36-45,20,A,2,1,12,4.0,6.0,19591
1003504,P0014642,F,36-45,16,B,0,0,18,17.0,5.0,4781
1002654,P0083942,F,18-25,10,A,3,1,6,5.0,7.0,1485
1002477,P0085642,M,0-17,3,B,2,0,2,16.0,16.0,2290
1003341,P0030242,M,55+,17,A,2,1,14,6.0,13.0,17455
1004244,P0036042,M,51-55,19,B,0,1,16,15.0,,19224
1001142,P0078942,M,18-25,13,C,3,0,10,,,14551
1000850,P0012342,M,51-55,8,C,2,1,5,12.0,18.0,13992
1000367,P0078642,M,36-45,2,C,4+,1,16,8.0,8.0,8607
1002898,P0088542,M,36-45,2,C,3,1,7,9.0,18.0,912
1001090,P0043942,M,26-35,10,B,3,0,15,9.0,17.0,510
1004042,P0051142,M,26-35,19,A,0,0,13,4.0,18.0,3400
1002039,P0036042,M,36-45,4,B,0,1,17,18.0,9.0,693
1002861,P0038542,F,26-35,3,B,0,0,18,9.0,,3192
1004271,P0061242,M,26-35,11,B,3,1,18,16.0,,19356
1001855,P0018542,M,26-35,11,A,1,0,17,7.0,,19677
1004684,P0094942,M,36-45,3,B,0,1,3,9.0,8.0,18462
1000495,P0052942,M,0-17,2,C,1,0,12,,,12298
1003183,P0068042,M,0-17,1,C,2,1,6,10.0,6.0,4063
1001785,P0013042,M,55+,3,B,4+,1,12,9.0,,14508
1003511,P0080942,M,46-50,3,C,4+,0,11,8.0,8.0,17697
1003787,P0070242,M,26-35,6,C,1,1,9,,14.0,9961
1004131,P0053942,M,0-17,1,A,3,0,2,10.0,,6135
1000999,P0044842,M,46-50,10,B,4+,0,13,,12.0,16363
1004470,P0099442,M,18-25,4,B,1,1,18,8.0,8.0,2805
1001452,P0051142,M,26-35,12,C,0,1,4,,,14009
1001752,P0062742,M,0-17,3,B,1,0,14,12.0,,1818
1002281,P0040942,M,0-17,8,B,2,1,14,5.0,14.0,14901
1004801,P0049542,F,51-55,6,C,1,1,5,10.0,10.0,3448
1004659,P0088742,M,0-17,12,C,0,1,2,15.0,,13687
1002935,P0043742,M,51-55,9,B,1,0,16,,,5412
1003735,P0077342,F,46-50,6,A,0,0,6,4.0,,6401
1003347,P0053642,M,51-55,17,C,0,1,11,13.0,17.0,5369
1001874,P0080342,M,18-25,17,B,2,0,12,12.0,4.0,1432
1004535,P0076242,M,55+,1,C,2,0,13,8.0,,18519
1003804,P0046442,M,26-35,20,B,4+,0,10,10.0,,19136
1001980,P0021242,M,0-17,0,B,0,1,14,8.0,9.0,1973
1000699,P0088442,M,55+,12,A,0,1,4,8.0,,19372
1001313,P0027542,F,36-45,1,C,0,1,2,12.0,12.0,15331
1002963,P0024842,M,26-35,3,A,4+,1,15,3.0,8.0,6565
1002939,P0027742,M,36-45,8,C,3,0,9,11.0,3.0,6275
1004788,P0048142,M,55+,7,A,2,0,4,8.0,12.0,3090
1002301,P0032242,M,46-50,17,C,2,1,13,11.0,8.0,4610
1003198,P0035842,M,0-17,15,A,0,1,9,,3.0,9048
1000127,P0088442,F,26-35,3,A,4+,0,12,16.0,16.0,19208
1001192,P0028842,F,26-35,3,C,0,1,14,,8.0,11673
1002640,P0040542,F,0-17,17,A,2,1,12,9.0,17.0,16227
1004390,P0047742,M,55+,1,A,4+,1,13,16.0,13.0,18986
1003917,P0070142,F,18-25,20,C,1,1,18,11.0,11.0,16256
1001367,P0044242,M,46-50,10,C,2,1,5,13.0,12.0,14341
1001020,P0087342,M,0-17,19,B,1,1,3,10.0,17.0,9849
1004080,P0025542,M,51-55,3,C,3,0,17,4.0,,15913
1004515,P0081142,M,26-35,13,B,1,0,7,,,14489
1004540,P0015442,M,18-25,20,A,4+,1,3,16.0,5.0,8540
1000685,P0086542,M,26-35,16,C,1,1,7,14.0,17.0,19133
1003630,P0054142,F,36-45,7,B,3,0,6,13.0,,17964
1002888,P0078442,M,26-35,0,C,2,0,14,16.0,10.0,7828
1001463,P0029942,M,46-50,18,B,3,1,1,12.0,18.0,727
1004087,P0050242,M,0-17,18,B,4+,1,14,6.0,3.0,4931
1002262,P0071342,M,26-35,20,C,1,1,11,2.0,,19269
1004181,P0089642,M,51-55,6,A,1,0,9,9.0,9.0,4763
1002842,P0076242,M,36-45,0,A,4+,1,10,13.0,,13635
1001768,P0072242,M,36-45,0,B,0,1,11,9.0,8.0,6022
1004181,P0087742,F,0-17,9,B,4+,0,18,12.0,,11253
1003561,P0070242,F,36-45,12,A,4+,0,17,15.0,16.0,16220
1002113,P0027642,F,55+,4,C,3,1,14,18.0,7.0,6664
1004759,P0054842,M,0-17,11,C,3,1,17,7.0,10.0,15611
1000627,P0084242,M,46-50,2,A,4+,0,7,14.0,,17787
1004160,P0064042,M,0-17,18,A,2,1,8,,,12929
1003415,P0040042,M,18-25,3,A,1,1,8,5.0,,12542
1001376,P0080642,F,36-45,14,B,4+,0,5,15.0,,2817
1001182,P0040642,F,36-45,12,A,0,1,7,,3.0,12263
1000491,P0085042,M,51-55,10,A,1,0,13,15.0,14.0,13520
1003730,P0096842,M,26-35,1,A,2,1,15,3.0,,6694
1003535,P0099542,F,18-25,8,A,4+,0,14,7.0,3.0,12382
1003297,P0036642,M,55+,11,C,2,0,15,5.0,,12521
1001941,P0031342,M,26-35,3,C,1,0,14,,15.0,11818
1004409,P0069342,F,0-17,18,A,0,0,13,,,11621
1001883,P0073942,M,46-50,9,B,1,1,4,10.0,9.0,4652
1004909,P0058242,M,51-55,10,B,1,0,9,,,7462
1002988,P0036142,M,36-45,6,C,4+,1,14,4.0,10.0,11091
1003160,P0016642,M,55+,12,B,1,0,17,2.0,,15602
1004776,P0067342,M,55+,8,B,4+,0,1,13.0,,18566
1004531,P0023242,M,46-50,11,C,4+,0,1,,7.0,4408
1000682,P0074842,F,0-17,1,A,2,1,4,13.0,,15220
1001074,P0063942,M,0-17,20,A,0,0,8,,16.0,11177
1002388,P0061142,M,18-25,0,C,4+,1,5,11.0,13.0,5362
1002395,P0031042,M,26-35,6,A,3,0,14,9.0,14.0,18031
1002694,P0081642,M,36-45,0,A,2,1,14,,12.0,19204
1001371,P0035242,M,55+,15,C,4+,1,2,2.0,,7977
1004745,P0013742,M,36-45,3,C,4+,1,12,8.0,9.0,2820
1004341,P0014242,M,55+,7,C,2,1,18,10.0,15.0,14299
1002157,P0072842,M,46-50,16,B,1,1,6,3.0,,4208
1002581,P0050442,F,18-25,20,C,4+,1,9,12.0,6.0,6964
1004392,P0080142,M,51-55,18,C,0,0,9,9.0,10.0,11717
1002160,P0014542,M,0-17,3,C,4+,1,4,10.0,8.0,7579
1003249,P0055342,M,18-25,3,C,2,0,10,15.0,17.0,13106
1003732,P0077742,M,36-45,7,A,3,0,12,3.0,13.0,13840
1003830,P0040442,M,51-55,9,C,2,1,8,,11.0,1079
1001628,P0081442,M,26-35,15,C,2,1,16,12.0,11.0,19197
1003473,P0033242,M,46-50,18,B,0,0,12,18.0,14.0,8951
1000028,P0034442,F,0-17,0,B,1,0,17,8.0,13.0,3195
1001986,P0082042,M,0-17,4,A,0,1,17,8.0,,2207
1004154,P0085942,M,0-17,1,C,0,0,7,,,7051
1001522,P0039442,M,26-35,15,C,4+,0,4,4.0,3.0,13939
1000297,P0093842,M,36-45,12,C,3,1,9,4.0,,4390
1002182,P0048242,M,36-45,5,B,2,0,12,15.0,8.0,14729
1003403,P0025742,M,18-25,3,A,0,1,13,11.0,13.0,19876
1002297,P0050442,F,51-55,6,B,0,1,9,16.0,8.0,7535
1002598,P0010042,F,55+,1,C,1,0,11,10.0,5.0,10550
1000902,P0031642,M,18-25,9,B,1,0,5,6.0,17.0,11605
1001099,P0060642,F,36-45,13,C,3,0,8,16.0,,7464
1001678,P0086042,M,0-17,7,C,2,1,12,2.0,12.0,19598
1002882,P0068042,M,26-35,2,C,0,0,16,10.0,,11786
1004867,P0012942,F,36-45,2,A,4+,0,10,11.0,14.0,10797
1001379,P0072642,F,26-35,1,B,1,1,15,3.0,7.0,2285
1001249,P0061942,M,46-50,16,C,0,0,12,6.0,,11655
1003736,P0098042,M,0-17,18,C,4+,0,14,7.0,14.0,11733
1004242,P0037442,M,46-50,9,A,0,1,13,,3.0,10566
1001265,P0059142,M,36-45,11,A,3,1,16,12.0,14.0,19900
1001908,P0092642,F,18-25,10,C,3,0,10,15.0,3.0,5908
1001059,P0094642,M,36-45,8,C,4+,1,8,3.0,,5142
1002750,P0013542,M,46-50,12,C,1,0,14,4.0,12.0,3101
1002049,P0041042,M,26-35,5,C,3,1,5,13.0,18.0,2882
1004249,P0014342,M,51-55,13,A,1,1,6,18.0,,3550
1002477,P0025442,F,51-55,10,B,4+,1,9,3.0,3.0,4406
1004017,P0017642,F,36-45,4,A,4+,0,13,,15.0,14186
1004604,P0068942,M,55+,1,A,0,1,13,,18.0,3644
1003198,P0071242,M,18-25,6,B,4+,1,2,,14.0,6394
1004587,P0053742,M,46-50,16,C,0,1,13,2.0,10.0,15408
1003554,P0053142,M,36-45,5,C,1,1,2,10.0,14.0,10202
1004441,P0064142,M,46-50,13,B,0,0,15,17.0,12.0,8098
1001762,P0013842,M,46-50,3,A,1,1,12,17.0,18.0,1677
1000221,P0033842,M,0-17,2,C,3,0,10,8.0,14.0,11323
1004819,P0011242,M,51-55,10,B,1,0,4,,6.0,4752
1004624,P0022142,F,55+,0,B,2,1,8,14.0,5.0,4462
1002889,P0024342,M,51-55,13,B,0,0,4,,7.0,11159
1001665,P0078342,F,26-35,5,C,3,1,2,8.0,4.0,5023
1003987,P0055442,M,55+,16,B,1,0,18,14.0,9.0,2963
1004577,P0046742,F,0-17,16,A,4+,1,18,10.0,4.0,17491
1002978,P0085842,M,51-55,10,A,0,0,14,14.0,18.0,14108
1001872,P0034642,M,46-50,6,B,1,0,10,7.0,14.0,12785
1001463,P0014442,M,18-25,12,B,3,1,12,9.0,9.0,5418
1000345,P0086442,F,18-25,7,B,4+,1,8,,3.0,1881
1000045,P0047442,M,0-17,7,A,0,0,17,7.0,6.0,6915
1002069,P0039042,M,18-25,8,C,3,0,12,14.0,,4891
1001515,P0030642,M,46-50,6,A,4+,1,3,,9.0,10084
1002599,P0061842,F,55+,8,B,2,0,10,11.0,11.0,2208
1001002,P0034142,F,36-45,10,C,4+,0,11,15.0,4.0,569
1001034,P0072142,F,46-50,1,C,0,0,14,16.0,16.0,3396
1002041,P0021342,F,51-55,17,B,2,1,7,12.0,,16275
1000274,P0091842,F,36-45,2,B,1,0,5,9.0,11.0,13551
1002648,P0040142,M,18-25,17,A,2,1,1,18.0,5.0,15232
1001780,P0037542,M,55+,15,A,2,1,12,13.0,,6521
1004477,P0019542,M,26-35,7,A,2,0,16,4.0,15.0,11487
1000479,P0039342,M,26-35,7,B,4+,1,6,,5.0,6230
1000516,P0080042,M,46-50,5,C,2,1,10,7.0,15.0,1730
1004287,P0045942,M,46-50,1,A,2,1,15,11.0,4.0,14172
1001192,P0038742,M,18-25,15,B,1,1,15,6.0,4.0,5943
1002669,P0025342,M,26-35,20,C,2,1,6,11.0,10.0,9220
1001412,P0066942,M,26-35,8,B,4+,1,1,4.0,,4424
1003281,P0052242,M,46-50,18,B,3,1,6,13.0,,15551
1000272,P0094942,M,51-55,20,B,3,1,13,12.0,,2338
1000143,P0014942,M,26-35,14,A,4+,0,11,18.0,5.0,5225
1003333,P0030642,F,46-50,1,B,4+,1,12,13.0,14.0,11151
1000788,P0066342,M,0-17,14,B,2,0,14,10.0,14.0,136
1001682,P0095342,F,26-35,10,B,4+,1,9,11.0,14.0,1081
1000623,P0098242,M,36-45,19,A,2,1,13,14.0,,15940
1003842,P0076142,M,55+,11,B,0,0,4,18.0,,3557
1003677,P0066442,M,18-25,14,B,1,0,9,2.0,15.0,7081
1002573,P0031242,M,55+,15,A,1,0,1,,,9043
1003261,P0016542,M,46-50,5,B,1,0,8,3.0,4.0,8958
1004713,P0033142,M,26-35,2,C,0,0,2,8.0,16.0,9165
1000067,P0098442,F,26-35,5,B,1,0,13,8.0,5.0,11634
1004287,P0091042,F,51-55,2,B,2,1,13,12.0,,4163
1004617,P0094942,F,46-50,20,A,3,0,1,9.0,15.0,6638
1001141,P0076242,F,36-45,12,A,1,1,1,6.0,3.0,4200
1002315,P0081642,M,26-35,11,A,1,0,6,6.0,16.0,2486
1002533,P0041942,M,0-17,7,A,2,0,16,,,5694
1003581,P0086642,M,18-25,1,C,2,1,17,18.0,6.0,4305
1001188,P0023642,M,46-50,6,B,1,1,13,18.0,10.0,6620
1004472,P0098042,F,26-35,16,B,4+,0,18,10.0,14.0,7378
1004749,P0074642,F,55+,6,C,0,1,3,,13.0,2188
1003340,P0066542,F,51-55,0,A,3,0,15,3.0,15.0,452
1000549,P0016442,F,51-55,3,B,3,0,2,4.0,3.0,3778
1004088,P0061342,M,18-25,14,C,0,1,6,6.0,,18432
1000073,P0023142,M,46-50,3,B,1,0,14,14.0,10.0,14372
1000199,P0043342,M,46-50,11,C,1,1,18,5.0,,3936
1003202,P0013142,F,46-50,15,C,1,1,4,8.0,,16208
1001782,P0096742,F,36-45,20,B,1,1,8,5.0,,473
1000572,P0099742,M,0-17,17,A,1,0,2,17.0,,11306
1000791,P0097142,M,51-55,13,A,3,0,2,,17.0,13475
1001639,P0059742,M,46-50,13,C,1,1,17,,3.0,16128
1001832,P0034242,M,36-45,10,A,2,0,4,2.0,,19913
1001856,P0029142,F,46-50,15,B,4+,0,16,8.0,,9816
1001175,P0024142,M,46-50,14,C,1,1,2,14.0,7.0,11558
1003741,P0075942,M,36-45,5,B,2,1,6,2.0,7.0,19854
1003278,P0070042,M,0-17,12,B,3,0,2,16.0,3.0,9829
1000179,P0066042,F,18-25,16,A,2,1,9,,12.0,4117
1002245,P0074742,M,51-55,3,B,0,0,6,3.0,,1110
1004087,P0029042,M,26-35,11,C,0,0,6,10.0,5.0,6474
1000735,P0024842,M,55+,17,C,2,1,8,8.0,17.0,8257
1000799,P0069842,M,46-50,7,B,1,1,1,,9.0,3633
1000788,P0051542,M,0-17,11,B,1,0,16,8.0,,14647
1002796,P0061942,F,51-55,3,C,1,0,10,13.0,15.0,11889
1004305,P0083442,F,26-35,7,A,2,0,18,2.0,,5594
1004589,P0096842,M,46-50,1,A,0,1,16,18.0,,5426
1003085,P0011542,M,55+,3,A,0,1,1,2.0,18.0,11645
1002919,P0090742,F,26-35,11,B,3,1,15,13.0,10.0,17778
1000732,P0020542,M,36-45,20,B,0,1,16,16.0,14.0,17905
1001130,P0038242,M,55+,9,C,0,0,11,9.0,18.0,2919
1003447,P0020342,M,51-55,14,C,4+,0,6,2.0,,8222
1001606,P0046042,M,0-17,8,C,0,0,14,,4.0,7107
1003779,P0075742,M,0-17,8,C,2,0,16,9.0,11.0,8597
1002746,P0013442,F,51-55,6,A,1,1,4,11.0,16.0,3203
1003171,P0021242,F,18-25,1,B,2,1,8,18.0,11.0,16069
1004690,P0040742,M,18-25,6,B,1,1,1,15.0,17.0,15191
1002934,P0015242,M,26-35,8,A,1,0,3,8.0,7.0,6174
1001216,P0095842,M,36-45,17,C,3,0,8,12.0,3.0,7206
1000325,P0018042,M,26-35,11,C,0,1,13,3.0,11.0,2440
1001851,P0071542,M,46-50,6,B,3,0,1,11.0,17.0,18452
1001491,P0093342,M,0-17,18,C,1,0,13,10.0,3.0,14202
1000894,P0046842,F,26-35,15,B,4+,0,10,17.0,18.0,19975
1001391,P0034142,M,26-35,7,A,4+,0,16,17.0,11.0,4537
1003390,P0013042,F,51-55,18,B,3,0,9,,,10071
1004240,P0092842,M,55+,5,A,3,1,2,,,5203
1004480,P0080342,M,0-17,1,C,0,1,8,,10.0,1624
1002264,P0096842,M,0-17,1,B,3,0,3,16.0,,7129
1003433,P0046042,F,18-25,7,C,3,0,2,14.0,9.0,719
1002372,P0033242,M,18-25,9,C,2,0,4,4.0,5.0,15972
1003087,P0070942,M,0-17,20,C,3,1,16,11.0,3.0,6497
1004313,P0013342,M,55+,20,B,3,0,8,10.0,,15765
1001516,P0034242,M,26-35,10,C,2,0,15,16.0,10.0,17265
1002918,P0015842,F,46-50,19,B,1,0,16,7.0,,9885
1002353,P0087042,M,26-35,19,C,1,0,18,,18.0,5428
1001168,P0062842,F,55+,2,A,2,1,10,6.0,7.0,9568
1000111,P0017742,F,46-50,15,B,0,0,14,11.0,11.0,8033
1004328,P0081742,M,0-17,2,A,3,1,14,,15.0,1778
1003656,P0040142,M,51-55,7,A,0,0,3,8.0,,2462
1003794,P0077742,M,46-50,18,B,4+,0,14,16.0,17.0,8894
1001756,P0090242,F,18-25,11,B,0,0,2,8.0,9.0,1244
1001578,P0099642,M,51-55,17,B,3,0,2,12.0,14.0,8933
1001297,P0021142,M,55+,12,C,1,0,3,17.0,8.0,15036
1003775,P0051242,M,0-17,10,C,3,0,2,18.0,11.0,10667
1002221,P0041642,M,55+,12,A,3,1,6,18.0,10.0,16418
1000973,P0096442,M,36-45,20,B,3,0,4,3.0,,5917
1001031,P0024442,M,46-50,2,A,0,1,1,,,8199
1002594,P0076742,F,46-50,5,C,1,1,3,4.0,16.0,18901
1003993,P0078942,M,55+,2,A,1,0,16,7.0,7.0,17995
1004614,P0095742,M,51-55,0,A,0,1,15,,17.0,14342
1000914,P0074742,F,36-45,13,B,0,0,11,4.0,11.0,18781
1002182,P0092642,M,36-45,19,B,0,0,4,7.0,3.0,15539
1003198,P0011742,M,0-17,6,A,4+,0,1,8.0,,13463
1001463,P0045042,M,51-55,8,C,4+,0,2,18.0,9.0,15012
1002379,P0025442,M,26-35,0,A,3,1,10,8.0,8.0,12583
1003455,P0088342,M,36-45,9,C,4+,1,3,18.0,,9503
1003554,P0060542,M,55+,12,A,0,0,17,6.0,,1225
1001308,P0087742,F,46-50,11,A,0,1,12,14.0,10.0,642
1004995,P0045942,M,36-45,3,B,0,0,2,,,13754
1001190,P0043142,M,55+,6,A,1,0,13,2.0,,18503
1000688,P0062742,M,0-17,9,C,1,1,4,,8.0,7767
1004662,P0011142,F,0-17,6,A,4+,0,15,5.0,,13448
1001208,P0017442,F,46-50,14,A,2,1,17,13.0,10.0,2337
1001895,P0031142,M,46-50,18,C,2,1,11,2.0,8.0,1688
1004923,P0079042,M,46-50,6,A,0,0,1,13.0,12.0,13900
1001812,P0074042,M,26-35,13,A,1,1,2,14.0,8.0,9753
1003184,P0038242,M,46-50,20,A,3,1,10,18.0,17.0,11265
1003798,P0029442,M,51-55,13,A,4+,0,7,10.0,14.0,8874
1001645,P0087942,M,0-17,17,C,1,1,11,,,16338
1003969,P0012942,M,0-17,9,C,0,1,10,9.0,,8746
1002717,P0010842,M,36-45,2,C,0,1,2,3.0,5.0,16105
1000191,P0040842,M,46-50,5,C,2,1,14,9.0,6.0,13199
1001336,P0054442,M,26-35,8,A,0,0,7,8.0,,15041
1004804,P0040942,M,51-55,13,C,0,0,13,10.0,4.0,15922
1003107,P0077642,M,18-25,20,A,3,1,2,5.0,,15123
1000379,P0080442,M,36-45,20,B,4+,1,6,9.0,,17992
1004483,P0052542,F,51-55,7,A,3,0,1,,,7391
1003830,P0091642,M,55+,0,A,2,0,11,15.0,8.0,3084
1000616,P0087142,M,26-35,2,C,1,1,7,5.0,6.0,14349
1002331,P0080342,M,46-50,5,C,2,1,5,3.0,14.0,9895
1001755,P0069042,M,26-35,0,C,0,0,18,6.0,4.0,17203
1000464,P0079042,M,18-25,17,B,4+,1,12,10.0,,18226
1000967,P0019042,M,51-55,9,A,0,1,18,9.0,,15544
1004268,P0055542,M,26-35,16,B,4+,1,9,18.0,,11288
1003159,P0054342,M,55+,20,A,4+,1,2,13.0,4.0,16058
1003625,P0082642,F,18-25,0,A,4+,0,18,18.0,,12319
1004939,P0017842,F,18-25,7,B,1,0,2,,,17305
1000690,P0057442,F,51-55,11,B,2,0,2,7.0,5.0,9859
1002623,P0020242,M,18-25,18,A,1,0,14,11.0,5.0,9820
1002213,P0072242,M,51-55,13,B,1,0,7,16.0,,10914
1000383,P0055542,F,26-35,18,C,1,0,1,12.0,14.0,8616
1002257,P0041342,M,55+,16,A,3,0,9,8.0,,18296
1003811,P0034642,M,46-50,15,C,3,0,12,18.0,18.0,15716
1003504,P0033342,M,0-17,18,B,3,0,1,,,9654
1001413,P0069342,M,0-17,4,C,1,1,1,7.0,14.0,863
1001584,P0074342,M,26-35,18,B,0,0,9,7.0,13.0,9611
1000372,P0033442,M,46-50,3,C,3,1,16,13.0,,10526
1000611,P0088942,M,0-17,4,B,3,1,17,18.0,14.0,13919
1000116,P0048642,M,55+,4,A,1,1,1,12.0,15.0,299
1000447,P0094642,M,18-25,0,A,2,0,5,3.0,12.0,8655
1001392,P0071042,M,26-35,17,A,0,1,16,7.0,7.0,389
1003325,P0013742,M,26-35,14,A,4+,0,5,12.0,,16084
1001341,P0026042,M,36-45,20,B,4+,0,7,16.0,8.0,14828
1004511,P0056142,M,36-45,18,C,0,0,17,17.0,10.0,2093
1002940,P0054842,M,36-45,13,A,1,1,6,17.0,17.0,7856
1003700,P0021642,M,51-55,5,B,2,1,3,3.0,11.0,4621
1001074,P0034042,M,46-50,17,B,2,0,7,14.0,11.0,8285
1004814,P0012542,M,26-35,7,A,4+,1,14,10.0,3.0,8790
1003570,P0074742,M,36-45,4,A,2,0,17,8.0,,11846
1003151,P0066142,M,26-35,7,B,4+,1,14,18.0,15.0,6955
1001606,P0090542,F,18-25,5,C,3,1,12,9.0,7.0,19504
1004658,P0039742,M,36-45,9,B,1,1,9,5.0,,1889
1002295,P0090442,M,26-35,2,A,2,0,6,15.0,,5421
1003663,P0025342,M,46-50,12,A,1,1,2,4.0,12.0,6145
1004483,P0083142,M,51-55,6,A,3,0,6,7.0,17.0,4830
1004798,P0075142,F,55+,3,C,0,1,9,10.0,,1408
1000984,P0056742,F,46-50,12,C,0,1,11,4.0,4.0,12392
1000352,P0014842,M,46-50,5,C,0,0,1,7.0,13.0,4458
1001725,P0075342,M,55+,15,B,4+,1,12,14.0,16.0,4078
1001952,P0014542,F,36-45,20,B,4+,0,5,13.0,,14514
1001280,P0077442,F,46-50,0,C,0,0,13,18.0,12.0,12655
1001908,P0038442,M,51-55,12,C,3,1,15,4.0,7.0,4489
1004849,P0087942,M,0-17,1,A,4+,0,13,,5.0,13318
1001025,P0072742,M,51-55,19,A,0,1,2,3.0,,3938
1000546,P0018142,M,18-25,18,B,1,0,9,16.0,14.0,3230
1004175,P0014342,M,51-55,5,C,0,0,8,6.0,8.0,13276
1002382,P0080542,F,26-35,10,C,0,1,4,,,18323
1000889,P0086942,F,0-17,16,B,1,0,15,2.0,,14276
1001106,P0037242,M,36-45,8,C,4+,0,5,13.0,,14322
1002550,P0049342,M,26-35,4,A,1,0,10,2.0,6.0,5959
1001991,P0088542,M,55+,4,C,4+,0,9,16.0,10.0,2512
1003999,P0088942,M,51-55,15,B,3,1,4,2.0,,1306
1003776,P0069442,M,26-35,3,B,4+,1,1,16.0,6.0,9551
1002813,P0015742,M,46-50,19,C,2,1,11,18.0,,12429
1000921,P0066442,M,26-35,12,B,4+,0,11,,9.0,19301
1004646,P0010042,M,26-35,16,A,2,0,9,9.0,3.0,11957
1002062,P0031542,M,51-55,8,A,4+,1,5,12.0,,7183
1004488,P0041642,F,18-25,12,A,1,1,3,16.0,9.0,5034
1003640,P0032742,M,55+,15,C,4+,1,8,18.0,,5259
1003166,P0057242,M,51-55,19,B,0,0,16,17.0,12.0,7327
1004436,P0058342,M,36-45,9,A,4+,1,17,18.0,8.0,13554
1002645,P0086542,F,55+,9,B,1,0,4,,,4801
1004853,P0077042,M,0-17,19,B,1,0,15,15.0,11.0,2207
1001046,P0038642,M,46-50,15,B,4+,1,13,5.0,,1240
1003557,P0061042,M,18-25,19,A,4+,0,9,18.0,,3237
1002682,P0067742,M,0-17,0,B,4+,1,10,11.0,13.0,7385
1003200,P0092042,M,0-17,10,A,3,1,2,3.0,,14346
1000939,P0055742,M,55+,12,A,2,0,6,14.0,12.0,5949
1004944,P0019442,M,18-25,17,A,4+,0,5,16.0,,4291
1000442,P0059242,F,46-50,4,C,4+,1,17,11.0,,5584
1002551,P0086442,M,36-45,3,B,2,1,4,12.0,18.0,15050
1004226,P0024942,M,18-25,5,C,0,1,8,12.0,10.0,8056
1000597,P0012242,M,18-25,14,C,3,1,1,7.0,10.0,589
1001506,P0085542,F,18-25,1,C,3,1,4,9.0,,16753
1000862,P0031442,M,46-50,3,C,0,1,18,18.0,17.0,4557
1002641,P0049842,M,18-25,13,A,2,0,13,2.0,,7212
1003732,P0050942,M,18-25,3,A,2,0,18,13.0,13.0,2221
1001552,P0023042,M,26-35,17,B,1,0,3,2.0,9.0,17395
1003237,P0095442,F,26-35,19,B,2,1,18,6.0,18.0,14380
1001737,P0024742,F,26-35,15,A,3,0,10,9.0,,1217
1001450,P0048042,M,26-35,8,B,1,1,2,5.0,15.0,9262
1000265,P0020842,M,18-25,7,B,4+,1,14,18.0,9.0,19499
1002660,P0065142,M,55+,10,C,4+,0,5,,8.0,7145
1002722,P0022042,M,26-35,13,C,4+,0,16,5.0,14.0,19437
1001463,P0039442,F,0-17,16,C,1,1,10,,,15956
1004253,P0021942,M,55+,12,C,3,0,5,6.0,10.0,19646
1001446,P0055542,M,36-45,7,C,2,1,14,2.0,16.0,18144
1002299,P0062942,M,26-35,13,A,1,0,7,16.0,7.0,564
1002926,P0026842,M,46-50,10,C,3,0,10,12.0,,19964
1001633,P0080942,M,36-45,8,C,2,0,11,11.0,14.0,4905
1002375,P0024242,F,51-55,7,A,0,0,11,2.0,8.0,19253
1004991,P0013642,M,51-55,13,C,3,0,3,,,19046
1000513,P0079742,M,0-17,14,B,0,0,7,18.0,,17716
1000216,P0036042,M,36-45,0,A,4+,0,14,,3.0,10450
1003332,P0033042,F,36-45,11,B,4+,1,6,6.0,14.0,14115
1002173,P0035342,M,0-17,4,B,3,0,13,14.0,17.0,5235
1003154,P0042842,M,51-55,13,A,0,1,14,16.0,9.0,17431
1001707,P0039642,M,26-35,15,A,1,1,15,18.0,4.0,6050
1002107,P0010942,M,0-17,18,C,2,0,18,17.0,10.0,7823
1001568,P0054542,F,46-50,15,A,4+,1,11,13.0,,5649
1002209,P0093542,M,0-17,6,A,4+,0,10,2.0,11.0,12709
1002332,P0032942,M,18-25,2,C,4+,0,11,,,14950
1002154,P0063542,M,51-55,7,C,4+,0,15,4.0,,9557
1001129,P0017742,M,18-25,20,A,3,1,3,5.0,,2063
1003511,P0052442,M,51-55,20,C,3,0,3,18.0,,11055
1004324,P0029242,F,51-55,13,C,0,1,1,4.0,,11760
1003654,P0050042,M,36-45,19,C,1,1,15,6.0,3.0,4390
1002366,P0020842,M,26-35,2,B,0,0,13,2.0,10.0,5749
1004898,P0089142,M,26-35,10,C,1,0,15,5.0,,2565
1002922,P0036242,F,51-55,13,B,3,0,18,15.0,12.0,1559
1004568,P0042842,M,51-55,1,A,4+,1,18,9.0,4.0,7086
1001080,P0046242,M,18-25,3,B,0,1,9,4.0,,12847
1003512,P0096642,M,46-50,20,B,1,0,18,7.0,14.0,8209
1002742,P0047742,M,0-17,4,B,2,1,11,17.0,4.0,16993
1003021,P0087942,M,51-55,18,B,1,0,18,13.0,10.0,18486
1000229,P0044042,F,51-55,9,B,0,0,6,11.0,,4145
1000171,P0035842,F,0-17,20,B,3,1,17,2.0,,3226
1000295,P0043442,M,0-17,20,A,4+,1,17,12.0,,18666
1004285,P0018442,M,46-50,1,A,2,1,9,11.0,14.0,9804
1000426,P0062142,M,46-50,20,A,0,0,3,10.0,10.0,10656
1000919,P0090042,F,0-17,2,B,3,1,12,11.0,6.0,17541
1003254,P0091342,M,51-55,14,C,1,1,3,3.0,10.0,11835
1000499,P0067042,M,51-55,18,B,3,0,4,,7.0,11828
1002810,P0040742,F,0-17,20,A,3,1,10,8.0,,3458
1004962,P0036142,M,51-55,1,B,4+,1,5,15.0,,1506
1000826,P0099742,F,46-50,2,A,0,1,3,9.0,,13810
1003780,P0089642,M,0-17,11,C,3,1,7,8.0,,8575
1001859,P0073042,M,46-50,13,C,1,1,2,16.0,15.0,754
1002119,P0077942,M,51-55,16,A,1,0,6,10.0,12.0,820
1000146,P0096442,M,51-55,15,A,4+,0,10,14.0,5.0,19579
1004566,P0080042,F,36-45,16,B,3,0,8,7.0,17.0,141
1003578,P0055142,M,18-25,8,B,1,0,16,7.0,14.0,5154
1000193,P0035042,M,18-25,2,B,1,0,2,5.0,9.0,2296
1003889,P0042342,M,55+,13,C,4+,1,16,8.0,,211
1000052,P0032842,M,46-50,2,C,3,1,14,3.0,,10598
1002411,P0080142,M,0-17,5,C,4+,0,13,3.0,17.0,16504
1001821,P0092742,M,18-25,20,B,3,1,9,,8.0,17764
1002965,P0073542,F,51-55,18,A,1,1,9,7.0,17.0,14954
1002522,P0069542,M,26-35,12,A,0,1,8,12.0,8.0,19203
1001870,P0039642,M,0-17,4,B,1,0,7,11.0,,8027
1002569,P0082642,F,46-50,0,B,0,0,16,14.0,7.0,5926
1001868,P0033642,M,51-55,11,A,3,1,6,14.0,,14623
1002739,P0072442,F,51-55,14,A,3,0,11,9.0,16.0,15834
1003270,P0031642,M,26-35,18,C,2,0,8,4.0,,11306
1003200,P0093242,M,46-50,1,B,3,1,15,5.0,14.0,16764
1002580,P0034542,M,55+,2,C,3,0,11,9.0,8.0,14910
1004006,P0054742,M,0-17,6,C,2,1,9,13.0,,6590
1004936,P0094642,M,51-55,10,A,0,0,16,14.0,17.0,12448
1000241,P0041842,M,55+,9,B,3,1,13,,16.0,12201
1003441,P0053142,M,36-45,7,A,4+,1,10,8.0,5.0,13751
1004632,P0050342,M,51-55,1,C,3,0,10,4.0,12.0,14996
1001408,P0098542,M,36-45,13,B,3,1,9,12.0,3.0,19705
1003503,P0013642,M,36-45,12,C,1,1,2,3.0,8.0,18015
1004039,P0067542,M,0-17,6,C,3,0,1,5.0,16.0,3965
1000083,P0083042,M,0-17,20,A,3,1,8,13.0,14.0,4176
1003769,P0044142,M,26-35,8,B,4+,0,16,,17.0,9804
1000951,P0048842,M,51-55,6,B,2,0,11,5.0,,10883
1000611,P0013342,M,0-17,0,B,2,0,9,9.0,9.0,164
1004670,P0013842,M,0-17,0,B,2,0,18,10.0,,11697
1003606,P0067842,F,26-35,5,C,1,0,7,,16.0,13410
1004555,P0030842,M,26-35,0,A,3,1,10,16.0,,6390
1003284,P0092942,M,51-55,15,B,0,1,6,8.0,9.0,4092
1002174,P0095542,F,55+,2,C,0,0,4,7.0,,17292
1003485,P0025142,M,46-50,12,A,4+,1,1,12.0,,19537
1001523,P0099842,M,18-25,20,A,1,0,4,9.0,4.0,6181
1002602,P0046442,F,51-55,3,A,1,1,3,14.0,3.0,15058
1002658,P0029842,M,18-25,16,B,3,0,3,12.0,,18754
1002160,P0070042,F,46-50,9,C,0,1,14,2.0,9.0,13789
1002450,P0085942,F,36-45,3,A,1,1,5,3.0,8.0,14082
1003831,P0093442,M,55+,19,A,4+,1,1,4.0,16.0,7281
1000122,P0017842,F,51-55,11,A,0,1,11,15.0,7.0,18754
1004369,P0057642,F,0-17,12,C,1,1,6,,10.0,15753
1001318,P0053342,M,26-35,3,C,3,0,2,11.0,15.0,1259
1004494,P0089642,F,51-55,15,B,3,1,13,4.0,,9775
1002519,P0094142,M,26-35,18,B,3,1,1,14.0,6.0,4665
1001231,P0013142,M,36-45,6,C,3,0,8,14.0,4.0,8784
1001134,P0018642,M,26-35,0,B,0,1,10,17.0,,5296
1001302,P0065042,M,36-45,15,C,0,1,15,16.0,18.0,11435
1004035,P0049242,M,55+,1,B,1,0,3,15.0,10.0,18710
1001911,P0071242,M,46-50,0,B,4+,1,6,16.0,9.0,13542
1001506,P0034342,M,36-45,13,C,2,1,2,18.0,,14526
1003186,P0033142,M,18-25,19,A,2,0,3,,11.0,886
1001917,P0067942,M,51-55,4,A,3,1,9,2.0,17.0,12452
1004916,P0029142,M,36-45,14,B,1,1,5,15.0,13.0,14273
1003549,P0063942,M,51-55,9,A,2,0,6,,16.0,12336
1002758,P0036942,F,46-50,20,A,2,1,10,17.0,,17639
1001957,P0083742,M,55+,1,B,2,0,9,3.0,14.0,15447
1000179,P0017642,M,36-45,10,A,2,0,1,16.0,,7229
1000897,P0083442,M,46-50,15,C,2,1,16,7.0,18.0,16093
1001552,P0098342,M,18-25,18,C,1,0,6,5.0,12.0,16076
1000492,P0026642,M,55+,3,A,2,0,16,6.0,3.0,12838
1000061,P0038342,F,0-17,9,C,2,1,3,,,18784
1001078,P0080342,M,46-50,11,C,1,0,14,15.0,,8117
1002896,P0018842,M,0-17,1,A,0,0,8,,,18908
1004161,P0064342,M,46-50,1,C,0,1,14,18.0,,2096
1003684,P0074842,M,55+,8,B,0,1,15,,,9092
1000586,P0025542,M,36-45,11,B,2,1,10,13.0,7.0,3346
1003961,P0034942,M,0-17,1,B,1,0,17,8.0,,12339
1003771,P0019442,M,55+,17,A,0,1,8,16.0,11.0,3435
1000535,P0011642,M,46-50,15,C,3,1,4,2.0,,15770
1003463,P0021642,M,51-55,18,A,3,1,10,14.0,14.0,12495
1004012,P0043242,F,46-50,14,A,1,0,4,,14.0,9676
1003399,P0092242,M,0-17,15,C,2,1,4,18.0,15.0,915
1002156,P0062142,F,51-55,5,C,0,0,10,5.0,10.0,4179
1001005,P0017942,M,55+,14,C,2,0,3,4.0,12.0,6895
1002500,P0074542,M,46-50,11,A,0,0,18,18.0,12.0,14243
1000327,P0053142,M,0-17,11,A,4+,0,14,3.0,15.0,10511
1004704,P0030242,F,18-25,9,B,4+,1,14,,6.0,17158
1002707,P0021542,M,26-35,20,A,2,0,14,11.0,17.0,643
1000002,P0031942,M,18-25,14,C,3,1,7,,16.0,14498
1001034,P0035242,M,0-17,3,A,2,1,9,18.0,,4879
1002482,P0026842,M,36-45,9,B,0,1,2,15.0,,13534
1000125,P0094642,M,36-45,18,C,2,0,3,6.0,14.0,6475
1001105,P0041542,M,26-35,13,B,2,1,12,3.0,,1570
1002700,P0081642,M,0-17,9,A,0,1,16,15.0,,14940
1001862,P0090942,M,51-55,16,A,3,1,7,5.0,8.0,16006
1002921,P0047142,M,46-50,10,B,4+,1,12,18.0,11.0,9138
1000129,P0085942,M,18-25,17,B,0,0,10,3.0,3.0,13609
1000438,P0097642,M,51-55,1,C,2,1,3,12.0,5.0,9321
1004847,P0068242,M,55+,10,C,1,0,8,10.0,10.0,4741
1002549,P0025542,M,18-25,7,B,2,0,7,,,3718
1003130,P0071342,F,26-35,18,C,2,1,9,,,10026
1001222,P0011242,M,26-35,15,B,1,0,5,16.0,,1582
1000902,P0060742,M,55+,3,B,2,1,9,17.0,12.0,11819
1003169,P0056442,M,26-35,13,A,1,1,16,16.0,11.0,3920
1004487,P0088242,F,55+,16,B,2,0,9,15.0,5.0,15963
1003919,P0090342,M,51-55,10,C,3,1,12,,,16422
1001068,P0031942,F,51-55,2,B,4+,1,15,16.0,7.0,5248
1000027,P0011442,M,26-35,3,A,3,1,18,,,17758
1000548,P0084942,M,51-55,20,C,0,0,9,10.0,10.0,8470
1002669,P0021642,M,26-35,12,B,0,1,3,,,10971
1000567,P0043042,M,51-55,16,A,2,1,11,14.0,14.0,1847
1000704,P0015542,M,26-35,19,C,0,0,6,,8.0,19319
1004281,P0045042,M,46-50,20,A,0,0,9,3.0,14.0,1570
1003141,P0023142,M,46-50,19,A,2,1,3,14.0,11.0,14202
1001591,P0032542,M,55+,9,C,2,1,9,,18.0,1938
1004944,P0040742,M,18-25,11,A,4+,1,3,3.0,16.0,537
1004695,P0057442,M,55+,7,A,1,1,4,,5.0,10767
1000806,P0032142,M,18-25,2,A,2,1,13,4.0,4.0,6924
1003792,P0027242,M,55+,20,C,4+,1,17,,,11186
1001358,P0043942,M,26-35,9,A,3,0,2,7.0,10.0,7280
1003226,P0089642,M,18-25,6,B,0,0,16,17.0,5.0,15671
1003619,P0060542,M,51-55,9,A,1,1,1,2.0,7.0,8765
1002127,P0092042,M,26-35,6,B,3,0,3,7.0,6.0,13429
1002461,P0025642,M,46-50,17,A,2,0,16,14.0,8.0,4543
1000546,P0025042,M,36-45,19,B,3,0,6,6.0,4.0,17125
1002729,P0079642,M,46-50,13,C,4+,1,8,17.0,7.0,7981
1003735,P0027742,F,0-17,11,A,2,0,5,15.0,,15825
1002563,P0063242,M,46-50,7,B,2,0,8,,17.0,12382
1002080,P0021142,M,0-17,6,C,1,0,1,13.0,11.0,18469
1002642,P0078242,F,18-25,4,A,4+,1,2,17.0,,10066
1003115,P0023742,M,46-50,0,A,0,0,6,3.0,,15714
1001927,P0033242,F,36-45,14,A,3,1,6,2.0,4.0,13114
1000617,P0043142,M,51-55,8,C,1,1,9,13.0,11.0,2399
1003645,P0064142,M,46-50,11,C,1,0,1,,,6750
1001204,P0099242,M,51-55,17,B,2,0,2,7.0,18.0,7364
1001760,P0040642,F,46-50,10,A,3,1,16,2.0,,1299
1002566,P0026042,M,46-50,9,B,1,0,9,8.0,16.0,16383
1003175,P0050142,M,51-55,9,B,2,1,5,16.0,5.0,17482
1003082,P0068942,M,51-55,17,B,2,1,11,18.0,,17918
1002631,P0037742,M,26-35,0,B,4+,1,14,17.0,8.0,112
1003162,P0041942,M,46-50,19,B,2,1,13,3.0,5.0,7668
1004322,P0063242,M,46-50,10,A,0,0,3,17.0,11.0,19957
1000670,P0099642,M,36-45,1,C,4+,1,2,3.0,,1009
1003169,P0059642,M,51-55,10,B,4+,1,16,,,18877
1002122,P0046242,F,51-55,1,C,0,1,11,9.0,,14887
1004079,P0047142,M,0-17,8,B,0,1,3,15.0,11.0,17769
1004152,P0099142,F,0-17,0,A,1,1,15,11.0,,16883
1000720,P0075442,M,51-55,5,B,1,1,3,6.0,,12562
1002601,P0013542,M,36-45,1,B,0,0,4,14.0,,11754
1003599,P0040242,M,18-25,14,B,1,0,5,2.0,5.0,15274
1004670,P0053742,M,46-50,0,A,0,1,9,12.0,6.0,2734
1000667,P0082542,M,18-25,17,B,0,0,7,2.0,13.0,5518
1000284,P0013142,M,36-45,3,A,2,1,13,13.0,11.0,13388
1003904,P0028542,M,18-25,12,C,1,0,18,11.0,,12348
1003566,P0027342,M,0-17,3,C,4+,1,15,,17.0,9878
1002235,P0066542,M,26-35,14,C,4+,1,12,,5.0,14637
1004594,P0077242,M,18-25,1,A,1,1,10,15.0,16.0,11622
1001466,P0034942,M,26-35,8,B,1,0,17,5.0,10.0,16657
1000130,P0086242,M,18-25,11,C,1,0,6,12.0,13.0,19796
1004735,P0037842,M,36-45,13,C,1,0,11,2.0,5.0,14089
1002061,P0078242,M,26-35,19,B,2,0,3,17.0,3.0,17636
1003673,P0079442,M,18-25,3,C,0,1,6,2.0,,14520
1002495,P0010142,M,36-45,14,C,1,1,12,18.0,,11599
1000993,P0029342,F,55+,3,B,1,0,3,7.0,,18467
1002122,P0026542,M,55+,4,A,0,1,2,7.0,,736
1002585,P0085842,M,51-55,9,A,0,0,3,3.0,18.0,3384
1004197,P0085542,F,55+,11,C,0,1,13,15.0,12.0,15841
1002224,P0020942,M,0-17,11,C,3,1,9,9.0,15.0,287
1004523,P0047942,M,46-50,7,A,4+,0,17,3.0,,1282
1003189,P0093442,M,36-45,3,C,1,0,14,8.0,12.0,4497
1003238,P0068242,M,36-45,2,A,2,1,8,,7.0,19686
1004137,P0077542,M,0-17,0,C,2,0,4,2.0,4.0,919
1004525,P0038442,M,26-35,17,C,0,1,1,15.0,9.0,195
1000344,P0098642,F,18-25,19,A,2,1,10,12.0,6.0,4591
1004462,P0052042,M,26-35,13,B,4+,1,13,13.0,,2295
1004705,P0021242,M,36-45,16,C,1,1,2,9.0,8.0,9722
1004824,P0032742,M,51-55,5,C,2,1,5,11.0,11.0,9843
1002277,P0057042,M,55+,5,B,4+,1,6,17.0,5.0,155
1004921,P0091242,M,18-25,9,C,4+,1,1,11.0,13.0,3084
1003202,P0062742,F,55+,18,B,3,1,5,9.0,,5576
1000889,P0059542,M,55+,9,B,3,0,15,7.0,13.0,9141
1002044,P0013042,M,46-50,2,A,2,1,8,11.0,,2137
1001342,P0026142,M,55+,0,B,4+,1,18,13.0,17.0,16423
1003721,P0091742,F,46-50,17,A,0,1,18,9.0,10.0,1451
1002884,P0080442,M,18-25,14,A,3,0,4,,,5307
1004213,P0082142,M,36-45,19,A,4+,1,7,,15.0,18669
1002416,P0047742,M,51-55,3,C,3,0,8,6.0,,16191
1001118,P0054542,F,0-17,17,C,1,0,13,14.0,6.0,1101
1004264,P0084342,M,55+,9,B,4+,0,4,6.0,8.0,16279
1003002,P0052642,F,51-55,18,A,4+,1,18,12.0,14.0,678
1001739,P0079542,F,55+,16,C,1,1,13,9.0,,13965
1001365,P0060342,M,55+,9,C,3,1,14,6.0,,1659
1002709,P0062642,M,26-35,3,B,1,1,9,8.0,,8610
1004791,P0091642,M,51-55,4,C,2,0,12,4.0,,12238
1000925,P0082042,M,51-55,6,C,0,1,9,3.0,13.0,7275
1000152,P0078342,M,26-35,18,C,3,0,1,11.0,16.0,13803
1000586,P0087742,F,0-17,18,C,4+,0,9,18.0,3.0,7698
1000913,P0063142,M,0-17,7,C,2,1,7,15.0,15.0,8052
1002322,P0068142,M,46-50,0,C,3,1,1,13.0,3.0,3539
1000496,P0061942,F,55+,7,B,0,0,2,10.0,3.0,1092
1003796,P0013342,M,0-17,18,A,4+,0,18,11.0,16.0,3797
1002149,P0083542,M,18-25,16,C,1,1,8,2.0,,6912
1000557,P0079042,M,46-50,8,A,0,1,1,,,7729
1001553,P0085742,M,36-45,19,B,3,1,3,8.0,,12983
1002121,P0058942,F,46-50,15,B,4+,0,1,,,11993
1003086,P0087142,M,55+,8,A,3,0,3,16.0,14.0,1330
1003505,P0071942,F,51-55,18,A,0,0,8,13.0,17.0,19319
1000157,P0085342,M,51-55,15,B,4+,0,12,10.0,17.0,11224
1000735,P0052242,M,46-50,20,C,0,1,7,8.0,4.0,8338
1004655,P0056742,M,26-35,12,A,3,1,1,14.0,4.0,18809
1003277,P0012342,M,55+,18,A,4+,1,3,,6.0,1594
1000155,P0031542,M,0-17,4,C,4+,1,12,18.0,,5241
1000997,P0015442,M,51-55,1,A,4+,1,8,9.0,17.0,19750
1002295,P0012542,M,51-55,3,C,3,1,9,11.0,17.0,4530
1004627,P0038042,M,18-25,11,B,2,0,15,11.0,11.0,17584
1002906,P0090342,M,55+,17,A,3,1,11,7.0,,7346
1004825,P0042642,M,0-17,2,C,1,0,6,18.0,,5935
1001178,P0028542,M,55+,20,C,2,1,5,15.0,8.0,19155
1000154,P0059442,M,51-55,18,B,3,1,5,13.0,10.0,10255
1004188,P0011142,F,26-35,3,A,1,1,16,10.0,11.0,2228
1001717,P0074042,F,51-55,3,C,0,0,15,6.0,,10508
1003203,P0098342,F,0-17,15,A,1,0,11,14.0,15.0,18581
1002858,P0053342,M,18-25,10,C,4+,0,17,6.0,17.0,10064
1000787,P0030742,M,0-17,12,A,2,1,17,2.0,12.0,6133
1004369,P0023242,M,55+,20,A,3,0,15,3.0,,7436
1004273,P0043842,F,55+,10,C,3,1,13,15.0,7.0,17462
1003768,P0029542,M,26-35,6,C,4+,1,18,9.0,14.0,7886
1002879,P0036142,M,18-25,13,A,2,1,16,6.0,8.0,12117
1000643,P0038142,F,0-17,3,A,2,0,1,6.0,17.0,16574
1004663,P0046842,M,26-35,7,B,4+,0,13,11.0,16.0,17013
1000666,P0020242,M,26-35,11,C,2,0,4,,6.0,3025
1003427,P0073142,M,46-50,12,A,4+,1,12,7.0,,961
1003784,P0028242,M,51-55,8,A,1,0,15,15.0,6.0,1276
1003702,P0052242,M,55+,8,C,4+,1,12,18.0,7.0,13462
1001070,P0010842,M,18-25,1,A,3,1,15,11.0,9.0,17969
1002350,P0065642,F,18-25,2,A,0,0,5,2.0,,11351
1004504,P0034342,M,51-55,20,B,1,1,11,17.0,8.0,6896
1001213,P0088142,M,55+,11,B,3,1,18,,8.0,13394
1001153,P0072342,M,55+,16,C,1,1,10,2.0,,419
1002512,P0066642,M,0-17,3,C,3,0,13,4.0,,10859
1000144,P0049242,F,46-50,13,C,2,1,15,3.0,,12534
1002490,P0062642,M,18-25,20,B,4+,1,18,6.0,16.0,17569
1003229,P0013642,F,26-35,8,B,3,0,8,11.0,,9624
1004583,P0027742,M,18-25,7,B,3,0,3,2.0,16.0,13012
1004956,P0073842,M,46-50,0,A,2,1,11,5.0,11.0,14796
1003206,P0072842,F,51-55,12,B,0,0,5,10.0,,15832
1004244,P0095142,M,36-45,2,B,0,0,12,14.0,,6246
1003143,P0017142,M,51-55,13,C,4+,1,1,,18.0,13277
1003305,P0045142,M,26-35,18,B,2,1,6,18.0,18.0,10419
1001358,P0072242,F,18-25,5,B,1,1,6,3.0,8.0,5610
1002714,P0024842,F,51-55,3,A,3,0,12,,,16033
1004186,P0079642,F,26-35,19,B,4+,0,15,7.0,,2072
1001358,P0020442,M,55+,0,C,0,1,4,9.0,16.0,17745
1004295,P0075842,M,0-17,9,A,1,1,18,3.0,8.0,782
1004634,P0032042,M,26-35,12,B,2,0,12,,10.0,6001
1003193,P0092542,M,18-25,11,B,3,1,7,12.0,,4475
1000301,P0096242,M,0-17,10,B,3,1,5,12.0,9.0,17729
1000724,P0047342,M,0-17,3,A,0,0,3,2.0,18.0,16731
1003011,P0061742,M,0-17,16,A,0,0,5,2.0,5.0,11140
1000068,P0035942,M,36-45,14,B,4+,1,17,15.0,,14807
1003837,P0039842,F,36-45,20,C,3,1,6,11.0,,953
1003994,P0096042,F,0-17,2,B,3,1,2,12.0,,11309
1002507,P0014142,M,51-55,9,A,3,0,15,15.0,,1697
1001538,P0087042,M,51-55,20,A,3,1,3,4.0,3.0,16946
1000398,P0099642,M,51-55,13,A,1,1,1,,4.0,9685
1004716,P0059142,M,18-25,18,C,2,0,7,3.0,17.0,4563
1003358,P0053842,M,0-17,20,B,1,0,10,7.0,,18524
1001164,P0088242,F,51-55,3,B,2,0,9,15.0,,18545
1004826,P0014642,M,0-17,13,A,1,0,16,12.0,16.0,707
1000556,P0018442,M,26-35,5,B,4+,0,15,3.0,16.0,6817
1003662,P0078542,M,51-55,11,C,2,1,13,17.0,5.0,8248
1001752,P0015742,M,26-35,1,C,3,0,8,,,1128
1002942,P0081042,M,26-35,16,B,2,1,11,11.0,10.0,9234
1002658,P0030842,M,51-55,0,B,3,0,1,7.0,8.0,10880
1002796,P0034742,M,46-50,16,B,4+,1,8,4.0,17.0,8184
1002330,P0031042,M,26-35,4,B,2,0,12,6.0,3.0,18498
1001960,P0013842,M,51-55,15,B,0,0,6,8.0,,14775
1001602,P0035142,M,55+,13,B,3,0,16,5.0,12.0,13890
1002794,P0074242,M,26-35,19,A,2,1,14,15.0,10.0,7835
1001481,P0090242,M,18-25,9,A,1,1,7,2.0,6.0,1568
1001103,P0086142,F,36-45,20,A,2,0,3,10.0,15.0,12627
1003277,P0051242,M,36-45,2,C,3,1,10,9.0,12.0,1323
1001300,P0054542,M,36-45,2,C,0,1,1,,10.0,8677
1004995,P0015142,F,55+,17,C,0,1,6,7.0,6.0,11774
1003880,P0047342,M,46-50,17,C,1,0,5,13.0,11.0,15239
1001536,P0062542,F,0-17,3,A,4+,0,15,2.0,,16326
1000078,P0025542,F,26-35,6,B,0,0,18,,,13306
1002832,P0064142,M,55+,0,B,4+,1,4,14.0,17.0,16780
1003411,P0018942,F,18-25,15,B,3,1,5,17.0,,11731
1002722,P0077842,M,46-50,16,C,2,1,10,13.0,18.0,19010
1003628,P0045042,M,55+,7,A,4+,0,4,18.0,5.0,7745
1001533,P0016842,F,36-45,5,B,3,0,10,3.0,,8169
1000238,P0026242,F,46-50,1,C,3,1,4,16.0,15.0,18679
1001997,P0034142,M,55+,9,C,3,0,12,4.0,,8054
1003428,P0059442,M,18-25,16,C,1,1,9,13.0,,7609
1000278,P0048242,M,51-55,18,B,1,0,2,,,2799
1003090,P0015142,M,46-50,3,A,4+,1,5,5.0,,6758
1000524,P0075342,M,36-45,12,B,3,0,16,7.0,,4824
1004276,P0016242,F,0-17,20,A,4+,1,14,6.0,18.0,3598
1004219,P0060842,M,55+,18,A,0,0,15,10.0,8.0,7832
1003123,P0039142,M,36-45,15,B,4+,1,18,11.0,10.0,18698
1004576,P0019042,M,55+,12,B,2,0,11,5.0,18.0,11485
1001798,P0076342,M,36-45,4,C,3,1,13,2.0,9.0,2950
1002132,P0052342,M,36-45,11,C,4+,1,10,8.0,11.0,3377
1000816,P0076842,M,55+,6,B,1,1,7,9.0,7.0,13848
1002695,P0092042,F,46-50,8,B,2,0,1,9.0,,884
1000443,P0046442,M,18-25,4,A,4+,0,18,15.0,18.0,1911
1003141,P0024942,M,36-45,3,A,4+,0,4,10.0,,737
1000143,P0093942,M,51-55,9,C,4+,1,16,4.0,14.0,3457
1004288,P0037042,M,46-50,15,A,1,1,18,,,17109
1001411,P0098042,M,18-25,10,B,4+,0,15,16.0,14.0,18928
1004474,P0068042,F,0-17,8,A,0,1,10,6.0,16.0,1001
1000535,P0021542,M,36-45,4,A,0,0,7,,6.0,923
1001717,P0080342,M,26-35,10,A,0,1,1,,3.0,6614
1003365,P0061542,F,46-50,8,B,4+,1,1,5.0,,8796
1001033,P0068642,F,51-55,16,C,2,0,1,9.0,,17598
1003343,P0090942,M,0-17,10,A,1,1,7,3.0,12.0,736
1001411,P0034042,M,0-17,20,B,0,1,15,11.0,,15477
1004501,P0012942,M,0-17,5,A,0,1,13,17.0,9.0,19837
1001173,P0024242,M,46-50,15,A,2,1,9,,,7429
1000889,P0042542,M,18-25,18,B,0,1,14,12.0,17.0,13951
1003339,P0079442,F,26-35,13,A,1,1,6,8.0,3.0,5480
1004518,P0011542,M,51-55,2,B,2,1,7,13.0,9.0,10701
1001642,P0021042,M,18-25,9,C,3,0,14,4.0,18.0,949
1000472,P0097142,M,36-45,20,A,1,0,11,18.0,8.0,10091
1002941,P0081242,F,26-35,3,B,1,1,3,12.0,17.0,9477
1000547,P0020642,M,18-25,20,A,4+,1,11,,,17050
1004727,P0047842,M,36-45,1,A,3,1,8,10.0,11.0,4606
1003598,P0026142,F,55+,12,A,3,1,6,15.0,,19678
1002826,P0038242,M,26-35,10,B,2,0,3,8.0,,4529
1003724,P0036842,M,46-50,11,B,0,1,12,4.0,,4055
1000364,P0058342,M,51-55,0,B,3,0,18,17.0,18.0,3511
1002167,P0076642,F,55+,20,C,2,0,11,15.0,9.0,13309
1003310,P0017242,F,51-55,8,A,3,1,7,17.0,9.0,4236
1000546,P0029642,M,36-45,11,B,1,0,10,,,1066
1003241,P0034242,M,18-25,6,A,3,1,16,,5.0,1851
1004730,P0069742,M,26-35,16,A,0,0,16,,8.0,14506
1001937,P0089842,M,36-45,9,A,2,0,15,,3.0,9762
1000963,P0035842,M,36-45,5,B,0,1,13,8.0,15.0,18215
1003006,P0089742,M,46-50,6,C,4+,0,4,11.0,,7450
1003807,P0024842,F,36-45,18,C,0,0,4,2.0,15.0,11838
1000883,P0096642,M,26-35,13,C,0,1,6,15.0,10.0,6068
1003841,P0048942,M,0-17,10,C,2,0,18,12.0,,15081
1000871,P0051542,F,26-35,1,B,1,0,1,16.0,15.0,14900
1004612,P0052542,M,26-35,0,C,3,1,10,15.0,,1358
1002986,P0080142,M,46-50,9,C,3,0,3,7.0,,19840
1000866,P0031642,M,46-50,11,B,2,1,14,11.0,,3222
1004310,P0096642,F,51-55,8,B,2,1,11,4.0,,1409
1003204,P0018542,M,55+,10,A,1,1,5,3.0,6.0,15069
1002898,P0031542,F,51-55,0,A,1,0,2,11.0,16.0,4327
1002245,P0052242,M,36-45,19,C,4+,1,9,13.0,,8891
1000019,P0041942,M,51-55,9,A,3,0,17,8.0,11.0,11360
1000642,P0021742,M,46-50,18,B,3,0,17,3.0,4.0,18731
1003084,P0098142,F,36-45,20,A,4+,0,10,15.0,3.0,706
1000330,P0051442,M,0-17,10,A,2,1,17,15.0,,773
1000866,P0069842,M,18-25,2,B,3,1,11,8.0,13.0,5534
1000774,P0013942,F,46-50,15,C,0,0,7,2.0,10.0,7256
1004488,P0026042,M,55+,9,A,2,1,1,14.0,15.0,2220
1004733,P0080242,F,46-50,1,A,2,1,16,3.0,18.0,17335
1002355,P0063642,M,0-17,18,C,1,0,3,6.0,,907
1003339,P0051942,M,55+,3,A,4+,1,15,6.0,14.0,1042
1003519,P0076342,M,46-50,15,C,2,1,4,7.0,,12049
1002943,P0019442,F,51-55,5,B,1,0,4,14.0,9.0,7269
1002568,P0054142,M,51-55,10,B,0,0,5,3.0,16.0,1742
1001675,P0065742,M,51-55,16,C,0,0,15,14.0,,12849
1002684,P0074942,F,0-17,14,B,3,1,11,11.0,14.0,3725
1003381,P0056542,M,36-45,3,B,4+,1,8,8.0,9.0,13201
1000740,P0038742,M,46-50,7,B,4+,0,11,14.0,,6532
1001546,P0096442,M,46-50,17,B,1,1,11,,,19886
1004565,P0077542,M,51-55,13,B,3,1,9,12.0,10.0,3675
1002260,P0051142,M,36-45,1,B,4+,1,14,5.0,18.0,328
1001136,P0049942,F,46-50,15,A,3,1,14,13.0,9.0,2923
1000874,P0062742,F,26-35,14,A,1,1,13,11.0,,586
1004556,P0011742,M,0-17,20,A,3,1,1,,4.0,19149
1002301,P0023542,M,18-25,5,B,2,0,9,13.0,12.0,8290
1000752,P0056342,M,26-35,8,A,2,0,8,2.0,,16622
1000854,P0085842,F,55+,11,C,2,0,18,4.0,,4344
1003733,P0034742,M,18-25,9,C,2,1,3,12.0,,10727
1002284,P0094242,F,26-35,6,C,0,1,3,17.0,,17746
1001330,P0080942,F,26-35,4,A,0,0,2,3.0,,7536
1000478,P0010042,M,55+,7,B,4+,1,4,13.0,3.0,1410
1002727,P0080142,M,55+,11,C,0,1,9,11.0,,2072
1003092,P0048042,M,26-35,0,A,3,1,15,9.0,11.0,13683
1004231,P0060842,M,0-17,9,A,3,1,18,3.0,,19414
1004506,P0055942,M,18-25,10,B,0,0,17,,9.0,2251
1001270,P0060442,M,36-45,19,B,3,1,11,17.0,13.0,12436
1004182,P0090542,M,36-45,4,A,4+,1,1,,,10637
1002604,P0057542,M,51-55,12,B,1,1,6,5.0,14.0,1601
1001470,P0065642,M,46-50,17,B,0,1,14,13.0,,7091
1000378,P0094842,M,0-17,9,B,2,1,5,2.0,16.0,19495
1001681,P0099642,M,51-55,20,B,3,0,3,5.0,9.0,15317
1000242,P0013142,F,51-55,16,B,3,1,1,17.0,15.0,9815
1000920,P0021742,M,0-17,18,A,1,0,4,7.0,5.0,18364
1000070,P0090742,M,0-17,3,C,4+,0,16,5.0,14.0,1674
1003925,P0028342,M,26-35,8,A,3,1,6,12.0,,11597
1002087,P0029042,M,0-17,17,A,2,1,5,15.0,4.0,19859
1002008,P0084642,M,36-45,15,A,1,1,7,14.0,8.0,16802
1000801,P0084942,M,0-17,6,A,3,0,10,3.0,13.0,634
1002780,P0082742,F,55+,11,A,2,1,1,,,4561
1004921,P0017342,M,26-35,3,B,3,0,14,5.0,,10640
1000756,P0072242,M,18-25,20,C,2,0,4,,,3174
1001996,P0020242,F,51-55,11,B,1,1,15,11.0,6.0,15706
1001322,P0097042,M,0-17,11,C,4+,1,6,4.0,6.0,11128
1002331,P0068542,M,55+,3,A,0,1,10,4.0,,15975
1000110,P0051942,F,55+,11,A,0,1,15,10.0,7.0,19079
1001017,P0057242,M,51-55,7,A,4+,0,8,,13.0,6995
1003866,P0086342,M,18-25,2,A,3,0,13,,16.0,4819
1000025,P0021342,M,46-50,15,A,1,0,16,,9.0,10155
1004939,P0047842,F,26-35,1,A,2,0,18,11.0,,7857
1002839,P0041242,F,51-55,5,A,1,0,9,15.0,,11160
1000738,P0042942,F,0-17,16,C,4+,1,15,12.0,3.0,18644
1000180,P0043842,M,46-50,11,A,3,0,8,2.0,10.0,10569
1000232,P0033742,F,46-50,8,A,3,1,17,4.0,,3878
1001918,P0027242,F,18-25,15,A,4+,0,4,7.0,9.0,15383
1000343,P0017842,F,51-55,6,C,1,0,9,8.0,16.0,11088
1004573,P0056342,F,51-55,7,C,0,0,8,15.0,,4589
1002624,P0099742,M,36-45,6,A,1,1,9,16.0,11.0,15384
1000455,P0070442,M,36-45,20,B,3,0,4,11.0,,2057
1004385,P0060042,M,36-45,4,C,3,0,8,9.0,,5502
1004626,P0066142,M,51-55,6,A,4+,0,17,5.0,,11265
1002277,P0038442,M,51-55,17,C,1,0,6,2.0,13.0,5293
1000596,P0032242,F,36-45,17,B,0,0,10,13.0,14.0,4491
1003875,P0069242,M,26-35,15,A,1,0,2,8.0,,19185
1004531,P0036542,M,55+,6,C,3,0,12,11.0,,12050
1004978,P0076642,M,55+,20,B,1,0,5,,15.0,2850
1004498,P0047242,M,55+,1,C,3,0,16,15.0,3.0,7146
1002670,P0033242,M,0-17,16,C,3,0,5,17.0,14.0,2818
1002136,P0092742,M,0-17,7,A,2,1,1,5.0,8.0,10330
1003965,P0033542,F,26-35,1,A,0,0,10,2.0,5.0,7395
1001566,P0077042,M,18-25,17,C,4+,0,2,4.0,11.0,13053
1000309,P0092742,M,55+,18,B,0,1,16,17.0,12.0,11167
1000343,P0086242,M,55+,19,A,1,0,9,10.0,,14249
1000436,P0041342,M,0-17,8,C,2,0,7,6.0,14.0,7607
1000177,P0091242,M,51-55,11,C,3,1,13,,,7259
1000139,P0047942,M,46-50,18,A,0,1,4,11.0,,12063
1000194,P0089342,M,51-55,7,A,3,1,7,9.0,9.0,14898
1003258,P0071342,M,0-17,7,C,3,1,10,,,4245
1003236,P0066242,M,26-35,9,A,2,1,12,4.0,13.0,17329
1000943,P0051942,F,18-25,17,C,0,0,2,13.0,17.0,17004
1004621,P0015142,F,0-17,14,B,2,0,5,16.0,15.0,11592
1003880,P0082042,M,26-35,10,A,3,0,15,,,11967
1003114,P0091842,M,46-50,20,A,0,0,11,18.0,6.0,310
1002963,P0074242,M,36-45,13,C,3,0,2,7.0,14.0,12279
1004837,P0060842,M,46-50,14,A,3,1,15,7.0,5.0,6294
1004958,P0088142,M,46-50,13,B,0,0,5,3.0,9.0,16242
1000954,P0030442,M,55+,11,C,4+,0,16,5.0,4.0,5534
1001303,P0083042,M,18-25,3,B,2,1,8,16.0,,11459
1003382,P0035642,F,0-17,2,B,1,0,7,7.0,10.0,8668
1002881,P0028442,F,36-45,11,B,3,1,3,10.0,,17272
1002188,P0024442,M,26-35,6,B,2,0,8,15.0,,17735
1004888,P0078942,M,36-45,6,C,2,0,5,15.0,6.0,15231
1000546,P0011342,M,0-17,18,A,0,1,14,17.0,6.0,8329
1001928,P0034542,M,18-25,13,B,0,1,2,3.0,12.0,17689
1004153,P0028642,M,0-17,0,B,0,1,10,13.0,17.0,10152
1000005,P0043642,F,26-35,6,C,2,0,18,,13.0,12330
1003482,P0035842,F,36-45,9,B,0,0,17,9.0,,2770
1003254,P0096542,M,46-50,17,B,1,1,6,5.0,16.0,1670
1001363,P0013942,F,0-17,12,B,2,1,17,3.0,,11313
1001821,P0070042,M,51-55,7,B,0,1,17,,17.0,15686
1002664,P0073642,M,18-25,8,A,3,0,16,2.0,17.0,3111
1002939,P0051742,M,18-25,14,B,2,0,2,17.0,,8979
1001274,P0045042,M,36-45,7,C,4+,1,5,7.0,18.0,14337
1003327,P0010842,F,46-50,0,A,4+,0,12,6.0,18.0,11681
1003660,P0044942,F,26-35,2,C,2,0,1,5.0,14.0,14670
1002946,P0018342,M,46-50,18,A,2,1,5,5.0,5.0,16626
1003019,P0063242,F,36-45,8,A,4+,0,8,12.0,12.0,16236
1001132,P0089242,F,46-50,18,B,3,1,10,,,631
1004764,P0045742,M,36-45,14,B,3,1,3,9.0,3.0,8103
1002637,P0047742,M,46-50,13,C,3,1,6,16.0,,11172
1003030,P0027142,M,0-17,0,A,1,1,13,6.0,,14620
1003020,P0012442,F,18-25,2,A,1,0,8,,13.0,10609
1004378,P0049242,M,36-45,1,B,3,0,18,,8.0,18271
1003160,P0020242,M,36-45,0,A,4+,0,5,4.0,3.0,1373
1000254,P0080142,M,18-25,17,B,1,1,6,18.0,,5589
1000329,P0033542,F,51-55,0,B,0,1,2,16.0,6.0,4084
1002592,P0050942,F,51-55,8,C,1,0,7,9.0,4.0,16681
1002831,P0092442,M,26-35,6,B,4+,1,16,18.0,15.0,9504
1003045,P0064842,M,36-45,12,B,4+,1,10,,12.0,8445
1001421,P0088342,F,0-17,16,A,2,1,10,11.0,,11990
1003402,P0090442,M,46-50,12,C,4+,1,2,12.0,14.0,3998
1002893,P0043142,F,0-17,12,C,3,0,8,16.0,,11047
1000655,P0076342,M,36-45,9,C,4+,1,2,6.0,,16703
1000760,P0089342,M,26-35,5,B,1,1,2,3.0,7.0,16944
1001799,P0063142,M,36-45,4,C,1,1,13,12.0,11.0,10949
1002972,P0074842,M,26-35,9,B,1,1,4,8.0,,19729
1004512,P0097042,F,18-25,13,B,4+,1,7,4.0,16.0,15809
1003427,P0012842,F,46-50,10,B,3,1,14,4.0,11.0,11989
1000255,P0064242,F,0-17,4,B,3,1,5,6.0,16.0,4333
1003824,P0011842,M,26-35,3,C,2,0,1,8.0,,12325
1001877,P0024742,M,0-17,2,C,0,1,1,10.0,18.0,19470
1002758,P0057042,M,55+,13,A,3,1,6,,,9114
1002625,P0059042,F,18-25,12,C,1,0,16,11.0,,8478
1004996,P0038242,M,36-45,4,A,2,1,12,,,9149
1004122,P0096142,F,26-35,11,C,3,1,1,12.0,,5595
1003005,P0095242,F,46-50,9,C,3,1,12,5.0,3.0,2539
1004517,P0091142,M,55+,1,C,0,0,18,18.0,,1719
1003735,P0077442,F,26-35,6,B,0,0,2,2.0,15.0,5753
1001245,P0021242,F,51-55,6,C,0,1,18,13.0,,17943
1001009,P0055442,F,36-45,3,C,3,1,10,8.0,,17811
1004315,P0076142,M,36-45,11,A,3,0,10,10.0,12.0,17627
1001511,P0042942,F,46-50,3,C,1,1,6,17.0,,2235
1001960,P0035442,M,46-50,6,B,4+,1,2,2.0,,8250
1002509,P0069842,M,18-25,19,C,0,1,16,5.0,13.0,6676
1004759,P0049842,M,55+,12,A,1,0,5,18.0,4.0,10981
1002683,P0096142,M,55+,7,C,1,0,6,12.0,,12301
1000990,P0070942,F,0-17,13,C,2,1,1,7.0,,7079
1004285,P0060742,M,26-35,2,A,1,1,4,11.0,17.0,13960
1000255,P0074342,M,18-25,1,C,0,0,17,10.0,13.0,248
1004164,P0056542,M,0-17,9,A,4+,1,13,17.0,14.0,18015
1004712,P0092342,F,55+,5,A,1,1,12,17.0,,6525
1004970,P0050642,F,18-25,6,B,3,0,13,11.0,7.0,12870
1004453,P0070842,M,51-55,15,B,3,0,16,7.0,8.0,658
1000256,P0019742,F,46-50,5,A,1,1,11,2.0,11.0,5490
1001008,P0038942,M,46-50,15,B,0,1,18,11.0,3.0,2745
1001756,P0096742,M,36-45,11,B,4+,1,18,13.0,,19991
1002572,P0083842,M,26-35,14,A,4+,1,1,14.0,14.0,18657
1003909,P0075642,F,26-35,2,C,0,0,4,,,5879
1002998,P0025542,F,26-35,15,C,3,1,9,11.0,,13343
1002804,P0088142,M,18-25,17,C,3,1,3,16.0,,16732
1003766,P0026142,M,18-25,14,B,2,1,8,4.0,,3684
1004380,P0072342,M,26-35,5,B,1,1,9,17.0,13.0,1455
1003384,P0094242,M,36-45,16,C,1,0,18,10.0,,13196
1000099,P0079642,M,0-17,1,A,3,1,5,15.0,,10363
1000197,P0081642,M,51-55,1,A,1,1,5,18.0,15.0,14926
1002530,P0019642,M,18-25,16,A,0,0,5,7.0,,17877
1000878,P0047642,M,26-35,18,B,4+,0,16,15.0,,6689
1001869,P0066642,M,46-50,4,C,2,1,5,4.0,11.0,3107
1002666,P0054942,F,18-25,3,A,0,0,5,4.0,18.0,16229
1001389,P0021642,M,0-17,17,C,0,0,12,7.0,17.0,9207
1002416,P0070442,F,18-25,7,C,0,0,7,4.0,16.0,19580
1000570,P0090442,M,0-17,8,B,1,0,3,11.0,,2148
1002638,P0081542,M,0-17,17,A,4+,1,8,,6.0,11970
1001066,P0089342,M,18-25,10,B,2,0,18,3.0,15.0,15517
1000422,P0060542,M,0-17,15,C,3,0,5,9.0,3.0,9062
1002884,P0028842,M,18-25,15,C,0,1,6,6.0,10.0,4615
1001205,P0057542,F,18-25,3,C,0,0,6,11.0,,2422
1000545,P0042242,M,36-45,20,A,0,1,6,14.0,,6444
1004167,P0069542,M,46-50,8,A,3,0,11,,,2317
1003640,P0027942,M,51-55,12,A,1,1,13,2.0,4.0,9612
1001224,P0088542,F,0-17,19,C,1,0,14,13.0,7.0,8311
1003173,P0028042,M,18-25,7,C,4+,1,17,15.0,13.0,7157
1000768,P0079242,F,0-17,10,A,1,0,1,4.0,12.0,9808
1003658,P0089442,M,18-25,20,C,1,1,10,,9.0,327
1000655,P0038642,M,51-55,8,C,2,1,2,3.0,,13965
1002447,P0057442,M,55+,17,C,2,0,13,8.0,16.0,15015
1000221,P0071742,F,18-25,19,A,1,1,17,6.0,,17473
1003667,P0074042,M,18-25,2,B,2,1,3,3.0,,3725
1004278,P0036142,M,46-50,17,B,4+,0,4,15.0,16.0,8181
1004403,P0062242,M,0-17,18,B,1,1,6,12.0,,17883
1002570,P0026142,M,46-50,8,A,2,0,13,10.0,,19421
1001014,P0058642,M,46-50,17,C,3,1,14,5.0,12.0,11190
1002052,P0028042,M,55+,15,B,2,0,9,10.0,,1783
1003986,P0082442,F,55+,13,B,2,0,15,,10.0,4150
1004944,P0056842,F,46-50,18,A,3,1,6,9.0,4.0,8477
1004900,P0088542,M,46-50,14,C,4+,0,11,12.0,3.0,1352
1004311,P0012042,F,36-45,20,C,3,0,7,,8.0,15790
1003020,P0037442,F,0-17,3,A,4+,1,18,15.0,7.0,1776
1003682,P0035942,M,0-17,11,B,3,1,17,2.0,,7181
1001444,P0043242,M,18-25,6,C,4+,0,14,8.0,14.0,7885
1004197,P0056542,F,0-17,10,C,4+,0,8,,16.0,2533
1003011,P0021542,M,51-55,6,B,0,1,8,,5.0,3170
1000573,P0051242,M,46-50,19,A,0,1,7,,3.0,11609
1001333,P0063642,M,26-35,2,B,2,1,9,,13.0,18960
1004754,P0094442,M,55+,3,C,3,0,12,14.0,9.0,3498
1004003,P0086542,F,0-17,1,A,4+,0,3,17.0,18.0,7387
1003135,P0082242,M,55+,19,B,0,1,1,15.0,15.0,13600
1004087,P0091642,M,55+,14,B,2,1,15,12.0,,5459
1000226,P0093242,M,26-35,19,A,2,0,9,12.0,,5988
1004201,P0095042,M,55+,11,C,2,1,17,2.0,16.0,14804
1001998,P0035642,M,51-55,20,A,0,1,12,6.0,,19880
1000772,P0026742,M,36-45,16,A,1,0,17,2.0,,386
1004525,P0094842,F,18-25,17,C,2,0,13,10.0,9.0,17305
1000434,P0063242,M,18-25,7,B,1,1,13,16.0,,453
1003100,P0069742,M,18-25,7,A,1,1,15,,,13154
1002730,P0011442,M,36-45,4,A,1,1,18,2.0,4.0,18047
1003408,P0014942,M,46-50,8,B,2,0,15,11.0,3.0,4275
1003141,P0040342,M,55+,19,C,4+,1,18,15.0,4.0,10333
1000866,P0058642,M,26-35,19,B,1,0,5,15.0,11.0,13432
1002794,P0051542,F,0-17,4,B,0,0,7,17.0,,8889
1002912,P0040442,M,46-50,9,A,0,1,6,18.0,15.0,15556
1002416,P0029542,F,18-25,0,A,1,0,5,,10.0,14844
1000251,P0097542,M,18-25,3,C,1,1,9,5.0,4.0,19211
1004952,P0091242,M,55+,15,A,1,1,11,,12.0,17277
1003758,P0089942,M,46-50,17,B,0,1,3,18.0,3.0,3318
1004657,P0048742,F,26-35,11,B,3,1,7,,7.0,3265
1000919,P0085642,M,46-50,19,C,4+,1,3,8.0,,14861
1001174,P0096442,M,36-45,14,A,3,0,6,,,18898
1003204,P0055442,M,18-25,17,A,0,0,16,2.0,,8903
1000433,P0081242,F,26-35,4,C,0,1,8,,,17911
1000836,P0080442,F,55+,13,C,2,0,16,15.0,,14305
1002247,P0094742,M,0-17,6,A,3,0,8,4.0,7.0,656
1002263,P0075742,M,55+,10,C,1,0,10,18.0,,3129
1000898,P0040942,F,18-25,14,B,1,0,9,17.0,18.0,6398
1003633,P0022642,F,55+,20,C,0,1,16,12.0,,5059
1004568,P0027442,M,46-50,10,B,2,0,14,14.0,,19769
1003816,P0023342,F,26-35,6,B,3,1,10,4.0,,19311
1000247,P0016542,M,18-25,20,B,2,1,4,11.0,11.0,14268
1002430,P0049242,M,0-17,19,A,4+,1,10,2.0,6.0,19363
1000991,P0046442,M,0-17,19,B,2,0,15,13.0,12.0,5088
1003311,P0037842,M,51-55,3,C,4+,0,11,11.0,8.0,5521
1000927,P0085742,M,46-50,0,B,3,0,14,3.0,,16037
1003439,P0046242,M,36-45,20,A,1,0,15,10.0,14.0,5767
1002608,P0084842,M,46-50,1,A,4+,0,4,10.0,8.0,10745
1001075,P0027042,M,26-35,3,A,1,0,17,16.0,,480
1004023,P0015042,M,46-50,4,A,2,1,1,3.0,4.0,9343
1003800,P0042742,M,26-35,1,C,2,0,5,14.0,,4312
1004785,P0097042,F,51-55,1,A,3,0,18,12.0,17.0,19987
1003152,P0076442,M,51-55,17,C,1,0,17,7.0,14.0,11015
1003439,P0069142,M,51-55,13,A,3,1,10,16.0,9.0,10803
1004574,P0024442,M,36-45,2,A,4+,1,9,13.0,16.0,11334
1003492,P0037342,F,51-55,20,C,2,1,4,12.0,10.0,2884
1000707,P0025442,M,46-50,17,B,2,0,3,,12.0,2954
1003065,P0060742,M,0-17,9,C,2,0,18,18.0,,18735
1000754,P0094842,F,26-35,5,B,2,1,3,6.0,7.0,14685
1000588,P0046242,M,55+,1,C,2,1,8,9.0,11.0,3780
1001335,P0042442,M,26-35,19,B,4+,1,5,15.0,,3478
1001848,P0094742,M,0-17,10,A,4+,1,1,13.0,,19207
1003935,P0075442,M,55+,17,B,3,1,18,10.0,5.0,15319
1003927,P0039742,M,46-50,13,B,0,0,14,,,17565
1003318,P0059342,F,36-45,19,A,2,0,7,5.0,3.0,9029
1004021,P0064542,M,18-25,12,A,2,0,9,8.0,4.0,18163
1003156,P0040342,F,46-50,6,B,0,0,14,9.0,,5184
1004303,P0056642,M,51-55,20,B,3,1,16,3.0,,13376
1002199,P0033842,M,55+,19,C,4+,0,16,11.0,,18650
1000165,P0074942,M,46-50,9,A,2,1,6,12.0,16.0,4793
1001999,P0086542,M,26-35,18,A,3,1,7,7.0,10.0,18313
1003058,P0061642,M,26-35,12,A,0,1,1,,,5593
1002085,P0098342,F,36-45,1,C,4+,0,11,12.0,,18083
1004429,P0027542,M,51-55,19,C,4+,0,9,13.0,,14585
1000403,P0098442,M,55+,11,B,3,1,1,,14.0,12073
1000414,P0050942,M,36-45,7,C,1,0,18,7.0,14.0,19390
1000045,P0082542,M,36-45,17,C,1,0,10,14.0,,6306
1004158,P0046342,F,0-17,1,C,1,1,13,10.0,,507
1002468,P0012242,M,55+,15,A,0,0,5,9.0,,6421
1000868,P0041742,M,18-25,7,B,1,0,8,9.0,10.0,12612
1000019,P0062442,M,18-25,15,C,3,0,13,2.0,,14826
1000365,P0085242,M,55+,7,C,4+,1,16,18.0,7.0,10796
1003833,P0037542,M,51-55,12,C,3,0,7,13.0,13.0,3331
1000580,P0070342,M,36-45,5,A,3,0,8,,,18740
1000546,P0071942,F,26-35,0,B,2,0,18,18.0,10.0,1785
1004151,P0032842,F,18-25,1,B,0,0,9,,11.0,15869
1004874,P0076342,M,55+,6,C,4+,1,11,2.0,,11400
1003040,P0020742,M,55+,12,B,2,1,17,14.0,14.0,2833
1004138,P0090042,M,46-50,3,A,0,0,14,,,6714
1004045,P0027542,M,0-17,8,C,4+,1,2,17.0,9.0,6632
1004327,P0041942,F,26-35,18,B,2,0,15,8.0,15.0,14947
1000453,P0038542,F,0-17,19,C,1,1,18,4.0,12.0,1838
1003962,P0097542,M,46-50,2,A,3,0,5,15.0,17.0,6263
1001382,P0042842,M,18-25,1,C,1,1,1,15.0,,6125
1001468,P0097642,M,0-17,15,A,4+,0,16,7.0,,18173
1002739,P0085242,M,51-55,9,C,2,0,12,18.0,15.0,1391
1001217,P0075642,M,0-17,11,C,2,0,14,14.0,7.0,18637
1000881,P0045542,F,0-17,17,B,2,1,17,10.0,4.0,8764
1003815,P0011342,M,55+,1,B,3,1,1,11.0,6.0,5495
1003150,P0037442,M,46-50,13,A,2,0,14,6.0,,16429
1000085,P0017042,M,55+,11,A,0,0,15,12.0,17.0,12946
1004145,P0092642,M,26-35,19,A,0,0,12,12.0,,1473
1001169,P0029442,M,55+,7,B,0,1,17,,,14127
1004165,P0096442,F,26-35,6,C,1,0,9,12.0,,4666
1003130,P0091142,F,46-50,12,A,4+,1,3,17.0,,11444
1003646,P0097842,F,55+,14,C,1,1,12,14.0,13.0,17127
1002527,P0062242,M,0-17,13,C,1,0,13,6.0,15.0,2852
1002868,P0020542,M,0-17,4,B,3,0,2,2.0,,13704
1003517,P0086942,F,36-45,7,B,1,0,15,16.0,18.0,11543
1003368,P0099242,M,51-55,17,C,3,1,2,18.0,16.0,19530
1002195,P0029542,F,18-25,4,A,0,0,5,,8.0,19819
1003556,P0024442,F,18-25,8,B,0,0,9,15.0,18.0,8904
1000446,P0083142,M,26-35,9,C,1,1,14,10.0,10.0,12806
1003627,P0044942,M,46-50,16,B,1,1,13,11.0,17.0,5410
1004017,P0052342,M,0-17,2,C,0,0,4,17.0,14.0,4032
1003876,P0057042,M,55+,0,B,2,0,8,5.0,5.0,18827
1003338,P0078542,M,51-55,6,A,0,1,7,11.0,,767
1000262,P0031542,F,18-25,14,A,2,1,17,3.0,17.0,4248
1001849,P0019242,F,46-50,18,B,0,0,6,4.0,,18374
1004993,P0035942,M,46-50,7,B,4+,1,8,6.0,,18003
1004026,P0067442,M,0-17,10,B,3,1,8,14.0,15.0,8673
1002267,P0064042,M,51-55,1,A,3,0,13,,,1364
1000092,P0088642,M,46-50,19,B,4+,0,8,9.0,,7007
1004223,P0095842,M,18-25,1,A,2,1,5,12.0,,1476
1004176,P0038442,M,36-45,10,B,1,0,9,13.0,9.0,15900
1003310,P0058342,M,18-25,19,B,1,1,2,7.0,9.0,17629
1000983,P0047142,M,51-55,16,C,3,1,3,15.0,13.0,18626
1003444,P0016942,M,36-45,9,A,1,1,4,6.0,3.0,12303
1002534,P0047842,M,55+,4,B,2,1,7,5.0,12.0,5281
1000694,P0037842,M,55+,2,A,1,1,9,6.0,6.0,13237
1004121,P0084242,M,46-50,8,C,0,0,6,11.0,,14391
1000156,P0040142,M,18-25,19,A,4+,0,3,7.0,,14315
1003589,P0035442,F,0-17,1,A,3,1,14,10.0,7.0,16577
1001813,P0078342,M,51-55,18,A,1,1,13,9.0,10.0,10608
1004115,P0079142,M,46-50,16,A,2,0,13,18.0,17.0,18249
1001408,P0036342,M,0-17,11,A,1,0,1,6.0,9.0,18167
1001217,P0079442,M,36-45,19,A,4+,0,15,8.0,4.0,9389
1001411,P0093342,M,55+,8,A,0,0,5,,,14053
1003498,P0081642,F,26-35,3,B,3,1,2,6.0,5.0,11454
1004373,P0052342,M,26-35,17,B,3,1,5,17.0,,7824
1004841,P0086042,M,36-45,15,A,2,0,17,4.0,6.0,9633
1000552,P0031242,M,26-35,20,A,0,1,1,13.0,3.0,11799
1003395,P0077042,F,51-55,9,B,1,1,4,3.0,17.0,5999
1001177,P0019942,F,46-50,11,C,1,0,15,10.0,10.0,6754
1004735,P0092842,M,46-50,10,B,2,1,15,,6.0,3331
1004333,P0021142,M,51-55,4,C,0,1,16,14.0,,923
1000998,P0040742,M,18-25,19,A,2,1,13,6.0,,9882
1004077,P0077742,M,46-50,10,A,4+,0,14,18.0,13.0,16863
1002732,P0057442,M,55+,15,B,4+,0,2,15.0,5.0,13414
1003938,P0064742,M,26-35,14,B,1,1,10,,14.0,9754
1004053,P0021142,M,55+,5,B,4+,0,5,6.0,5.0,7925
1000373,P0018642,F,51-55,12,A,2,0,3,4.0,,17027
1002249,P0028242,F,0-17,15,B,3,1,11,14.0,8.0,18767
1000849,P0069642,M,18-25,2,B,4+,0,13,,3.0,4662
1002557,P0088042,M,0-17,17,C,2,0,2,17.0,8.0,14211
1002323,P0026442,M,55+,0,A,3,1,7,10.0,18.0,6064
1000504,P0091442,M,26-35,16,A,3,1,3,10.0,,9885
1003190,P0018942,F,55+,19,A,4+,0,13,8.0,16.0,567
1000703,P0055442,M,0-17,5,B,0,0,6,,14.0,7223
1003626,P0033742,M,26-35,8,A,4+,1,9,18.0,,9243
1000315,P0063342,M,46-50,3,B,4+,1,2,7.0,7.0,4396
1002377,P0077842,M,18-25,6,C,0,1,12,8.0,7.0,8568
1001041,P0082642,M,36-45,10,A,4+,0,15,16.0,12.0,15979
1004379,P0015742,F,26-35,2,C,2,0,16,10.0,,6534
1002991,P0064142,F,51-55,15,C,0,1,3,14.0,10.0,15509
1000258,P0071742,M,51-55,5,A,2,1,14,5.0,14.0,7017
1000575,P0050142,F,46-50,6,A,3,0,1,18.0,,9725
1004670,P0094142,F,51-55,11,B,0,0,16,13.0,,7166
1001553,P0077842,M,0-17,6,C,3,1,6,18.0,,7970
1004519,P0096142,M,46-50,18,C,1,0,15,16.0,7.0,2101
1000758,P0076542,M,51-55,15,B,1,0,15,10.0,15.0,13018
1002811,P0093842,M,0-17,17,A,2,0,3,15.0,,6687
1001105,P0061842,M,0-17,9,C,3,1,4,3.0,,15480
1004525,P0029642,M,0-17,0,B,3,1,17,10.0,16.0,2692
1003460,P0093242,M,51-55,7,C,0,0,13,10.0,,14539
1003993,P0014542,M,0-17,2,C,1,1,2,10.0,4.0,12261
1000204,P0062942,M,55+,15,B,2,1,1,4.0,7.0,831
1002776,P0049642,M,18-25,2,C,2,1,6,11.0,11.0,6239
1002333,P0076442,M,51-55,1,B,0,0,5,17.0,,18193
1001993,P0087542,M,0-17,11,B,0,1,6,8.0,,8216
1002244,P0017342,M,18-25,7,C,2,1,18,18.0,16.0,2190
1000307,P0051542,M,55+,18,C,0,0,1,13.0,,9463
1001688,P0075642,F,36-45,17,A,3,0,13,16.0,17.0,16633
1004110,P0071342,M,18-25,19,A,2,1,6,,,7990
1001861,P0043442,M,51-55,14,C,4+,1,12,11.0,,466
1001962,P0094642,M,51-55,16,A,1,1,10,18.0,,10758
1000723,P0073242,M,0-17,17,A,1,0,3,4.0,9.0,3472
1000780,P0078742,M,55+,17,B,4+,1,15,17.0,12.0,15463
1000529,P0067442,M,55+,8,C,4+,0,14,18.0,13.0,18674
1004894,P0039542,F,55+,4,A,3,0,4,,3.0,12128
1000344,P0018342,M,51-55,10,A,2,0,7,3.0,8.0,19899
1003787,P0011442,M,36-45,3,A,0,1,10,4.0,,2093
1003683,P0096642,M,55+,9,C,1,1,14,2.0,16.0,7110
1000209,P0023342,M,46-50,3,B,4+,1,2,12.0,,11607
1004737,P0057742,M,18-25,2,C,2,0,1,5.0,3.0,4291
1003407,P0073242,M,46-50,15,B,0,0,16,13.0,12.0,11827
1001312,P0041842,F,36-45,20,A,1,1,16,,,9396
1002300,P0049142,F,18-25,10,C,2,1,13,8.0,6.0,6416
1003337,P0057842,M,0-17,8,B,1,0,1,2.0,15.0,9387
1001948,P0073942,M,18-25,0,A,3,1,6,,3.0,8594
1000920,P0046742,F,0-17,9,A,1,1,4,14.0,7.0,7689
1002045,P0046642,M,26-35,11,C,3,0,2,6.0,,8252
1000419,P0038742,F,18-25,1,B,3,0,7,15.0,17.0,5136
1001750,P0091242,M,18-25,14,A,3,1,14,14.0,,596
1002843,P0047742,F,46-50,19,A,0,0,1,9.0,5.0,13232
1001100,P0079142,F,46-50,15,A,0,0,10,6.0,8.0,5904
1003393,P0056242,M,36-45,1,B,3,1,6,,7.0,17289
1002773,P0069342,M,0-17,12,B,2,0,8,14.0,9.0,13825
1002481,P0011242,M,51-55,17,A,3,1,9,2.0,9.0,18870
1001546,P0063542,M,46-50,18,B,2,0,11,4.0,17.0,7369
1001071,P0026742,M,55+,10,A,1,1,6,6.0,,5218
1001851,P0036942,M,36-45,13,A,0,0,8,18.0,16.0,18825
1004199,P0016942,M,0-17,2,B,2,0,16,11.0,10.0,6477
1002940,P0041742,M,0-17,8,B,2,0,17,3.0,,4803
1001904,P0047542,M,0-17,4,C,2,1,7,7.0,16.0,16326
1000679,P0018842,M,26-35,13,C,4+,0,8,,18.0,5431
1000989,P0080042,F,0-17,6,B,0,0,8,17.0,8.0,6583
1002476,P0035642,M,36-45,11,B,4+,0,10,2.0,,5011
1001608,P0031642,M,0-17,20,B,1,0,9,18.0,11.0,8551
1002870,P0054942,M,51-55,17,B,2,1,10,5.0,12.0,7915
1001503,P0099342,M,51-55,10,A,0,0,17,8.0,16.0,13807
1001790,P0064342,M,0-17,8,A,0,0,9,4.0,4.0,13252
1001426,P0024042,M,36-45,10,C,0,0,14,2.0,7.0,8995
1002441,P0026042,F,18-25,17,B,2,0,2,12.0,,7971
1002043,P0013142,M,0-17,1,C,3,1,3,7.0,,10975
1001279,P0092342,F,36-45,19,B,3,0,9,9.0,6.0,15330
1002595,P0025142,M,46-50,12,B,3,1,18,5.0,17.0,14694
1004690,P0095842,M,36-45,14,B,4+,1,18,18.0,4.0,12075
1002437,P0035942,M,26-35,7,A,2,1,11,5.0,4.0,3192
1003804,P0082742,F,46-50,4,C,1,0,9,12.0,,795
1002206,P0037842,M,51-55,4,B,4+,1,12,11.0,14.0,13279
1001028,P0038442,F,51-55,6,C,0,0,8,,,3278
1003540,P0070942,M,18-25,11,C,3,1,18,,14.0,12833
1003484,P0064142,M,18-25,19,A,0,0,8,,,684
1002242,P0070142,M,36-45,11,A,4+,0,4,16.0,18.0,3658
1002766,P0024742,M,36-45,8,B,3,0,6,10.0,13.0,12318
1001174,P0075542,M,0-17,3,C,2,1,16,4.0,16.0,4914
1003231,P0016642,M,55+,7,A,3,0,13,,,10291
1003351,P0096842,M,55+,18,C,3,1,16,16.0,4.0,18483
1004912,P0066942,M,0-17,0,C,3,0,18,4.0,16.0,2287
1000404,P0089242,M,51-55,10,B,4+,0,8,3.0,4.0,14477
1004989,P0037842,M,26-35,12,C,3,0,1,15.0,16.0,13880
1002726,P0084742,M,55+,17,A,4+,1,6,,18.0,4509
1003383,P0054242,M,0-17,20,B,0,1,18,6.0,,15935
1004164,P0099642,F,51-55,19,B,2,0,2,10.0,,923
1000088,P0096442,F,36-45,9,B,3,0,8,,3.0,18170
1001159,P0049842,M,55+,12,A,4+,0,6,,4.0,15742
1004274,P0022742,M,36-45,11,B,3,0,6,15.0,,11611
1002858,P0043642,M,0-17,12,C,3,0,14,11.0,7.0,9301
1001382,P0058142,F,55+,1,B,3,0,3,9.0,16.0,4592
1004682,P0082042,F,26-35,2,A,1,1,18,9.0,8.0,11532
1002065,P0028542,M,51-55,16,A,2,0,5,12.0,,10946
1002375,P0026842,F,36-45,20,B,2,1,16,15.0,,1524
1000318,P0078342,M,51-55,18,C,4+,1,18,12.0,13.0,19506
1001503,P0035942,M,26-35,11,A,0,0,9,6.0,8.0,17675
1002043,P0081642,F,36-45,15,A,0,0,1,17.0,,11857
1004599,P0074642,F,51-55,19,A,0,1,11,11.0,11.0,5537
1002023,P0065742,F,26-35,19,B,3,1,8,13.0,17.0,11626
1000119,P0060642,M,26-35,9,A,4+,1,8,17.0,,15764
1000710,P0062042,M,26-35,14,A,3,0,13,9.0,6.0,5920
1003558,P0057042,F,0-17,7,A,1,0,8,,4.0,1329
1004141,P0026042,M,18-25,18,B,4+,1,16,12.0,15.0,1978
1004410,P0038842,M,51-55,4,A,4+,1,18,16.0,6.0,3620
1003251,P0043942,M,26-35,11,A,4+,0,9,17.0,5.0,4398
1000418,P0093242,F,51-55,9,B,1,1,12,9.0,5.0,10380
1002604,P0060142,F,26-35,13,B,4+,0,3,7.0,,16374
1003855,P0020542,M,51-55,11,C,1,0,1,,,988
1001102,P0090142,M,36-45,12,A,0,1,9,8.0,,5518
1004422,P0057442,M,51-55,20,B,4+,0,8,4.0,,8841
1003429,P0095242,M,55+,20,C,3,0,13,11.0,,1103
1002262,P0069942,M,18-25,16,A,2,1,17,18.0,,1584
1004170,P0056242,M,36-45,0,B,1,0,7,7.0,6.0,9812
1003635,P0058242,F,36-45,9,B,0,0,15,11.0,18.0,12355
1000509,P0080342,F,26-35,4,A,0,1,14,9.0,,11300
1002380,P0025242,M,46-50,10,A,2,0,16,2.0,,1465
1003165,P0092242,F,55+,9,C,4+,0,17,4.0,11.0,16532
1000688,P0074842,M,18-25,5,A,3,0,16,17.0,17.0,13275
1004753,P0088442,M,36-45,14,A,2,1,18,,13.0,4557
1001293,P0024842,F,46-50,8,A,4+,0,14,2.0,16.0,1482
1003906,P0028742,M,46-50,7,B,4+,1,6,,15.0,11027
1003076,P0075242,F,36-45,5,C,1,0,15,16.0,,18416
1003210,P0023042,M,26-35,5,C,3,1,5,15.0,,15559
1000325,P0055142,F,0-17,16,C,3,1,17,10.0,12.0,17170
1001994,P0061542,M,36-45,11,B,1,0,1,8.0,10.0,2680
1003977,P0059042,M,26-35,6,A,4+,1,13,10.0,,7131
1004813,P0057542,M,18-25,4,B,4+,0,7,14.0,,6963
1002771,P0036242,M,26-35,15,C,3,0,5,,3.0,13036
1004373,P0063742,M,46-50,5,A,3,1,9,6.0,15.0,4540
1002584,P0055842,M,55+,7,A,3,0,4,,,6579
1003558,P0063542,F,55+,2,C,3,1,7,6.0,,4141
1003588,P0087742,F,18-25,7,A,4+,0,13,18.0,16.0,11692
1000152,P0084042,F,55+,6,B,3,1,8,15.0,,10623
1000955,P0088042,F,18-25,16,C,4+,1,4,16.0,,4048
1004355,P0073642,F,0-17,18,B,1,0,8,18.0,12.0,11593
1002372,P0078342,M,0-17,19,A,0,0,16,2.0,,5165
1004965,P0084542,F,36-45,13,C,1,0,13,16.0,9.0,7551
1001192,P0039442,F,55+,5,A,1,0,10,,,16941
1000688,P0053442,M,26-35,6,C,2,1,14,11.0,,15108
1000310,P0037442,M,36-45,4,C,1,0,10,12.0,,17299
1001503,P0068742,M,0-17,18,C,2,1,13,4.0,12.0,9783
1003128,P0040742,F,46-50,20,C,2,1,8,8.0,4.0,2339
1004569,P0082542,M,0-17,6,C,2,0,5,14.0,8.0,9154
1003368,P0047542,F,26-35,8,A,1,0,13,4.0,,5994
1003396,P0025742,M,46-50,11,C,0,1,2,8.0,,19134
1000814,P0091342,M,55+,14,B,2,1,16,8.0,,9713
1000846,P0030342,F,36-45,14,C,3,0,14,18.0,,16747
1001165,P0076042,M,36-45,20,B,3,0,17,12.0,3.0,16742
1004763,P0017442,M,0-17,15,A,4+,1,3,13.0,,4855
1001768,P0047942,M,0-17,19,C,3,0,16,7.0,,10800
1000355,P0084042,F,55+,14,C,3,1,9,8.0,11.0,6375
1001873,P0040342,M,51-55,4,B,2,1,7,11.0,,5049
1002025,P0016142,M,36-45,11,C,1,1,2,18.0,3.0,8342
1002818,P0066942,M,55+,3,A,3,0,11,8.0,12.0,2742
1003833,P0088542,M,36-45,2,A,1,1,11,8.0,8.0,9315
1004276,P0020742,M,18-25,0,C,0,0,14,13.0,,9786
1000066,P0028642,F,26-35,12,B,3,0,16,18.0,,15491
1004916,P0032842,M,18-25,4,A,0,1,8,12.0,13.0,9344
1004267,P0014742,F,18-25,11,C,0,1,15,4.0,,6594
1004091,P0093042,M,36-45,1,B,4+,0,16,,4.0,14264
1002522,P0036742,M,51-55,5,B,1,0,2,11.0,8.0,7445
1002582,P0082642,F,55+,4,A,1,0,4,17.0,13.0,14737
1001391,P0090142,M,55+,17,C,4+,0,1,2.0,6.0,2669
1001131,P0035342,M,26-35,4,A,2,1,7,18.0,,2887
1002487,P0096942,F,36-45,17,B,4+,0,11,3.0,17.0,6207
1000835,P0018642,M,18-25,15,A,4+,0,18,,7.0,16951
1000227,P0028042,F,18-25,16,C,4+,0,5,,9.0,19559
1003516,P0012442,M,55+,1,A,0,1,5,7.0,12.0,15643
1004538,P0048742,M,55+,16,B,1,0,17,6.0,,19348
1002444,P0032142,F,36-45,9,A,2,0,4,17.0,10.0,9102
1000728,P0049642,M,0-17,2,B,3,0,9,5.0,10.0,19601
1003687,P0061042,M,0-17,13,B,3,0,14,,18.0,12520
1003623,P0066042,M,36-45,18,B,3,0,9,2.0,4.0,1589
1001037,P0094542,M,46-50,11,A,2,1,13,15.0,,12355
1001833,P0053942,M,46-50,0,C,3,0,16,7.0,16.0,10146
1002741,P0027442,M,0-17,6,B,2,1,13,18.0,13.0,1852
1000493,P0041042,M,26-35,6,A,3,1,9,9.0,12.0,2703
1001549,P0037342,M,51-55,12,B,3,0,12,10.0,8.0,12299
1001144,P0013442,M,18-25,8,A,2,0,12,4.0,9.0,13799
1003958,P0031642,M,55+,4,B,1,1,10,14.0,15.0,17661
1003408,P0082042,M,26-35,3,A,2,1,2,11.0,7.0,4068
1000640,P0077142,M,55+,4,B,2,1,5,2.0,17.0,17817
1000173,P0050742,F,0-17,19,B,4+,1,11,16.0,,11744
1004355,P0061842,M,36-45,11,B,0,1,2,4.0,14.0,17797
1003960,P0036842,M,46-50,7,C,0,0,10,12.0,5.0,16469
1000517,P0073742,M,0-17,12,A,1,0,8,12.0,,9652
1000523,P0057442,M,26-35,3,C,1,0,10,7.0,,6460
1001918,P0097942,M,26-35,19,A,1,1,11,6.0,,15487
1002887,P0042442,F,51-55,10,B,0,0,9,8.0,12.0,3659
1002165,P0045542,M,55+,14,A,1,0,7,9.0,3.0,4473
1001930,P0018942,M,0-17,13,A,1,1,12,,13.0,12727
1003946,P0014142,M,18-25,17,B,2,0,7,15.0,14.0,3729
1002210,P0046442,M,26-35,19,B,2,1,16,,,15372
1003784,P0077042,M,18-25,0,B,0,1,16,3.0,,5684
1002591,P0030142,M,18-25,0,A,2,1,15,2.0,13.0,17681
1004935,P0046542,F,55+,10,B,1,0,14,3.0,,10727
1004077,P0089342,M,36-45,19,B,2,1,13,,5.0,17565
1001094,P0094342,M,0-17,5,A,4+,0,3,18.0,,6385
1003881,P0038742,M,0-17,4,C,2,1,13,10.0,,4439
1002495,P0070242,M,18-25,12,A,0,0,7,10.0,16.0,5342
1002580,P0058042,M,36-45,9,A,1,1,2,10.0,,7121
1002489,P0073642,F,26-35,5,A,1,0,10,,,9524
1002786,P0060042,M,26-35,3,B,0,1,15,7.0,7.0,13266
1002759,P0073742,M,0-17,3,A,2,0,3,16.0,16.0,862
1001575,P0015142,M,55+,6,C,1,0,6,4.0,14.0,10129
1002374,P0020242,M,55+,15,A,1,0,14,7.0,15.0,2617
1003991,P0046042,M,18-25,0,A,4+,1,4,13.0,7.0,17611
1004846,P0052342,F,36-45,8,B,0,1,15,13.0,12.0,3746
1001094,P0079842,M,36-45,18,B,2,0,5,13.0,15.0,1740
1001190,P0030442,M,26-35,19,C,2,0,6,4.0,,17457
1002690,P0011342,M,26-35,14,A,1,0,18,17.0,13.0,11354
1004096,P0071542,M,55+,8,A,3,1,6,16.0,,9225
1001876,P0072842,M,46-50,20,A,4+,0,4,15.0,18.0,7910
1003407,P0056942,M,46-50,19,A,4+,1,12,4.0,,17034
1001788,P0056542,M,18-25,0,A,4+,0,14,6.0,13.0,17833
1003933,P0040342,M,46-50,0,A,1,1,7,,,18460
1001608,P0070442,M,36-45,15,B,0,0,2,11.0,3.0,376
1003749,P0052642,M,46-50,4,C,0,1,2,10.0,,18344
1000049,P0075542,M,0-17,20,A,4+,1,4,,,13281
1003862,P0020942,M,0-17,8,A,3,0,3,7.0,13.0,4477
1002181,P0077442,M,51-55,0,B,3,0,2,18.0,,4170
1003047,P0066442,M,26-35,18,A,2,0,6,10.0,,4570
1002834,P0061442,F,26-35,15,B,3,0,14,14.0,4.0,9555
1001398,P0016742,M,55+,2,C,4+,0,8,9.0,,16498
1003827,P0034542,M,18-25,3,A,2,1,11,,,9931
1004575,P0048842,M,0-17,11,C,4+,1,15,4.0,8.0,15289
1000832,P0074942,M,51-55,6,A,0,1,14,6.0,,17552
1002698,P0040742,F,18-25,14,C,4+,0,4,6.0,8.0,3580
1004778,P0045142,M,18-25,14,C,2,1,10,7.0,18.0,5845
1002736,P0089842,F,55+,4,A,4+,0,8,11.0,12.0,9010
1000082,P0016542,M,46-50,1,C,1,1,5,4.0,16.0,15078
1000087,P0055942,M,26-35,11,B,2,1,18,2.0,10.0,18102
1002064,P0044642,M,18-25,18,B,3,0,17,13.0,13.0,1434
1000822,P0042442,M,18-25,4,C,0,0,5,12.0,15.0,11574
1000163,P0076642,F,26-35,2,C,3,0,3,8.0,15.0,8875
1003740,P0069842,M,55+,5,B,4+,1,10,5.0,,14776
1002398,P0013242,F,26-35,12,A,3,1,4,4.0,,19755
1001933,P0016742,M,0-17,19,B,2,1,5,,6.0,11175
1002729,P0028642,M,26-35,14,C,1,0,1,10.0,,8792
1003536,P0029142,F,46-50,3,B,3,1,4,,17.0,8030
1003447,P0031242,M,0-17,19,A,4+,1,1,8.0,18.0,13787
1002791,P0069942,M,55+,6,B,3,1,15,14.0,9.0,15623
1002708,P0052742,F,51-55,17,A,3,0,3,13.0,10.0,14441
1003934,P0045042,M,18-25,20,C,2,1,10,5.0,6.0,2970
1003386,P0020742,M,46-50,20,B,4+,1,5,11.0,,4768
1000923,P0033942,F,46-50,6,B,4+,1,11,11.0,15.0,18688
1002176,P0031542,M,0-17,11,A,1,1,17,12.0,5.0,17105
1001583,P0027642,M,18-25,10,B,2,0,9,8.0,14.0,17687
1000565,P0066442,M,0-17,11,B,2,1,13,6.0,11.0,17654
1003259,P0042942,M,36-45,14,A,0,0,14,10.0,,7633
1002598,P0066042,M,36-45,7,B,1,1,9,,7.0,1141
1002501,P0098042,M,0-17,10,A,1,0,17,13.0,,6185
1004567,P0072542,F,18-25,20,C,4+,1,7,11.0,,12369
1000988,P0054942,M,55+,17,B,4+,0,16,5.0,12.0,5506
1003637,P0070642,F,18-25,9,A,1,1,13,,7.0,105
1000224,P0054642,F,26-35,7,A,2,1,14,15.0,,17765
1000351,P0063642,F,55+,5,B,0,1,18,,5.0,7699
1001929,P0074342,M,46-50,2,A,4+,1,11,5.0,5.0,6543
1000349,P0027842,M,0-17,19,C,0,0,2,9.0,,13396
1004278,P0049442,M,55+,11,C,1,0,6,8.0,8.0,19006
1004733,P0024442,M,46-50,16,B,2,0,5,8.0,,18366
1001018,P0097542,M,55+,2,C,0,1,3,2.0,11.0,3803
1002227,P0029742,F,46-50,19,B,3,0,7,12.0,5.0,17867
1004868,P0093642,M,36-45,17,B,1,1,3,14.0,18.0,17475
1004125,P0018342,M,36-45,11,A,2,0,13,2.0,,18299
1002420,P0076842,M,51-55,15,A,1,1,2,,16.0,15571
1001894,P0018442,F,55+,9,A,1,1,2,6.0,11.0,18049
1003041,P0055642,F,55+,18,A,0,1,18,4.0,,11012
1002069,P0057542,M,0-17,8,B,0,1,4,5.0,,18150
1001126,P0035242,M,51-55,13,A,3,1,17,10.0,16.0,11685
1003118,P0098642,F,0-17,19,A,4+,0,11,3.0,15.0,19322
1004162,P0017142,M,18-25,13,C,3,1,7,18.0,,9301
1004043,P0032242,M,0-17,3,B,2,0,2,15.0,,13595
1004434,P0037542,M,55+,14,C,2,0,15,11.0,16.0,14698
1002171,P0089442,M,18-25,19,C,1,1,14,12.0,4.0,6354
1000447,P0087542,M,18-25,1,C,0,1,14,10.0,15.0,15934
1002659,P0034542,F,0-17,17,A,1,0,6,16.0,,4532
1003363,P0044042,M,18-25,1,B,4+,0,5,,,14086
1002719,P0067242,M,46-50,17,C,1,1,14,13.0,10.0,18419
1003484,P0057042,M,18-25,7,C,2,0,4,13.0,,4502
1002945,P0055342,M,46-50,9,B,2,0,14,12.0,4.0,15128
1004377,P0087042,F,46-50,19,A,3,0,5,,11.0,6551
1000596,P0010642,F,46-50,3,C,1,1,12,14.0,10.0,18361
1001987,P0028742,M,26-35,9,B,0,0,13,,5.0,4394
1002751,P0010342,F,51-55,9,A,4+,1,12,13.0,,11355
1001075,P0084242,M,55+,2,A,4+,0,17,15.0,12.0,16904
1003970,P0074442,M,26-35,20,A,0,0,18,15.0,8.0,18282
1004306,P0022442,F,55+,3,A,4+,1,12,10.0,6.0,15098
1004222,P0011442,M,55+,9,A,0,1,9,4.0,,9956
1004588,P0062442,M,18-25,6,B,0,1,15,10.0,6.0,2907
1003581,P0072942,M,51-55,11,A,3,1,9,,,12620
1003008,P0033942,M,55+,6,C,1,0,13,15.0,15.0,2910
1000970,P0087442,M,51-55,12,B,2,0,15,,3.0,8114
1000581,P0045942,M,51-55,7,C,2,0,12,7.0,,5856
1002825,P0061742,F,0-17,12,C,1,0,10,11.0,16.0,13346
1004002,P0041942,F,18-25,0,A,4+,0,3,16.0,10.0,6806
1001212,P0033042,F,26-35,15,A,0,0,10,4.0,9.0,8443
1000230,P0012942,M,51-55,18,B,2,0,18,3.0,10.0,4624
1004285,P0063342,M,55+,18,B,3,1,10,17.0,8.0,4047
1003186,P0025542,M,51-55,20,C,4+,0,4,15.0,9.0,15509
1000502,P0072942,M,55+,12,A,3,1,3,11.0,12.0,17070
1002133,P0095142,F,36-45,6,A,2,0,18,3.0,16.0,17021
1000049,P0080442,F,51-55,14,C,1,0,17,14.0,,8751
1003567,P0049842,M,51-55,5,A,1,0,5,15.0,10.0,12488
1003056,P0044542,M,36-45,3,B,3,0,10,8.0,6.0,16264
1000689,P0029442,M,18-25,19,C,4+,1,2,3.0,3.0,18252
1000387,P0026742,M,26-35,10,A,2,0,1,12.0,12.0,9278
1000970,P0047642,M,46-50,20,C,0,0,16,11.0,,8371
1003461,P0058842,F,26-35,18,A,1,0,10,7.0,11.0,15946
1001006,P0085042,M,18-25,1,A,3,0,3,13.0,8.0,19602
1003053,P0046142,M,26-35,16,A,2,0,4,14.0,,16256
1003418,P0058142,M,36-45,14,B,4+,0,1,,,3945
1002303,P0034342,M,51-55,19,C,0,1,12,17.0,,4973
1002284,P0068042,F,51-55,17,B,0,1,13,18.0,17.0,11332
1001608,P0070642,M,46-50,11,B,1,1,8,5.0,16.0,7411
1004367,P0068842,M,18-25,2,C,0,1,5,11.0,,8233
1000123,P0027042,M,51-55,16,C,2,1,12,6.0,18.0,18417
1001281,P0061242,M,18-25,13,A,1,1,4,5.0,15.0,5922
1003728,P0050542,M,0-17,5,A,1,1,15,12.0,8.0,8799
1000259,P0067342,M,55+,3,C,1,0,13,7.0,12.0,5322
1000948,P0030642,M,46-50,20,A,2,1,13,6.0,17.0,3766
1004959,P0025342,M,55+,7,A,3,1,3,16.0,17.0,5586
1000525,P0088542,M,18-25,19,C,0,1,8,2.0,14.0,870
1000888,P0014742,M,26-35,2,B,0,1,6,17.0,,7759
1000208,P0074842,M,26-35,7,C,3,0,17,,6.0,16927
1003383,P0010042,M,26-35,12,C,1,1,11,16.0,,10722
1002795,P0084642,F,26-35,18,B,4+,1,7,5.0,,9423
1000149,P0086742,M,18-25,14,A,2,1,15,16.0,,15752
1000438,P0050642,M,36-45,6,B,1,1,4,12.0,3.0,2515
1002203,P0020642,F,46-50,2,B,1,0,8,14.0,,6916
1003750,P0027242,M,26-35,18,C,1,0,2,9.0,,10041
1003162,P0060542,M,18-25,9,A,0,1,11,5.0,3.0,17234
1003902,P0022942,M,51-55,15,A,0,0,8,2.0,14.0,13660
1004454,P0049742,M,51-55,13,B,4+,1,5,16.0,10.0,13348
1003246,P0039342,M,18-25,7,C,2,0,18,10.0,9.0,3984
1004552,P0065142,F,26-35,10,B,1,0,6,6.0,6.0,18083
1002824,P0054642,M,0-17,18,A,0,0,5,14.0,9.0,5279
1004725,P0094942,F,18-25,1,A,3,0,13,17.0,,5662
1003271,P0011542,M,46-50,4,C,0,1,12,12.0,,1430
1000486,P0073842,M,46-50,10,C,1,0,9,17.0,11.0,15797
1000200,P0098442,F,0-17,6,B,1,1,5,8.0,10.0,11232
1004467,P0044842,M,51-55,7,C,0,1,17,15.0,10.0,12595
1001983,P0030242,M,51-55,16,B,3,0,18,14.0,16.0,5510
1001472,P0023342,M,18-25,11,C,3,0,3,5.0,4.0,7583
1004344,P0087042,F,0-17,17,B,1,0,15,16.0,17.0,17610
1004884,P0062542,M,18-25,6,A,0,1,17,17.0,,19201
1002312,P0060742,M,18-25,8,A,2,1,9,15.0,15.0,10897
1003374,P0016542,M,0-17,18,A,2,0,4,9.0,12.0,11624
1002079,P0057942,M,51-55,13,A,1,1,9,12.0,3.0,5285
1001522,P0096242,F,55+,18,A,3,0,4,10.0,16.0,12176
1000605,P0055842,M,36-45,19,A,2,0,3,2.0,6.0,16996
1003849,P0044142,M,26-35,17,C,0,0,9,2.0,14.0,14306
1003343,P0080642,M,26-35,14,C,4+,0,11,5.0,10.0,16026
1001418,P0072542,M,26-35,20,C,4+,1,11,,9.0,8466
1004598,P0025842,M,0-17,20,B,3,0,8,14.0,,18170
1003876,P0026042,M,18-25,3,C,4+,1,2,9.0,,1395
1002934,P0035342,F,55+,12,C,0,1,16,14.0,5.0,14449
1000549,P0099642,M,55+,4,B,1,1,2,3.0,10.0,17757
1000839,P0062642,M,18-25,11,B,1,0,5,4.0,,2409
1003816,P0064842,M,46-50,16,A,0,1,9,3.0,,2407
1000848,P0025442,M,55+,9,C,1,0,2,18.0,16.0,11142
1004710,P0058542,M,18-25,11,C,0,1,9,,,18778
1004508,P0053142,M,51-55,5,B,0,0,11,6.0,12.0,12584
1004774,P0012642,F,36-45,19,A,4+,0,8,11.0,4.0,16124
1004255,P0011142,M,26-35,19,C,4+,1,7,4.0,,10185
1004469,P0016642,M,55+,11,B,3,1,6,,13.0,18591
1002273,P0064142,M,51-55,12,B,4+,1,15,5.0,3.0,1923
1003321,P0019542,M,51-55,20,C,1,0,15,12.0,,13367
1002559,P0031442,M,55+,16,B,4+,0,7,13.0,9.0,13984
1004699,P0029342,M,55+,19,B,0,0,8,11.0,5.0,2292
1004312,P0074642,M,36-45,9,C,4+,1,17,3.0,,14614
1001997,P0038942,M,26-35,18,A,1,0,2,15.0,9.0,17138
1003674,P0064342,F,55+,4,C,3,0,9,,16.0,7521
1001565,P0098442,M,0-17,4,A,2,0,2,3.0,18.0,4206
1004019,P0013842,M,36-45,7,B,0,0,13,16.0,,17067
1001841,P0096342,F,51-55,16,C,1,1,12,18.0,12.0,17062
1003292,P0030542,M,55+,2,C,1,0,4,5.0,15.0,17289
1002888,P0099842,M,18-25,20,A,2,1,8,,10.0,11316
1000727,P0065442,M,26-35,15,B,3,0,13,7.0,14.0,11459
1001245,P0058342,M,46-50,18,C,0,0,14,8.0,3.0,15124
1003461,P0043642,M,36-45,5,C,3,0,7,13.0,,4390
1003719,P0059542,M,51-55,9,B,2,1,1,18.0,4.0,9015
1001066,P0087042,M,0-17,15,A,0,0,11,11.0,9.0,3105
1004772,P0034842,M,51-55,12,C,4+,1,17,12.0,,754
1000283,P0017342,M,46-50,2,B,3,0,17,14.0,,19344
1001082,P0047242,M,55+,7,C,4+,1,15,17.0,,5772
1003886,P0093042,F,55+,19,C,0,0,10,14.0,15.0,19433
1002882,P0097842,F,0-17,7,C,2,1,16,5.0,,2516
1002585,P0090742,M,26-35,6,A,4+,1,5,14.0,,225
1002971,P0088542,M,36-45,10,B,4+,0,2,6.0,,6340
1001153,P0093442,M,0-17,19,C,1,0,7,10.0,11.0,5809
1003498,P0097042,F,46-50,2,C,0,1,3,,4.0,15903
1000948,P0080142,F,51-55,20,C,2,0,15,4.0,16.0,15698
1004761,P0023742,M,46-50,20,A,1,0,11,9.0,3.0,3868
1001718,P0055642,M,18-25,6,C,3,0,1,13.0,,12589
1000067,P0091342,F,0-17,10,B,2,1,16,,17.0,2638
1000637,P0092242,M,36-45,16,A,1,1,11,17.0,18.0,7216
1000314,P0094242,M,36-45,17,B,3,0,7,10.0,4.0,13628
1003398,P0054342,M,51-55,8,C,2,0,18,11.0,17.0,6140
1000565,P0045242,M,51-55,12,C,1,1,10,18.0,7.0,7661
1001602,P0089342,M,55+,14,A,2,0,8,,13.0,7144
1000826,P0051042,M,51-55,18,C,4+,0,2,12.0,10.0,14847
1003671,P0077742,M,18-25,14,B,1,1,7,5.0,9.0,11436
1001026,P0088942,F,46-50,6,B,4+,0,8,11.0,14.0,3661
1002252,P0063742,M,51-55,2,B,1,1,6,,,8655
1004758,P0055242,M,55+,7,C,4+,0,1,14.0,8.0,18672
1000805,P0051842,M,0-17,12,C,0,1,11,17.0,15.0,15655
1002452,P0054942,M,51-55,15,A,4+,1,4,2.0,11.0,18424
1004632,P0068442,F,46-50,2,A,0,0,12,14.0,,1780
1001392,P0021442,F,0-17,20,B,2,1,9,13.0,17.0,19557
1001236,P0015042,M,0-17,0,B,3,0,8,11.0,,1102
1004033,P0046842,M,0-17,2,A,3,1,6,15.0,,14315
1003281,P0078242,M,46-50,15,A,3,1,18,,15.0,8281
1004724,P0087942,M,51-55,0,B,0,0,18,,5.0,585
1004845,P0061442,M,46-50,17,A,3,0,1,7.0,4.0,7231
1003550,P0030942,M,46-50,13,C,3,1,9,12.0,4.0,5474
1004201,P0098742,F,26-35,6,C,4+,0,13,8.0,11.0,4836
1004142,P0094942,M,55+,2,A,3,1,12,10.0,,10945
1001355,P0091242,M,46-50,15,A,0,1,18,11.0,,13473
1001837,P0099442,M,18-25,5,C,4+,1,7,17.0,17.0,19394
1002893,P0095342,M,55+,17,C,0,0,11,,14.0,1778
1002497,P0072642,M,26-35,12,B,1,1,18,13.0,,475
1002584,P0077842,M,0-17,1,A,3,0,10,,4.0,12501
1002559,P0053442,F,51-55,11,C,0,1,8,13.0,11.0,17428
1003619,P0087642,M,36-45,3,A,0,1,14,18.0,4.0,18549
1001560,P0032642,M,51-55,8,C,4+,0,14,4.0,,15602
1001508,P0076242,M,26-35,19,C,1,0,13,2.0,5.0,5422
1004072,P0036742,F,55+,4,A,1,0,7,2.0,,6126
1002064,P0021542,M,26-35,9,B,3,1,15,,,14172
1003643,P0069942,M,55+,5,C,2,1,6,3.0,15.0,10814
1002001,P0092942,F,55+,0,A,2,0,12,14.0,10.0,16922
1001295,P0085342,M,0-17,19,C,4+,0,11,13.0,16.0,9127
1004066,P0045942,F,46-50,4,A,3,0,18,17.0,,16546
1002753,P0042842,M,46-50,5,A,4+,1,4,8.0,15.0,2332
1001754,P0094442,M,26-35,20,C,3,1,4,9.0,,13565
1004211,P0013942,M,46-50,18,B,1,1,13,9.0,6.0,5581
1001604,P0028142,M,26-35,10,C,2,0,7,5.0,6.0,9145
1001323,P0058942,M,51-55,14,C,0,1,4,6.0,,9171
1002442,P0030842,M,36-45,1,B,2,0,1,5.0,17.0,13003
1001099,P0037242,M,51-55,14,B,3,0,8,4.0,13.0,12573
1001506,P0021842,F,36-45,6,A,2,0,12,17.0,,6053
1001127,P0048142,M,0-17,16,A,0,1,12,14.0,,7776
1000297,P0063542,M,18-25,11,B,1,1,11,13.0,16.0,2784
1003050,P0035742,M,18-25,11,B,1,1,17,15.0,17.0,11506
1002226,P0058242,M,51-55,4,C,3,0,17,8.0,4.0,2903
1004355,P0060842,M,46-50,19,B,2,1,12,16.0,15.0,2913
1003788,P0019142,F,18-25,6,C,3,1,12,7.0,3.0,6704
1002097,P0026042,M,36-45,1,C,2,0,17,18.0,13.0,12438
1003610,P0024842,M,0-17,12,C,4+,0,9,14.0,,8521
1002209,P0021642,M,36-45,8,B,3,0,13,18.0,,14101
1000176,P0055742,M,55+,14,B,2,1,17,3.0,,9807
1002503,P0066442,F,26-35,14,C,4+,0,1,18.0,,15791
1004000,P0091342,M,46-50,0,B,3,0,3,4.0,,16444
1001668,P0014442,M,46-50,20,A,1,1,8,15.0,4.0,3027
1004372,P0087642,M,18-25,19,A,4+,0,8,6.0,,15759
1002546,P0087342,M,26-35,20,C,3,0,8,2.0,,1144
1000676,P0091842,M,18-25,2,B,0,1,6,7.0,,4607
1001824,P0033342,F,55+,0,A,1,0,15,10.0,13.0,18171
1001357,P0047442,M,18-25,18,C,4+,1,5,4.0,10.0,12015
1003073,P0064642,M,18-25,19,A,2,0,6,3.0,7.0,3871
1003260,P0094942,M,26-35,12,C,0,1,6,,11.0,8368
1000547,P0029642,M,18-25,14,C,2,0,10,3.0,,12325
1002084,P0012442,M,55+,12,C,0,0,2,5.0,4.0,3471
1002041,P0049442,M,46-50,17,A,3,1,7,7.0,,15260
1004535,P0081342,M,18-25,16,C,3,1,13,8.0,5.0,9971
1001753,P0088442,M,26-35,0,C,2,1,4,4.0,5.0,13495
1001616,P0013542,F,26-35,14,A,2,0,11,18.0,7.0,19779
1001850,P0057342,M,36-45,3,C,2,0,18,,,6458
1002643,P0032242,F,18-25,1,A,4+,0,11,12.0,,15341
1001601,P0096342,F,26-35,18,C,1,1,13,13.0,6.0,17698
1003397,P0088842,M,51-55,7,B,2,0,10,,8.0,3171
1004403,P0062942,F,18-25,15,B,3,1,17,,18.0,1402
1003606,P0028742,M,0-17,7,A,3,0,4,10.0,14.0,5141
1003800,P0050142,M,46-50,9,C,2,1,3,17.0,18.0,14507
1000619,P0035642,M,46-50,15,A,2,1,7,7.0,6.0,6759
1001133,P0075342,M,51-55,4,C,3,1,16,3.0,14.0,14251
1002116,P0023542,M,18-25,18,A,4+,1,6,2.0,11.0,3547
1002340,P0091842,M,55+,5,B,0,0,18,12.0,13.0,250
1002740,P0069042,F,46-50,9,A,3,1,1,11.0,10.0,19000
1004277,P0054342,M,46-50,4,B,0,0,10,5.0,6.0,10855
1001488,P0051742,M,55+,20,B,2,0,3,,,14909
1001558,P0039142,M,0-17,18,B,1,1,11,13.0,,1973
1002114,P0067342,M,46-50,18,A,2,1,7,9.0,9.0,15505
1001045,P0022842,M,46-50,12,A,2,0,6,12.0,17.0,5768
1002432,P0044042,F,26-35,14,B,2,0,14,3.0,,1828
1001583,P0090942,M,46-50,7,A,3,0,8,,16.0,14625
1001309,P0035642,M,18-25,10,C,3,1,11,7.0,10.0,3750
1004918,P0082342,F,46-50,0,B,1,0,2,5.0,10.0,11966
1000602,P0066542,F,18-25,3,C,0,0,7,10.0,,15879
1001621,P0078642,M,46-50,12,B,0,0,17,7.0,15.0,7802
1004881,P0019942,M,18-25,6,C,0,0,5,8.0,9.0,17027
1004767,P0013842,F,46-50,6,B,2,0,6,18.0,18.0,5937
1000101,P0036242,F,51-55,5,B,1,0,17,12.0,,18451
1004272,P0024942,M,18-25,7,B,2,1,15,,,13913
1000238,P0073242,M,46-50,11,A,1,1,3,,5.0,14318
1004026,P0078942,M,55+,17,C,4+,1,18,,11.0,9632
1002919,P0091242,M,0-17,14,B,3,1,15,4.0,,6886
1002543,P0042942,F,26-35,15,A,2,1,4,,13.0,12253
1002004,P0021942,M,26-35,0,B,4+,0,10,7.0,,10347
1001538,P0068342,F,26-35,9,C,0,1,11,14.0,11.0,9056
1000755,P0031842,M,55+,14,B,4+,0,1,,,12477
1003369,P0091342,F,26-35,12,A,3,1,10,3.0,14.0,17847
1002259,P0022242,M,55+,18,B,3,1,15,5.0,,12304
1003666,P0034342,F,0-17,12,B,3,1,8,16.0,13.0,9877
1004236,P0098542,F,51-55,8,B,4+,1,9,8.0,14.0,8357
1000541,P0068642,M,51-55,20,B,0,0,1,15.0,16.0,16660
1000270,P0061742,M,0-17,15,A,2,0,12,4.0,3.0,15690
1003461,P0012042,M,46-50,13,B,0,1,16,,5.0,9775
1003409,P0028942,M,0-17,8,C,1,0,7,12.0,,8351
1000506,P0032442,F,26-35,17,C,1,1,12,,9.0,10174
1001130,P0071442,M,55+,3,B,2,0,12,15.0,18.0,7418
1002080,P0095542,F,51-55,11,A,3,1,11,,9.0,14410
1003146,P0056542,M,36-45,4,C,2,0,16,13.0,11.0,8889
1003243,P0019842,M,46-50,10,B,4+,0,8,8.0,18.0,8816
1004909,P0092942,M,18-25,4,B,3,1,8,14.0,11.0,785
1000362,P0046242,M,51-55,18,A,2,1,5,,,10648
1003721,P0018242,M,26-35,20,B,2,0,17,18.0,15.0,18202
1001457,P0079242,F,55+,6,A,4+,0,16,11.0,,5230
1004068,P0076342,M,51-55,3,C,4+,1,4,18.0,8.0,9908
1004196,P0015542,M,55+,7,B,0,1,18,16.0,,1733
1001682,P0080142,M,26-35,5,A,1,1,12,,10.0,754
1001053,P0012142,M,26-35,5,B,2,1,4,9.0,11.0,19456
1002510,P0067942,M,51-55,3,B,0,0,18,2.0,7.0,11016
1004728,P0028442,M,51-55,13,C,3,0,7,3.0,6.0,6610
1000682,P0062142,M,51-55,2,B,3,1,2,17.0,,14680
1003933,P0067742,F,0-17,9,A,1,0,2,15.0,,9246
1002130,P0036342,M,51-55,5,A,3,1,13,16.0,12.0,9363
1004850,P0032442,M,55+,17,A,1,0,4,15.0,,14877
1004017,P0073442,F,18-25,9,B,3,0,5,11.0,,6253
1003303,P0013742,M,46-50,8,B,3,0,12,3.0,6.0,10227
1000720,P0022242,F,26-35,15,C,2,0,11,18.0,,4299
1000075,P0092942,M,51-55,19,B,4+,1,3,5.0,,2741
1001294,P0025542,M,18-25,3,A,2,1,11,,,11099
1001923,P0040042,M,36-45,10,A,0,0,9,6.0,,13145
1004158,P0093242,M,55+,11,C,4+,0,8,3.0,11.0,7969
1004970,P0016642,M,51-55,18,A,2,1,8,9.0,,6181
1000320,P0074442,M,0-17,9,A,4+,1,10,8.0,,17087
1002150,P0097342,M,26-35,6,A,4+,1,6,,8.0,1754
1001453,P0049342,M,18-25,6,C,4+,0,18,9.0,6.0,17352
1004970,P0075142,M,55+,17,C,3,1,6,2.0,5.0,6006
1001556,P0069342,F,51-55,2,A,4+,1,12,,12.0,1268
1004208,P0066942,F,18-25,11,A,3,1,16,17.0,,2233
1003033,P0076042,M,26-35,13,B,4+,0,16,,,15191
1000461,P0050442,F,18-25,19,B,3,0,4,8.0,7.0,10162
1000887,P0054842,M,18-25,1,A,4+,1,18,4.0,16.0,13344
1003534,P0023042,M,55+,8,B,0,1,13,9.0,12.0,512
1003937,P0016842,M,51-55,9,A,2,0,3,4.0,,9130
1001116,P0044442,F,51-55,5,A,4+,0,12,4.0,,3735
1001076,P0086142,F,55+,16,B,0,0,5,,,15070
1003877,P0041942,M,46-50,14,C,2,1,12,,16.0,1952
1004616,P0027642,M,0-17,0,C,1,1,5,,,16226
1004908,P0068342,M,46-50,12,C,4+,0,2,10.0,,5527
1001925,P0062842,M,0-17,9,A,1,1,16,6.0,16.0,16256
1000927,P0094042,M,0-17,11,A,2,0,4,5.0,,8726
1004653,P0025942,M,46-50,15,C,2,0,15,9.0,12.0,11433
1002282,P0068142,M,55+,1,C,4+,0,10,13.0,,5961
1001056,P0072442,M,26-35,2,C,0,1,6,16.0,18.0,5867
1004675,P0084342,F,55+,7,A,4+,1,7,12.0,,17032
1000542,P0063242,M,18-25,19,A,0,1,2,18.0,,13090
1002162,P0023442,M,36-45,14,B,4+,0,4,,12.0,7375
1002252,P0087442,M,46-50,18,B,0,0,15,,10.0,14394
1001053,P0021042,F,46-50,17,B,3,1,13,9.0,10.0,6416
1004570,P0085742,M,26-35,0,C,0,0,9,,11.0,18621
1002745,P0038242,M,18-25,18,A,0,0,5,,4.0,2912
1003870,P0061942,M,51-55,1,B,2,1,17,10.0,,2637
1004482,P0089542,M,55+,4,B,1,0,6,10.0,6.0,3663
1004158,P0081842,M,46-50,17,B,4+,1,14,3.0,,8841
1004611,P0029342,M,36-45,15,B,2,1,5,,15.0,9143
1004526,P0014642,M,18-25,9,C,1,1,2,3.0,,6367
1004676,P0044142,M,46-50,20,A,2,0,14,11.0,,10161
1001561,P0034142,M,51-55,2,A,2,1,13,16.0,,2111
1003763,P0062142,M,46-50,9,A,4+,1,12,,13.0,2625
1001165,P0046942,F,51-55,12,B,3,0,1,13.0,13.0,15475
1002723,P0090042,F,0-17,20,C,2,1,3,15.0,,405
1002359,P0023042,M,0-17,9,C,4+,1,10,16.0,11.0,15963
1000471,P0036942,M,46-50,10,C,0,0,8,2.0,13.0,9735
1001417,P0091342,F,26-35,6,A,1,0,13,,10.0,12586
1001469,P0016042,F,0-17,1,A,4+,1,3,9.0,15.0,14097
1000809,P0026342,F,46-50,18,C,3,1,3,5.0,18.0,15191
1000172,P0062442,M,51-55,17,B,4+,0,18,11.0,,3295
1004127,P0037142,M,18-25,10,A,4+,1,3,16.0,6.0,4448
1004143,P0081942,F,55+,16,A,0,0,12,18.0,11.0,13602
1004226,P0085742,F,51-55,2,B,1,0,2,16.0,,15420
1002400,P0023242,M,36-45,19,B,1,1,8,10.0,4.0,3716
1001646,P0034342,F,0-17,11,A,3,1,14,15.0,12.0,10973
1000058,P0090542,F,55+,1,B,1,1,11,10.0,8.0,3350
1001130,P0053342,M,55+,0,B,0,0,16,,10.0,15692
1001354,P0013742,M,55+,8,B,3,1,14,,14.0,6088
1000768,P0097042,M,46-50,18,B,0,0,8,6.0,,19517
1003896,P0066742,M,0-17,7,B,0,1,14,11.0,,7840
1000683,P0041842,F,51-55,8,C,4+,0,12,13.0,9.0,6286
1003455,P0060942,M,51-55,6,A,4+,0,17,14.0,6.0,10085
1002009,P0047542,F,18-25,3,C,4+,0,12,10.0,18.0,19627
1003143,P0065942,F,26-35,15,C,2,0,12,12.0,,14908
1001791,P0071642,M,46-50,5,C,0,0,12,13.0,8.0,19043
1001478,P0057342,M,18-25,17,A,1,0,7,9.0,7.0,17042
1000886,P0015842,M,36-45,1,A,3,1,10,8.0,,18875
1003907,P0068842,M,46-50,10,A,2,0,16,14.0,10.0,19044
1004493,P0059842,M,36-45,4,C,4+,0,3,10.0,4.0,2085
1001539,P0031742,M,26-35,16,A,2,1,3,,10.0,12271
1002074,P0099442,M,46-50,4,C,2,1,1,9.0,8.0,19854
1000313,P0066642,M,46-50,2,B,0,0,5,5.0,11.0,19724
1000811,P0066642,M,55+,18,A,0,0,8,10.0,,10053
1002236,P0022842,M,18-25,7,B,1,0,17,15.0,,19746
1002858,P0048242,F,0-17,10,C,3,1,16,10.0,9.0,9169
1002764,P0048742,M,46-50,2,A,3,0,16,7.0,13.0,18844
1002033,P0018442,F,26-35,2,A,4+,0,18,11.0,8.0,5949
1001508,P0060942,F,46-50,0,B,1,0,18,10.0,16.0,9847
1004546,P0082542,F,46-50,12,C,3,0,14,,8.0,4977
1002571,P0072642,M,46-50,9,C,2,1,12,2.0,,7176
1001895,P0053642,F,55+,5,A,2,1,10,9.0,9.0,974
1002706,P0092542,M,46-50,10,A,3,0,2,8.0,,5035
1000597,P0039242,M,26-35,7,A,2,1,3,6.0,12.0,13528
1002148,P0014842,F,18-25,18,A,2,0,1,12.0,,13346
1000616,P0016642,M,0-17,10,A,4+,0,9,14.0,10.0,13928
1000948,P0088642,F,26-35,5,C,2,1,4,2.0,3.0,13239
1004652,P0022842,M,26-35,11,A,3,0,16,15.0,5.0,8342
1004374,P0012842,M,36-45,17,B,0,1,4,9.0,4.0,17192
1003765,P0044242,M,0-17,2,A,2,1,17,,10.0,18258
1002014,P0064442,M,55+,12,A,3,0,15,16.0,,17747
1003698,P0021842,M,18-25,3,C,2,1,4,12.0,15.0,10380
1000491,P0079142,M,51-55,8,C,1,1,4,,9.0,10234
1004351,P0076242,M,18-25,15,C,4+,1,12,15.0,,16222
1002429,P0023242,M,51-55,11,B,0,1,3,18.0,4.0,3446
1004988,P0042642,M,36-45,19,C,2,0,5,,18.0,15581
1000542,P0028442,M,36-45,6,A,3,0,6,,,1255
1001288,P0060542,M,55+,11,C,0,1,9,3.0,,18728
1001634,P0074542,M,26-35,7,B,2,1,3,6.0,11.0,11565
1004921,P0078842,M,18-25,20,A,1,1,2,14.0,17.0,5000
1002927,P0063342,M,51-55,14,A,3,1,10,5.0,9.0,9741
1001353,P0034042,M,18-25,1,B,4+,1,5,11.0,3.0,2331
1004377,P0068842,M,51-55,10,C,2,1,7,11.0,15.0,4166
1001299,P0081542,M,18-25,20,C,3,1,15,11.0,17.0,4969
1004869,P0061542,M,26-35,4,C,2,0,2,18.0,9.0,2551
1003968,P0093942,M,51-55,5,C,4+,0,10,11.0,8.0,19253
1004424,P0026442,M,18-25,18,B,1,0,11,,10.0,8689
1002259,P0073942,M,46-50,13,B,4+,0,8,17.0,16.0,2915
1004648,P0065642,M,36-45,6,C,4+,0,12,14.0,,3420
1002074,P0031742,M,55+,11,B,4+,1,4,13.0,,14114
1000702,P0084642,M,36-45,16,A,0,1,13,6.0,9.0,15817
1001920,P0074742,M,51-55,3,C,3,1,18,17.0,,322
1002461,P0077942,F,36-45,19,A,2,0,18,18.0,15.0,1706
1004263,P0084842,M,55+,9,A,1,0,3,11.0,16.0,8852
1004265,P0070442,M,36-45,0,A,2,1,3,6.0,8.0,7145
1004325,P0010442,F,46-50,3,C,0,1,7,17.0,12.0,15243
1000367,P0076742,M,0-17,12,C,1,0,17,18.0,4.0,816
1000528,P0085642,F,18-25,5,C,0,0,6,13.0,17.0,15132
1004887,P0097142,M,51-55,14,B,2,1,16,15.0,,19705
1003719,P0018042,F,36-45,13,C,1,1,5,17.0,16.0,14046
1003610,P0034642,M,18-25,2,A,2,1,17,7.0,11.0,13045
1003936,P0095442,M,18-25,18,C,3,0,11,7.0,,14340
1004620,P0059242,M,46-50,5,B,0,1,12,16.0,4.0,16046
1002154,P0074842,F,55+,1,C,3,1,12,12.0,9.0,14424
1001909,P0048542,M,18-25,8,B,3,0,4,12.0,4.0,1871
1003013,P0067442,F,55+,12,A,2,0,9,,12.0,11712
1004229,P0040642,M,36-45,17,A,2,1,14,17.0,9.0,6820
1003023,P0072742,M,51-55,11,A,4+,0,12,7.0,,10210
1003484,P0072442,M,18-25,20,A,4+,1,10,10.0,4.0,16276
1002721,P0064242,M,46-50,3,A,1,0,8,18.0,3.0,16444
1001771,P0010642,M,51-55,6,A,2,1,3,3.0,16.0,13445
1004114,P0061442,F,51-55,11,B,0,1,13,8.0,,445
1001778,P0091842,F,51-55,10,A,2,0,16,8.0,14.0,8783
1004213,P0085442,M,36-45,6,C,2,1,13,9.0,10.0,10162
1000798,P0066742,F,46-50,9,B,3,1,13,7.0,15.0,7552
1003216,P0017242,M,26-35,8,B,3,0,18,14.0,11.0,12156
1003789,P0010942,M,0-17,1,C,4+,0,8,9.0,10.0,10911
1002977,P0067242,F,18-25,4,C,1,0,1,12.0,14.0,11101
1003738,P0066142,F,18-25,9,C,1,0,17,7.0,18.0,19625
1001712,P0022142,M,18-25,13,C,2,0,9,,17.0,10839
1000753,P0078642,M,55+,15,C,0,0,10,6.0,5.0,7631
1002470,P0061242,F,26-35,1,A,3,0,9,,8.0,14862
1003970,P0054042,M,51-55,18,B,0,0,12,5.0,3.0,14343
1001393,P0013742,M,51-55,8,C,3,1,10,9.0,13.0,6200
1002606,P0080142,M,55+,13,C,2,1,8,17.0,,3750
1000678,P0069042,F,0-17,14,B,1,0,4,11.0,13.0,3871
1000106,P0044442,F,46-50,18,B,2,0,14,6.0,,3772
1003288,P0043742,F,26-35,7,A,3,1,7,15.0,,10821
1004754,P0080142,M,26-35,14,B,1,0,10,4.0,12.0,15380
1001947,P0028342,M,36-45,7,C,0,1,10,6.0,,12613
1001096,P0016642,M,51-55,3,B,0,1,15,7.0,,18298
1001783,P0011642,F,26-35,5,C,4+,0,15,13.0,,11323
1004542,P0048242,M,26-35,10,B,0,1,2,13.0,5.0,13736
1003258,P0046742,M,18-25,11,B,4+,1,16,12.0,16.0,9133
1001998,P0041542,F,55+,8,A,1,0,10,3.0,,17952
1004870,P0059642,M,51-55,17,C,2,1,15,17.0,,10318
1001562,P0090742,F,36-45,16,A,2,1,10,4.0,,2384
1004007,P0082042,M,46-50,20,A,1,1,15,,,18227
1001676,P0044442,M,0-17,2,C,1,1,2,3.0,,8570
1001123,P0065242,M,46-50,12,B,3,1,14,,9.0,17443
1003982,P0057242,F,36-45,5,A,0,0,15,7.0,,17146
1001302,P0021442,F,18-25,13,B,0,0,10,15.0,,15364
1000944,P0019942,M,0-17,0,B,0,1,9,8.0,5.0,2483
1004551,P0098442,M,46-50,3,A,4+,1,6,16.0,12.0,19621
1000946,P0053742,F,51-55,17,A,0,0,8,11.0,,5829
1000601,P0044442,M,51-55,10,A,3,0,2,12.0,,13446
1002701,P0044842,M,0-17,10,B,2,0,1,16.0,13.0,8927
1004821,P0023842,M,0-17,7,C,2,1,13,4.0,18.0,3614
1001418,P0092742,F,0-17,3,C,4+,0,6,7.0,,19070
1001525,P0042342,M,26-35,1,A,3,0,3,18.0,17.0,13575
1003767,P0094542,M,36-45,0,B,1,0,2,17.0,8.0,15617
1000251,P0040142,F,51-55,9,A,2,1,10,,,793
1001545,P0039342,M,51-55,16,B,3,1,8,2.0,9.0,7047
1000079,P0062842,M,36-45,6,C,1,0,9,4.0,18.0,17056
1003124,P0093342,M,18-25,6,C,4+,1,7,8.0,,7172
1000898,P0039142,F,51-55,12,A,0,0,13,15.0,12.0,12773
1004877,P0017342,M,46-50,0,A,3,0,7,8.0,,16102
1000226,P0087442,M,18-25,0,C,2,1,1,8.0,10.0,6890
1001210,P0058342,M,55+,12,B,4+,1,13,6.0,3.0,17424
1004899,P0011542,M,55+,0,C,3,0,17,,11.0,6250
1004838,P0062542,F,46-50,5,B,4+,1,12,12.0,,16159
1002179,P0043542,M,0-17,9,A,1,1,14,5.0,17.0,5792
1002680,P0089242,M,51-55,20,C,3,1,16,13.0,,19794
1002886,P0097242,M,46-50,0,A,0,1,12,5.0,6.0,5699
1002807,P0061542,M,46-50,4,C,1,0,16,7.0,7.0,17663
1000704,P0022642,F,0-17,1,A,0,0,2,15.0,7.0,14343
1002545,P0092342,M,55+,2,C,4+,0,7,17.0,,9875
1002371,P0061742,M,18-25,2,C,0,0,12,10.0,18.0,18260
1003282,P0022842,F,46-50,17,A,1,0,14,5.0,11.0,2392
1004711,P0061042,M,51-55,7,C,1,1,18,6.0,,15137
1000329,P0052242,M,18-25,8,C,1,1,7,12.0,13.0,13561
1004229,P0048442,F,18-25,1,C,4+,0,5,13.0,18.0,9129
1004931,P0098242,M,36-45,1,C,2,0,1,,,13228
1000121,P0033142,M,55+,15,A,4+,0,7,7.0,13.0,967
1000965,P0092442,F,51-55,6,A,1,0,16,14.0,,12236
1004225,P0029442,F,51-55,3,C,4+,1,16,2.0,17.0,7855
1003676,P0016442,M,0-17,4,C,3,1,17,11.0,,18674
1002077,P0093242,M,0-17,0,A,3,1,4,9.0,14.0,18345
1000333,P0071442,F,26-35,9,C,2,1,16,4.0,10.0,19868
1003369,P0037642,M,51-55,12,B,4+,1,4,,9.0,6258
1001317,P0076942,M,55+,14,A,4+,1,5,4.0,7.0,2545
1001197,P0032342,F,18-25,0,C,3,1,5,7.0,11.0,10293
1003171,P0090042,M,26-35,17,B,1,0,11,16.0,13.0,2721
1001430,P0037742,M,51-55,13,C,0,0,14,5.0,6.0,9598
1000356,P0079342,M,0-17,17,C,1,0,17,3.0,,13454
1004235,P0046542,M,55+,11,C,2,1,9,,,9897
1001527,P0061542,M,0-17,11,B,0,1,17,7.0,13.0,5153
1003898,P0031442,M,51-55,4,B,1,0,1,3.0,,19527
1000029,P0053842,F,26-35,6,A,4+,0,13,4.0,13.0,17870
1001014,P0052742,F,0-17,12,C,4+,1,10,6.0,8.0,3545
1002703,P0082842,M,0-17,8,C,3,1,10,,,5588
1000828,P0049542,M,36-45,5,B,4+,1,7,2.0,,16222
1004447,P0030842,M,46-50,20,C,4+,1,6,17.0,18.0,4943
1002025,P0060042,M,51-55,6,C,2,1,7,17.0,,1151
1000299,P0056242,M,36-45,17,C,0,1,5,11.0,11.0,6115
1001866,P0068542,F,55+,14,B,1,0,7,,10.0,7615
1004017,P0032642,M,46-50,7,C,1,1,15,2.0,,17218
1002112,P0047442,M,51-55,19,C,2,0,10,11.0,10.0,13798
1000755,P0059942,F,36-45,15,A,0,0,13,7.0,,3102
1000770,P0019242,M,36-45,16,C,4+,0,9,17.0,8.0,15436
1003736,P0055942,M,51-55,2,B,2,1,6,5.0,,6427
1001239,P0067642,M,18-25,12,B,4+,1,7,,,7570
1004930,P0042042,M,26-35,8,C,1,0,6,10.0,,6873
1002214,P0010942,M,51-55,19,A,2,1,16,4.0,,2647
1001907,P0040242,M,36-45,14,C,2,1,2,2.0,10.0,6410
1001565,P0042142,M,18-25,15,C,2,0,15,15.0,16.0,13535
1001219,P0091642,M,36-45,15,C,1,0,3,,,11177
1004602,P0055542,F,26-35,18,B,1,0,13,,3.0,18859
1001358,P0037742,M,55+,3,C,3,1,17,,18.0,15567
1003840,P0069742,M,18-25,18,B,1,1,11,9.0,6.0,10822
1001461,P0063742,M,51-55,18,A,1,1,2,,14.0,3478
1003986,P0082942,M,46-50,1,C,4+,0,10,14.0,5.0,3910
1001417,P0049242,M,55+,5,B,1,1,12,3.0,11.0,1406
1002854,P0019442,M,26-35,12,B,0,1,13,5.0,,16483
1004857,P0085542,F,0-17,14,B,4+,1,6,9.0,,12227
1004929,P0020642,M,51-55,9,C,3,0,4,8.0,17.0,10994
1001429,P0048942,M,51-55,9,A,0,0,12,8.0,13.0,10795
1004379,P0085942,M,51-55,3,B,3,1,15,16.0,11.0,18442
1004475,P0062542,M,18-25,13,C,2,0,8,3.0,,5441
1004294,P0077242,M,0-17,7,B,2,0,5,14.0,7.0,2491
1003063,P0017042,M,55+,5,B,2,1,4,8.0,,11365
1003072,P0076342,M,55+,11,C,1,1,13,,6.0,18514
1000556,P0068642,M,18-25,7,B,1,0,6,3.0,,18563
1000356,P0047542,M,46-50,5,B,4+,1,16,,10.0,17757
1001564,P0082642,F,18-25,14,C,0,1,10,3.0,12.0,16915
1003501,P0046742,M,51-55,18,A,0,1,5,10.0,7.0,14944
1001041,P0015042,M,36-45,13,A,2,1,15,,,8384
1002687,P0099742,M,0-17,2,A,2,1,11,8.0,,11537
1004475,P0024242,M,0-17,17,A,1,1,9,,14.0,7056
1004776,P0051842,F,55+,9,C,3,1,18,,3.0,17619
1002554,P0064742,M,55+,13,C,0,0,1,4.0,,19776
1001780,P0059942,F,18-25,13,A,0,1,9,11.0,,11631
1004995,P0098542,M,36-45,6,C,3,1,9,6.0,4.0,16090
1000076,P0026642,F,36-45,6,A,0,0,15,17.0,18.0,16869
1004327,P0084742,M,18-25,20,B,0,1,4,4.0,,12449
1003320,P0035942,M,26-35,10,B,1,1,4,17.0,,1259
1002350,P0029142,M,46-50,17,B,0,1,1,15.0,15.0,15862
1002774,P0030142,M,18-25,9,A,2,0,1,14.0,11.0,17689
1002263,P0087342,M,51-55,14,B,2,1,1,10.0,,13356
1003230,P0028442,M,36-45,11,A,4+,1,6,12.0,,18546
1002117,P0025742,M,46-50,16,C,1,0,11,4.0,18.0,1916
1000393,P0085742,M,18-25,16,B,1,0,16,7.0,15.0,2339
1001109,P0072142,M,46-50,0,B,2,1,5,,7.0,3567
1004363,P0019842,M,26-35,5,B,1,1,10,10.0,,17062
1000611,P0034042,M,36-45,20,C,1,1,16,10.0,12.0,302
1002776,P0059042,M,26-35,14,A,4+,1,11,2.0,,1211
1003999,P0030142,M,55+,18,B,3,0,18,,11.0,18796
1000673,P0073342,M,26-35,13,B,0,1,14,17.0,6.0,10953
1003678,P0060842,F,36-45,9,A,4+,0,13,3.0,,6863
1000031,P0072842,M,55+,9,B,3,1,1,5.0,16.0,13718
1001401,P0019542,M,51-55,6,B,0,0,3,4.0,6.0,1471
1004072,P0084542,M,26-35,6,B,2,1,15,15.0,,11705
1000617,P0058942,M,18-25,13,A,3,0,12,5.0,10.0,14734
1004635,P0067842,M,18-25,14,B,0,0,5,,14.0,8762
1002787,P0098742,M,46-50,19,C,4+,1,16,13.0,15.0,3972
1000871,P0031742,M,18-25,8,A,0,1,14,,9.0,6890
1004197,P0062642,M,18-25,14,B,1,1,10,16.0,15.0,4470
1003605,P0037242,M,55+,8,C,0,0,5,2.0,4.0,7058
1001413,P0031842,M,55+,6,C,2,1,7,10.0,7.0,8280
1002740,P0088542,M,46-50,10,C,4+,1,16,9.0,9.0,18595
1000941,P0098242,M,0-17,4,C,3,0,15,,11.0,10325
1000341,P0075842,M,36-45,8,C,0,0,6,8.0,9.0,8113
1002909,P0043142,F,18-25,5,B,4+,1,7,15.0,14.0,11900
1004134,P0095542,F,46-50,6,C,2,0,18,13.0,,13632
1000660,P0055242,M,26-35,13,A,3,0,17,16.0,11.0,9794
1002034,P0025142,M,26-35,18,B,0,0,14,3.0,3.0,12040
1001561,P0044642,M,55+,10,B,2,0,9,,18.0,333
1003458,P0091542,M,51-55,6,C,1,0,16,,,18631
1001657,P0051342,F,18-25,5,C,4+,0,10,13.0,6.0,15049
1002976,P0062642,M,36-45,3,B,4+,1,9,5.0,7.0,7672
1001050,P0053042,F,46-50,13,A,0,1,12,,3.0,19404
1000454,P0047842,M,55+,2,B,2,1,9,14.0,8.0,2706
1001705,P0099442,F,51-55,16,B,3,1,16,14.0,10.0,6088
1002785,P0052742,M,51-55,14,C,3,1,16,,14.0,7873
1000819,P0096542,M,46-50,0,A,3,1,2,16.0,,16983
1004869,P0018342,M,55+,20,C,3,1,7,,13.0,12597
1000013,P0029142,F,55+,10,C,0,1,7,,12.0,18965
1003980,P0014042,M,46-50,12,C,0,0,7,8.0,,3810
1000921,P0096342,F,46-50,2,C,4+,1,3,5.0,,13903
1004921,P0093542,M,46-50,12,A,2,1,10,9.0,13.0,13972
1002419,P0087242,M,36-45,17,C,1,0,6,,11.0,12652
1001315,P0040842,F,46-50,8,C,0,0,2,5.0,12.0,19577
1003678,P0047742,F,55+,1,A,3,1,18,13.0,13.0,8345
1002018,P0023542,F,36-45,7,B,1,0,9,3.0,5.0,141
1001229,P0088942,M,36-45,1,C,4+,1,15,18.0,7.0,3349
1004793,P0020542,F,36-45,0,B,3,0,14,15.0,,16680
1002435,P0061842,M,26-35,2,C,2,1,9,12.0,,14230
1002869,P0091342,M,0-17,16,C,1,0,2,14.0,5.0,5842
1002516,P0064142,F,51-55,6,A,4+,0,10,4.0,6.0,6196
1001439,P0022542,M,18-25,9,A,0,1,4,,5.0,17487
1004165,P0045642,M,26-35,18,B,2,1,1,8.0,9.0,4746
1003544,P0049942,M,55+,8,C,3,1,11,5.0,,13690
1003176,P0017842,M,0-17,17,A,1,1,16,2.0,,5788
1001782,P0048842,M,51-55,14,C,4+,1,11,3.0,,3213
1002264,P0067842,M,26-35,16,C,1,0,13,15.0,,976
1001970,P0063442,M,51-55,16,B,2,0,14,16.0,14.0,12149
1000212,P0080042,M,36-45,18,C,0,1,1,4.0,17.0,19605
1000508,P0017342,M,36-45,8,A,0,0,9,14.0,,701
1000332,P0010442,M,46-50,5,B,2,0,18,11.0,9.0,3763
1000551,P0056242,M,55+,18,A,3,1,11,,16.0,16273
1000942,P0018142,M,36-45,7,B,1,0,3,15.0,15.0,11113
1000728,P0063642,F,26-35,5,B,3,1,4,12.0,,5545
1004976,P0087542,F,51-55,16,C,4+,0,11,7.0,8.0,6128
1002863,P0050442,M,18-25,5,B,3,1,7,11.0,,1545
1003244,P0061342,M,55+,12,B,2,0,9,6.0,12.0,3267
1000649,P0037742,M,51-55,20,C,0,0,5,15.0,15.0,18947
1002738,P0093942,M,36-45,1,B,2,1,2,13.0,11.0,1767
1002748,P0095442,F,51-55,11,B,2,1,12,7.0,5.0,13594
1001010,P0032342,M,0-17,6,A,1,0,4,2.0,7.0,7062
1001551,P0068342,M,51-55,5,A,2,1,13,,,7522
1000804,P0016742,M,26-35,16,C,4+,0,2,3.0,11.0,18815
1004081,P0041942,F,0-17,7,B,1,1,15,12.0,5.0,11104
1004310,P0070542,M,55+,5,C,1,1,1,,14.0,10729
1004265,P0011842,M,46-50,18,C,3,0,18,14.0,6.0,10087
1003402,P0073942,M,46-50,20,C,2,0,2,13.0,18.0,6499
1004242,P0044242,M,51-55,8,A,3,0,4,16.0,3.0,10219
1004612,P0069342,F,18-25,19,C,3,0,10,8.0,17.0,12192
1003162,P0086542,M,26-35,15,B,1,0,13,9.0,,19871
1004549,P0083242,M,18-25,17,A,3,1,8,3.0,5.0,11321
1004156,P0044242,M,0-17,18,A,3,0,10,2.0,6.0,17953
1000528,P0019642,M,18-25,6,A,1,1,8,7.0,,15907
1003299,P0015142,M,55+,7,B,1,1,9,18.0,13.0,15249
1001024,P0027442,M,0-17,20,C,0,1,9,14.0,5.0,13414
1003735,P0043742,M,55+,18,C,2,1,13,4.0,,19811
1000433,P0079342,M,18-25,0,A,0,1,1,10.0,,7983
1001177,P0045242,M,46-50,12,A,1,1,12,2.0,7.0,4221
1000401,P0049042,F,26-35,0,C,4+,0,10,18.0,11.0,1820
1002105,P0021442,F,18-25,10,B,3,0,8,11.0,17.0,691
1003051,P0044742,F,51-55,1,A,3,1,11,7.0,3.0,11875
1002234,P0010042,M,55+,20,A,1,0,11,17.0,15.0,4097
1002446,P0016242,M,0-17,2,B,3,0,16,,11.0,5976
1004701,P0085942,M,55+,12,A,0,0,11,10.0,,6380
1002836,P0084242,M,51-55,6,B,3,0,1,17.0,8.0,18272
1002514,P0032542,F,26-35,1,C,4+,0,6,8.0,12.0,14905
1001774,P0052242,F,51-55,1,C,2,1,13,17.0,7.0,781
1001097,P0011842,F,46-50,2,A,0,0,11,,6.0,1715
1000929,P0013042,M,55+,12,C,2,1,3,15.0,9.0,16887
1001952,P0094442,F,46-50,11,B,2,1,1,6.0,,8368
1001974,P0073242,F,36-45,0,A,4+,0,14,15.0,12.0,18210
1001555,P0012342,M,26-35,17,B,4+,1,11,18.0,7.0,2932
1002779,P0093642,M,18-25,4,C,4+,1,14,10.0,3.0,12248
1004422,P0031042,M,46-50,18,C,4+,0,10,14.0,16.0,19192
1000995,P0026042,M,18-25,9,C,0,1,2,7.0,15.0,19898
1000613,P0035442,F,55+,5,A,4+,0,5,11.0,8.0,19187
1002594,P0067042,M,18-25,17,B,0,1,15,5.0,12.0,9184
1000596,P0021342,M,55+,14,A,3,0,18,18.0,10.0,13934
1000842,P0060342,M,0-17,13,C,2,0,16,3.0,,5661
1004440,P0077142,M,51-55,15,C,3,1,3,3.0,12.0,19554
1000859,P0031942,M,18-25,3,A,3,1,9,12.0,14.0,3317
1000445,P0045642,F,55+,18,B,1,1,18,13.0,,10704
1001789,P0026842,M,36-45,20,C,3,1,5,,,18238
1004318,P0062342,F,26-35,7,B,3,0,4,6.0,,16638
1003455,P0034142,F,26-35,0,C,1,0,8,17.0,15.0,9981
1003953,P0047442,M,0-17,19,A,3,1,7,14.0,11.0,9791
1004688,P0023842,F,36-45,12,C,1,0,11,16.0,,6351
1001031,P0019642,M,51-55,8,A,0,1,12,5.0,,13252
1001296,P0024642,M,36-45,0,A,2,1,12,10.0,7.0,15005
1002064,P0028142,M,55+,14,A,4+,0,16,9.0,9.0,9416
1001448,P0015642,M,26-35,14,C,3,1,16,15.0,12.0,6326
1002046,P0014142,M,36-45,13,B,0,0,15,13.0,14.0,15724
1004620,P0096542,F,51-55,4,B,2,0,1,,16.0,13419
1002851,P0081042,M,46-50,16,C,0,0,15,4.0,3.0,9151
1003825,P0064242,M,18-25,5,A,1,0,18,11.0,4.0,14971
1002069,P0079142,M,55+,8,B,0,0,6,15.0,14.0,3384
1003762,P0010142,M,18-25,19,B,3,0,9,9.0,,7824
1002276,P0038742,M,26-35,18,C,3,0,17,,,19053
1001809,P0023742,M,26-35,20,A,4+,1,12,,16.0,9179
1001312,P0071642,M,51-55,16,B,4+,0,2,,3.0,6558
1004056,P0061142,M,36-45,6,C,3,1,16,14.0,4.0,6347
1002452,P0082942,M,51-55,7,C,0,0,15,11.0,18.0,4986
1001090,P0032142,F,0-17,14,A,3,1,12,9.0,7.0,18208
1001673,P0043042,M,26-35,5,C,0,0,15,4.0,17.0,14345
1003676,P0071642,M,55+,0,A,3,0,13,,14.0,1347
1004533,P0050342,F,55+,8,B,2,0,12,7.0,7.0,8139
1004925,P0060742,M,26-35,6,C,0,1,16,18.0,14.0,7322
1004355,P0022642,M,26-35,19,B,1,1,7,2.0,,16600
1002004,P0036442,M,51-55,18,A,1,0,17,9.0,8.0,13085
1004199,P0081142,F,55+,3,A,4+,1,10,13.0,,15200
1004865,P0086342,F,51-55,0,A,2,0,9,8.0,8.0,18826
1001125,P0011442,F,36-45,8,C,1,1,6,5.0,14.0,18626
1001222,P0032542,M,46-50,1,C,3,1,9,3.0,,17267
1002861,P0096442,F,26-35,15,C,1,0,1,,,8816
1002274,P0020442,M,46-50,1,B,3,0,16,,10.0,7103
1002991,P0084442,M,51-55,2,B,2,1,14,8.0,3.0,11735
1002511,P0059242,M,36-45,13,C,4+,1,8,2.0,18.0,5318
1000237,P0041842,M,51-55,12,B,1,1,15,12.0,11.0,793
1001145,P0031842,M,0-17,16,A,4+,0,16,8.0,16.0,1370
1003254,P0037642,M,55+,9,C,2,1,14,4.0,4.0,3829
1003783,P0087242,M,18-25,2,A,0,0,16,17.0,12.0,16661
1000767,P0099242,M,18-25,3,A,2,1,7,8.0,18.0,10786
1002682,P0044042,M,51-55,4,A,2,1,18,,5.0,6391
1002666,P0055142,M,18-25,10,B,2,0,17,16.0,14.0,2166
1001760,P0046842,M,18-25,5,A,0,0,1,18.0,13.0,15114
1003492,P0094742,M,36-45,0,B,0,0,11,14.0,10.0,10858
1002816,P0057342,M,18-25,18,A,2,1,5,13.0,,4478
1003514,P0028942,M,36-45,6,C,0,1,13,10.0,,8407
1000496,P0098342,F,0-17,9,A,3,1,8,3.0,15.0,3585
1003181,P0051842,M,26-35,11,A,2,0,18,16.0,7.0,6852
1003931,P0080942,M,26-35,11,C,1,0,13,8.0,14.0,9952
1002073,P0096442,M,26-35,0,B,3,0,9,5.0,,19781
1000338,P0088842,F,55+,8,C,2,1,11,4.0,11.0,13511
1003950,P0094742,M,36-45,16,A,1,1,6,3.0,11.0,123
1003109,P0059442,M,36-45,11,A,1,1,11,11.0,,163
1001818,P0013842,M,36-45,1,B,4+,0,15,18.0,18.0,1374
1000137,P0026142,F,0-17,8,A,4+,1,14,4.0,13.0,4804
1002556,P0022042,F,46-50,11,A,1,0,8,12.0,15.0,9468
1004416,P0099142,M,36-45,3,B,2,1,18,9.0,17.0,13241
1000916,P0049842,F,36-45,11,B,2,0,1,12.0,7.0,3822
1003539,P0036142,M,26-35,17,B,2,1,9,3.0,14.0,11145
1002101,P0082742,F,51-55,2,B,2,1,7,12.0,16.0,17343
1002908,P0092342,F,55+,0,A,1,0,15,12.0,,19900
1002915,P0066042,M,18-25,17,B,0,0,15,,9.0,4851
1001983,P0070342,M,18-25,20,B,0,0,9,5.0,9.0,12818
1003871,P0022842,F,0-17,7,A,2,0,5,18.0,,781
1004529,P0093242,M,18-25,18,B,4+,1,7,17.0,11.0,18934
1003568,P0063942,F,46-50,3,A,1,0,12,,4.0,8055
1000999,P0045542,M,26-35,15,B,0,1,6,,,5222
1002148,P0075942,M,0-17,16,B,1,1,10,17.0,4.0,16134
1004695,P0053142,M,18-25,8,C,4+,1,15,,,13298
1000396,P0093942,F,18-25,7,A,1,0,4,7.0,,17141
1003599,P0016442,M,51-55,19,B,4+,0,15,5.0,18.0,13212
1004511,P0031742,M,26-35,18,C,4+,0,18,7.0,,8000
1000939,P0066242,M,0-17,6,C,3,0,3,18.0,7.0,17310
1001637,P0052642,F,26-35,11,A,4+,0,15,8.0,7.0,16238
1002725,P0091642,M,0-17,0,C,3,0,5,18.0,14.0,8173
1002511,P0017342,M,55+,16,A,4+,0,2,9.0,,16594
1004637,P0055942,M,55+,5,C,4+,0,15,17.0,3.0,6457
1001650,P0052442,F,18-25,4,A,1,1,8,18.0,6.0,3261
1003691,P0081042,M,26-35,19,B,3,1,5,15.0,,15762
1003436,P0029142,M,26-35,6,A,0,0,9,,9.0,19793
1003202,P0028842,M,46-50,11,C,0,1,7,16.0,16.0,16166
1004180,P0011142,M,55+,4,A,1,0,4,6.0,,16249
1004367,P0033842,M,51-55,1,B,0,0,8,,,1996
1002292,P0097142,M,26-35,3,B,0,0,14,15.0,16.0,1606
1004484,P0069242,F,0-17,16,C,4+,1,9,10.0,5.0,18590
1000214,P0055242,M,46-50,7,C,2,0,5,11.0,,15666
1003238,P0048242,M,26-35,19,C,2,1,6,17.0,15.0,2136
1003863,P0088142,M,26-35,4,B,0,1,10,17.0,,18889
1000059,P0090142,F,46-50,16,B,1,0,13,18.0,4.0,18820
1002931,P0014742,M,18-25,19,C,1,1,10,6.0,3.0,4922
1004939,P0041642,M,26-35,3,B,3,1,13,,,7644
1002972,P0030842,M,36-45,20,B,1,0,3,7.0,17.0,2306
1001528,P0064642,M,51-55,17,C,1,0,12,11.0,7.0,10119
1000123,P0021842,F,18-25,17,B,4+,0,4,6.0,,17210
1003720,P0067642,M,26-35,17,C,4+,0,11,10.0,,14383
1001437,P0041442,M,18-25,15,B,0,0,9,14.0,,11911
1001163,P0085342,M,0-17,10,A,1,1,6,11.0,,2192
1003301,P0013542,M,18-25,7,A,2,1,12,6.0,,318
1003346,P0056242,M,46-50,11,B,1,1,14,9.0,,14326
1002487,P0086342,M,26-35,17,B,1,1,9,13.0,10.0,9764
1000562,P0085442,M,18-25,17,A,0,1,8,,16.0,14848
1003982,P0065342,M,36-45,7,C,2,0,9,10.0,3.0,1216
1001738,P0068042,M,0-17,15,C,0,1,13,13.0,4.0,4496
1000905,P0050242,F,0-17,16,A,1,0,11,,,18122
1003555,P0020642,M,55+,1,C,2,1,9,18.0,4.0,3162
1004491,P0013842,M,18-25,20,C,1,1,8,5.0,16.0,18044
1001727,P0068042,M,46-50,14,A,0,1,10,9.0,,14213
1002924,P0027942,M,0-17,6,A,0,0,9,17.0,8.0,19212
1003532,P0011142,F,55+,0,B,4+,1,4,16.0,14.0,4337
1003907,P0043842,M,18-25,1,A,2,0,10,17.0,,10591
1000935,P0081542,F,18-25,3,A,4+,1,17,5.0,17.0,7580
1000075,P0064742,M,0-17,15,C,2,1,10,11.0,12.0,16381
1000295,P0022542,M,18-25,11,C,3,0,18,15.0,,18037
1000021,P0016242,M,18-25,16,B,2,0,16,10.0,13.0,13185
1003243,P0094342,M,51-55,3,C,1,1,4,13.0,12.0,11348
1001039,P0018142,M,36-45,15,C,2,1,9,17.0,3.0,5376
1004656,P0091842,F,18-25,6,C,4+,1,9,12.0,,9168
1001110,P0039842,M,51-55,7,A,0,1,2,14.0,,2287
1003772,P0013342,F,51-55,8,C,0,0,8,8.0,,6136
1000372,P0085142,M,18-25,13,A,2,1,4,9.0,,13957
1004914,P0070842,M,46-50,8,C,3,0,11,5.0,15.0,15497
1001175,P0014842,M,0-17,14,A,0,0,3,,17.0,708
1001165,P0075742,M,51-55,20,C,0,1,18,14.0,,169
1001093,P0073642,F,51-55,3,B,0,0,17,5.0,16.0,2847
1001284,P0080042,M,55+,2,B,3,1,9,5.0,4.0,14264
1002012,P0015642,F,46-50,9,B,4+,1,16,6.0,,13788
1000846,P0096042,M,26-35,3,C,2,0,8,16.0,6.0,798
1001992,P0020842,F,46-50,17,B,3,0,9,11.0,11.0,1215
1000521,P0061642,M,55+,10,A,2,1,5,12.0,,14764
1004467,P0012342,M,26-35,18,B,1,1,5,15.0,9.0,4408
1004197,P0032042,M,26-35,18,B,2,0,14,16.0,,4013
1004757,P0041442,M,46-50,17,B,0,0,14,16.0,,4506
1000243,P0039342,M,36-45,12,B,3,0,5,3.0,,4915
1002801,P0010942,M,46-50,3,A,3,1,4,18.0,5.0,11731
1004608,P0077642,M,51-55,2,B,4+,1,17,5.0,10.0,13238
1002897,P0058042,M,0-17,15,C,1,0,6,14.0,,12675
1002603,P0082642,F,46-50,13,B,4+,1,7,6.0,,5999
1002274,P0073742,M,36-45,9,C,4+,1,14,18.0,,7931
1001542,P0036642,F,46-50,5,C,1,0,15,17.0,,4311
1002766,P0089142,M,36-45,7,B,0,0,6,5.0,9.0,9741
1002115,P0018742,M,0-17,15,B,3,0,10,13.0,,13074
1004492,P0055442,M,18-25,9,C,2,1,8,16.0,,17110
1004708,P0072542,M,36-45,20,A,1,1,8,5.0,,13326
1003084,P0063242,F,36-45,6,A,4+,0,5,4.0,5.0,2138
1001858,P0024742,F,51-55,18,B,2,1,16,9.0,16.0,10637
1000770,P0085642,M,36-45,17,A,1,1,11,,,11076
1001423,P0087742,F,0-17,12,A,1,0,7,3.0,5.0,11025
1000407,P0082842,M,26-35,7,B,0,0,2,9.0,15.0,13145
1002973,P0053042,F,36-45,13,C,0,1,7,18.0,,10096
1001873,P0085142,M,55+,8,C,3,1,6,8.0,4.0,7769
1002695,P0084342,F,0-17,11,A,3,1,18,3.0,,12773
1002270,P0084342,F,51-55,5,C,2,0,1,14.0,,18009
1004750,P0034142,M,55+,19,B,3,1,18,,4.0,16156
1001182,P0080142,M,51-55,11,A,1,1,12,13.0,,18723
1001440,P0084042,M,18-25,18,C,1,1,17,18.0,13.0,14742
1003054,P0016542,M,36-45,11,A,1,0,8,2.0,3.0,16662
1003334,P0047742,F,26-35,6,C,1,1,3,15.0,11.0,18015
1002898,P0048742,F,0-17,14,A,0,1,10,5.0,10.0,14638
1002904,P0089042,M,18-25,15,C,1,1,16,15.0,9.0,10216
1000229,P0088042,M,26-35,3,C,1,0,18,13.0,,4122
1003960,P0030842,M,18-25,5,B,1,0,1,6.0,14.0,16148
1001894,P0051442,M,26-35,15,B,4+,1,8,13.0,10.0,16678
1001314,P0011542,M,46-50,14,B,2,1,3,15.0,10.0,4889
1001071,P0039642,M,46-50,1,A,2,0,16,,,12469
1000975,P0031942,M,46-50,2,A,1,1,16,,18.0,3265
1001739,P0086842,M,18-25,14,A,1,1,16,,4.0,12117
1003286,P0046642,M,46-50,7,C,2,0,12,18.0,,5038
1000758,P0087942,M,0-17,11,C,3,0,9,12.0,,13360
1003096,P0032842,M,0-17,1,C,4+,1,18,18.0,8.0,18264
1000321,P0073042,F,46-50,14,A,4+,0,11,16.0,5.0,15007
1002322,P0053942,M,26-35,7,B,3,1,11,16.0,12.0,2726
1000556,P0078942,F,26-35,10,A,1,0,12,5.0,8.0,637
1004940,P0063142,M,18-25,16,A,2,0,18,5.0,,16433
1001387,P0054942,F,26-35,20,B,4+,1,2,5.0,7.0,15975
1004764,P0013542,M,55+,0,B,3,0,4,6.0,16.0,3016
1003048,P0094642,F,55+,19,A,3,0,4,10.0,18.0,14793
1002428,P0052142,F,55+,14,C,0,1,14,8.0,,9714
1002005,P0071942,M,36-45,20,C,3,1,13,2.0,,5168
1001931,P0028842,F,26-35,1,B,0,1,9,16.0,15.0,5277
1004842,P0027742,M,0-17,9,A,0,1,15,10.0,8.0,18549
1004771,P0070742,M,51-55,19,C,4+,0,10,3.0,11.0,19859
1002164,P0041442,M,26-35,5,C,1,1,5,17.0,12.0,19875
1003868,P0011942,F,55+,2,B,1,1,4,2.0,,17715
1002427,P0077542,F,18-25,12,A,3,0,18,13.0,18.0,14168
1003794,P0048142,M,26-35,14,B,2,1,4,17.0,15.0,3987
1002514,P0070842,M,55+,5,A,2,0,16,9.0,14.0,11182
1003804,P0024242,F,18-25,8,A,0,0,11,13.0,4.0,5053
1002328,P0016142,F,36-45,9,A,3,0,7,3.0,,3020
1000618,P0034142,F,46-50,8,A,3,0,1,6.0,,848
1002166,P0033742,M,36-45,17,A,1,1,3,15.0,,2909
1003309,P0023042,M,0-17,8,A,2,0,16,17.0,3.0,17130
1000993,P0070442,M,51-55,17,C,4+,1,4,4.0,,7457
1001378,P0070242,M,36-45,8,C,3,1,3,,,13809
1004382,P0074442,M,36-45,4,C,3,0,1,9.0,,9788
1003175,P0022242,M,0-17,12,C,1,0,1,,9.0,19504
1004783,P0053942,M,0-17,11,A,4+,1,10,12.0,,5575
1001306,P0044142,M,46-50,8,C,4+,0,12,14.0,11.0,17114
1004834,P0051842,M,46-50,18,A,4+,0,3,5.0,17.0,14344
1003079,P0072942,M,26-35,19,B,4+,1,13,,14.0,18497
1002687,P0055442,M,18-25,0,B,2,0,6,3.0,,5172
1002984,P0029742,M,0-17,10,C,0,1,10,,9.0,1773
1002524,P0038142,M,36-45,4,A,4+,0,6,9.0,11.0,19635
1003583,P0098542,M,36-45,6,C,0,0,1,5.0,13.0,14202
1001486,P0010042,F,46-50,12,A,0,1,15,14.0,,2802
1002101,P0082242,M,18-25,5,C,1,0,14,,10.0,9386
1004582,P0087442,F,55+,12,B,4+,1,12,9.0,10.0,6918
1003716,P0043142,M,0-17,5,B,2,0,10,2.0,,3579
1002002,P0031142,F,46-50,14,C,1,1,9,,12.0,1162
1001388,P0018642,M,55+,7,C,1,0,15,13.0,,19500
1003184,P0076442,M,18-25,10,A,0,1,14,3.0,,17196
1001031,P0096142,F,0-17,9,B,3,1,10,,8.0,7045
1001766,P0079842,M,36-45,8,C,2,0,1,17.0,14.0,18042
1004764,P0016042,M,36-45,3,A,4+,1,2,12.0,15.0,15760
1001221,P0089642,M,46-50,13,B,4+,1,2,10.0,17.0,7001
1004931,P0019442,M,18-25,3,A,2,0,2,16.0,,18979
1004972,P0088542,F,36-45,14,B,4+,0,2,9.0,,15845
1003807,P0065242,F,55+,20,B,3,1,8,15.0,,17679
1002415,P0024642,M,18-25,9,A,3,1,18,5.0,3.0,5181
1004346,P0034542,M,46-50,13,A,4+,1,13,4.0,5.0,2999
1001619,P0074342,F,55+,5,B,1,0,17,8.0,5.0,19724
1001264,P0039642,F,55+,15,B,4+,0,8,,16.0,9138
1000872,P0022242,M,26-35,11,A,4+,1,10,,4.0,15115
1000835,P0075442,M,18-25,3,C,2,0,14,11.0,15.0,19613
1002823,P0079342,M,51-55,0,A,3,1,5,13.0,,16050
1000919,P0080342,F,18-25,3,C,1,0,18,14.0,10.0,7645
1001725,P0055542,M,46-50,12,A,2,0,10,9.0,14.0,4346
1002414,P0049842,M,51-55,6,C,2,1,16,16.0,5.0,5288
1001314,P0081842,M,26-35,14,C,1,0,18,14.0,4.0,13919
1004499,P0033042,F,36-45,5,B,1,0,9,9.0,16.0,133
1002106,P0063342,F,0-17,13,A,2,0,10,7.0,3.0,4859
1002569,P0050142,M,46-50,17,A,4+,1,12,,,6653
1001139,P0069142,M,0-17,3,A,1,0,5,7.0,6.0,18539
1000210,P0022942,F,26-35,0,C,0,1,15,5.0,,19405
1001065,P0039142,M,51-55,2,C,1,0,7,18.0,,15579
1004912,P0037542,M,26-35,12,B,2,1,7,18.0,8.0,15913
1002221,P0093442,F,18-25,17,C,0,0,3,6.0,8.0,19133
1000234,P0047542,M,0-17,3,A,2,0,3,18.0,3.0,8014
1000793,P0015442,M,0-17,3,C,3,0,7,,,3461
1003111,P0067742,M,26-35,10,C,3,1,1,8.0,4.0,2063
1002167,P0083842,M,51-55,13,B,4+,0,18,8.0,14.0,2494
1000335,P0012542,F,0-17,6,C,1,1,1,4.0,,8629
1001360,P0054042,M,55+,2,A,2,1,6,14.0,7.0,12515
1001215,P0086442,M,36-45,6,A,0,1,7,15.0,,15635
1004420,P0029642,M,26-35,7,A,1,0,12,3.0,7.0,7276
1000284,P0074142,M,18-25,11,A,4+,0,3,6.0,10.0,16115
1000213,P0034242,F,18-25,6,B,2,0,2,7.0,9.0,8744
1001659,P0092342,M,18-25,15,B,2,0,15,10.0,4.0,6870
1004079,P0082342,M,0-17,16,A,3,1,4,18.0,6.0,16252
1004848,P0028942,M,26-35,3,A,4+,1,11,6.0,,11279
1001418,P0090142,M,18-25,16,C,2,0,5,18.0,5.0,15162
1002387,P0083742,M,26-35,17,C,3,1,12,,,487
1001795,P0085742,F,0-17,3,C,3,1,16,6.0,9.0,962
1000105,P0066742,M,36-45,16,C,0,1,10,,5.0,3983
1004866,P0066642,F,36-45,14,C,4+,0,6,12.0,12.0,11051
1003894,P0037542,M,36-45,16,A,4+,1,12,13.0,9.0,12754
1003846,P0091742,M,0-17,12,C,2,0,7,14.0,4.0,9356
1003691,P0050842,M,18-25,2,C,0,0,10,18.0,,10464
1003293,P0043942,M,0-17,11,C,1,0,16,15.0,,6518
1000379,P0025242,F,26-35,16,B,2,1,3,16.0,3.0,17395
1003294,P0066442,M,36-45,6,B,3,1,16,10.0,17.0,18336
1003330,P0049742,M,26-35,6,B,1,0,12,13.0,,9957
1004809,P0054342,F,0-17,10,A,1,1,8,6.0,,1128
1003439,P0072242,M,46-50,15,B,2,0,5,9.0,,12870
1000225,P0052642,M,46-50,3,C,0,0,17,14.0,10.0,6490
1000738,P0058642,F,55+,15,C,4+,0,14,2.0,,14755
1000236,P0030342,M,0-17,4,C,0,0,9,13.0,9.0,4194
1004279,P0021142,F,18-25,18,A,2,1,12,13.0,6.0,14452
1000712,P0042442,M,51-55,13,B,4+,0,11,5.0,,8480
1001889,P0035742,M,26-35,6,B,1,0,1,,15.0,8378
1004719,P0062742,M,0-17,8,C,3,1,11,3.0,,14734
1001260,P0044942,M,0-17,12,C,0,1,8,3.0,4.0,8885
1000749,P0077742,M,46-50,15,B,4+,1,4,,14.0,3848
1003987,P0091242,M,36-45,20,B,0,0,4,18.0,9.0,4411
1003552,P0099342,F,36-45,3,C,4+,0,11,9.0,15.0,4702
1000510,P0053442,F,51-55,6,B,3,0,4,,4.0,13995
1001824,P0052542,M,18-25,2,B,2,1,6,,4.0,5727
1004881,P0037942,M,18-25,19,A,2,0,9,4.0,16.0,18254
1002942,P0047042,M,51-55,14,C,4+,1,11,11.0,11.0,6143
1004233,P0076942,M,18-25,20,B,4+,1,12,3.0,3.0,19485
1002135,P0034842,M,55+,13,A,2,0,18,9.0,18.0,3713
1001778,P0099042,M,55+,6,A,1,0,9,3.0,14.0,18335
1001223,P0028042,M,46-50,17,A,1,1,15,5.0,,12569
1003668,P0080242,F,0-17,4,A,1,1,17,,,18836
1001778,P0075042,M,18-25,20,A,3,1,9,18.0,,8125
1001305,P0017742,M,46-50,19,A,4+,0,13,,14.0,19608
1004860,P0098442,M,55+,7,A,0,1,2,2.0,15.0,14250
1000702,P0043542,F,26-35,19,C,0,1,17,13.0,,103
1002990,P0014942,F,0-17,17,C,4+,0,18,17.0,,9620
1000152,P0018442,F,51-55,20,C,2,1,6,15.0,5.0,3768
1001326,P0079442,F,26-35,18,A,4+,0,2,12.0,13.0,6267
1001302,P0079442,M,36-45,19,B,1,1,1,4.0,13.0,10391
1003723,P0010342,M,36-45,2,A,1,1,5,17.0,5.0,10518
1001712,P0041642,F,0-17,5,C,0,0,14,,,5461
1000807,P0021042,M,18-25,17,C,4+,0,18,7.0,10.0,17365
1004331,P0043342,M,0-17,14,A,0,1,4,12.0,12.0,16810
1002723,P0095042,F,18-25,13,C,2,0,14,11.0,,16508
1004657,P0086242,F,51-55,20,B,3,0,15,16.0,,1105
1001326,P0023242,F,36-45,7,B,3,1,8,,,8943
1004134,P0071142,F,55+,10,B,2,1,2,11.0,5.0,16665
1001160,P0078342,M,55+,10,A,1,1,17,11.0,16.0,16367
1002870,P0089842,F,0-17,11,C,1,0,17,6.0,,14847
1004517,P0021842,M,0-17,15,C,1,0,6,5.0,,17173
1001243,P0044942,M,51-55,6,B,0,1,6,2.0,,886
1000348,P0078642,M,55+,2,C,0,0,1,18.0,5.0,2135
1001832,P0064142,M,18-25,1,A,3,1,6,10.0,,14361
1001570,P0015442,F,36-45,2,B,1,0,5,3.0,5.0,5281
1003936,P0046042,M,36-45,7,A,1,1,4,13.0,13.0,14806
1001919,P0080742,M,18-25,19,A,2,0,13,8.0,14.0,2752
1003233,P0055242,M,51-55,7,C,3,0,17,,10.0,16140
1003759,P0065242,M,18-25,3,A,0,1,13,10.0,,3142
1002356,P0078442,M,51-55,12,B,3,0,16,4.0,17.0,8627
1001398,P0042942,M,18-25,16,A,1,0,13,14.0,6.0,18188
1002781,P0031842,M,36-45,17,C,1,1,1,17.0,12.0,14773
1001825,P0030742,M,36-45,4,A,0,1,10,13.0,4.0,3144
1002492,P0076942,M,0-17,11,A,0,1,18,17.0,15.0,13890
1004061,P0094442,M,55+,1,C,3,0,17,7.0,11.0,12303
1000405,P0083942,M,55+,9,C,4+,0,17,12.0,11.0,3170
1001722,P0018442,F,51-55,6,C,1,0,10,18.0,,8605
1002826,P0078442,M,36-45,14,C,1,1,2,3.0,,5626
1003846,P0034442,M,51-55,6,C,4+,1,10,7.0,,8559
1004211,P0097142,M,51-55,14,C,3,1,6,14.0,,1574
1003193,P0078442,F,26-35,15,C,2,0,3,12.0,,3780
1000065,P0043442,F,26-35,0,A,2,1,10,17.0,18.0,12325
1001300,P0031142,F,18-25,14,A,1,0,17,5.0,5.0,18959
1004921,P0069542,M,55+,2,A,2,0,12,18.0,3.0,5400
1001416,P0078442,F,51-55,9,B,3,0,12,14.0,8.0,3406
1003594,P0028242,F,18-25,15,C,2,1,6,6.0,,18312
1000969,P0023242,F,18-25,1,A,0,0,12,3.0,,9595
1000369,P0099142,M,0-17,16,C,3,0,6,,8.0,12092
1000233,P0089942,F,26-35,0,B,4+,1,3,10.0,7.0,18664
1002243,P0087342,M,26-35,3,C,1,1,3,7.0,,17709
1003084,P0044942,F,36-45,10,A,3,1,9,5.0,12.0,13312
1000921,P0038142,M,26-35,16,B,2,1,1,6.0,,17814
1000689,P0039242,F,36-45,1,C,3,0,4,11.0,,12754
1004273,P0036842,M,51-55,0,B,4+,0,12,,11.0,3755
1001470,P0096042,M,0-17,5,C,3,1,5,6.0,16.0,15733
1004726,P0029642,F,18-25,10,B,4+,0,18,9.0,,475
1004260,P0063642,M,18-25,3,A,4+,1,16,17.0,18.0,1756
1003623,P0075242,M,51-55,10,C,3,0,10,15.0,,3531
1002101,P0083442,M,36-45,4,C,1,1,12,2.0,11.0,6400
1002266,P0011942,F,46-50,9,C,1,1,11,7.0,,19805
1003790,P0085842,M,51-55,4,A,2,0,5,4.0,17.0,1412
1000824,P0093942,M,36-45,2,B,3,0,3,2.0,16.0,1164
1003432,P0081242,M,51-55,5,A,3,0,6,,6.0,868
1004152,P0050442,M,0-17,12,B,0,0,17,14.0,,1186
1004214,P0021442,M,51-55,15,C,1,1,13,12.0,12.0,2636
1000798,P0099442,M,51-55,6,B,4+,0,7,,6.0,15069
1000780,P0080042,M,26-35,17,B,0,0,12,13.0,3.0,10933
1002851,P0012542,M,36-45,2,C,3,1,11,13.0,6.0,16507
1002893,P0066542,F,0-17,5,C,0,0,17,6.0,,16994
1001894,P0078142,M,55+,9,B,1,1,17,14.0,,3737
1003307,P0049442,M,18-25,15,C,3,0,18,15.0,4.0,5225
1002903,P0048042,M,46-50,12,C,1,0,15,,6.0,17222
1004804,P0062242,M,46-50,8,B,0,1,6,10.0,,19997
1003719,P0063842,F,36-45,15,A,2,1,8,6.0,13.0,12348
1000022,P0096142,M,51-55,10,A,4+,1,11,13.0,,1371
1001501,P0018242,M,26-35,8,C,4+,1,13,,13.0,15605
1000843,P0090142,M,51-55,9,B,2,0,17,3.0,16.0,2984
1001761,P0064942,M,36-45,10,C,2,0,17,2.0,,1681
1003642,P0054442,M,46-50,20,A,2,0,18,2.0,,7387
1000192,P0018642,F,46-50,14,A,1,0,16,18.0,4.0,14278
1000396,P0093242,F,51-55,20,B,3,1,16,2.0,18.0,7697
1004663,P0048642,M,51-55,12,B,2,1,4,6.0,14.0,14061
1004327,P0076742,M,51-55,16,A,1,1,17,,16.0,4533
1000874,P0049742,M,18-25,3,B,0,1,8,16.0,8.0,1914
1002622,P0091942,F,26-35,10,A,0,0,7,6.0,,10376
1004336,P0038542,M,26-35,0,C,2,0,8,6.0,10.0,187
1000090,P0079742,M,55+,0,A,0,1,1,11.0,6.0,259
1002280,P0079342,M,55+,2,A,2,0,2,3.0,,4868
1000457,P0046842,F,46-50,14,B,0,1,13,15.0,,14156
1002281,P0075442,M,46-50,0,B,0,0,2,11.0,9.0,4111
1004450,P0052142,M,36-45,15,B,3,1,5,10.0,14.0,16457
1001005,P0081742,M,36-45,16,C,3,0,5,11.0,4.0,6315
1004535,P0075342,F,55+,8,B,0,0,6,7.0,11.0,12560
1000345,P0079642,M,18-25,4,C,3,0,18,6.0,,754
1002712,P0054242,M,46-50,5,B,2,1,16,3.0,,17993
1004753,P0085242,M,36-45,14,B,4+,1,17,14.0,8.0,4874
1002463,P0061942,M,18-25,8,A,2,1,9,11.0,16.0,9347
1001117,P0068342,M,26-35,2,A,3,0,8,16.0,,17230
1000626,P0038742,F,46-50,18,A,1,0,8,,3.0,4044
1004380,P0019442,M,0-17,20,C,0,0,2,,8.0,3185
1001980,P0076842,M,46-50,12,B,3,0,9,6.0,3.0,11670
1003995,P0014042,M,36-45,12,A,3,0,6,5.0,6.0,18061
1001679,P0043042,M,46-50,2,B,3,0,1,,7.0,461
1000223,P0091242,M,55+,19,A,2,0,1,10.0,3.0,7829
1000744,P0088042,F,0-17,13,B,0,1,13,18.0,13.0,13954
1000463,P0025442,M,55+,1,A,4+,1,7,4.0,13.0,18549
1001569,P0060342,F,46-50,9,A,3,1,13,7.0,10.0,11063
1003348,P0037442,M,55+,8,A,1,1,18,2.0,10.0,18670
1001737,P0076542,M,36-45,12,A,0,0,2,,16.0,9209
1004040,P0066442,M,26-35,10,A,4+,0,3,2.0,,150
1003952,P0027842,M,36-45,1,B,1,1,6,5.0,,19207
1000665,P0085142,M,18-25,15,A,4+,0,13,13.0,,6694
1001357,P0023642,M,55+,4,B,4+,0,9,,12.0,12401
1001015,P0086642,M,36-45,0,A,0,0,3,17.0,,19536
1002133,P0083542,M,18-25,7,B,2,1,15,7.0,,8140
1002669,P0027942,M,46-50,15,A,1,1,4,,,16366
1001055,P0028142,M,18-25,13,A,3,0,17,3.0,4.0,7504
1001765,P0035842,F,55+,1,A,4+,1,17,8.0,11.0,8177
1004459,P0034242,M,51-55,17,C,1,0,13,7.0,4.0,13903
1002870,P0019542,M,46-50,20,B,0,0,11,15.0,11.0,464
1001413,P0029642,M,18-25,6,B,1,1,8,2.0,10.0,13275
1000668,P0062542,F,55+,11,A,3,1,3,,,19069
1003371,P0073142,M,55+,14,A,3,0,18,,,4784
1001395,P0048642,F,36-45,1,A,0,0,1,6.0,,11382
1000099,P0050742,M,0-17,16,C,1,0,8,,10.0,7345
1004071,P0036842,M,46-50,10,A,2,0,9,,3.0,7565
1000422,P0027042,M,18-25,1,A,2,1,17,14.0,,17613
1003651,P0068342,F,0-17,18,B,4+,1,8,12.0,15.0,19516
1004158,P0079042,F,55+,4,C,4+,1,11,17.0,8.0,11118
1001133,P0026942,F,18-25,16,B,1,1,1,12.0,7.0,17165
1001703,P0025842,M,18-25,15,C,4+,0,2,16.0,16.0,14041
1003621,P0060842,F,18-25,12,C,3,0,15,3.0,6.0,2579
1003191,P0054642,M,36-45,12,B,0,1,17,7.0,16.0,3012
1000598,P0076542,M,18-25,12,B,4+,0,15,9.0,,13072
1000392,P0018142,M,0-17,4,C,2,1,18,6.0,,13524
1001076,P0015642,M,51-55,4,C,3,0,12,6.0,,8876
1002651,P0061842,F,18-25,19,A,2,1,14,17.0,9.0,1727
1002385,P0021142,M,51-55,18,A,4+,1,12,5.0,,15586
1000810,P0014742,M,26-35,6,B,4+,0,2,4.0,14.0,3890
1003310,P0069142,M,55+,10,C,3,1,16,7.0,18.0,3134
1003739,P0098642,M,46-50,0,B,2,1,1,5.0,10.0,7402
1001160,P0047542,M,36-45,6,A,0,1,2,6.0,,16097
1001532,P0092742,F,26-35,2,A,0,0,12,17.0,13.0,19727
1004977,P0013242,M,26-35,12,A,3,0,4,10.0,7.0,7219
1002683,P0060342,M,0-17,2,C,4+,1,7,10.0,17.0,9923
1000254,P0072642,M,0-17,5,B,3,1,17,12.0,9.0,6834
1003549,P0099542,M,51-55,14,C,2,1,5,3.0,13.0,11165
1003186,P0010242,M,51-55,3,C,0,0,2,,8.0,10389
1001232,P0058542,M,36-45,4,A,4+,1,13,18.0,12.0,7937
1002424,P0061542,M,36-45,2,A,2,0,8,7.0,5.0,9185
1003576,P0096742,M,46-50,18,B,0,1,18,3.0,10.0,2474
1004262,P0087142,M,18-25,20,C,0,0,4,14.0,9.0,2612
1001574,P0014142,M,36-45,15,B,1,1,6,13.0,,15796
1002909,P0010842,F,36-45,16,B,4+,1,9,8.0,17.0,19658
1004713,P0091842,F,51-55,8,B,3,1,10,8.0,3.0,12132
1001626,P0075642,M,18-25,8,B,1,1,4,12.0,,5980
1003999,P0070842,M,46-50,13,A,0,0,4,,,7566
1003884,P0088742,M,55+,10,B,4+,1,7,4.0,11.0,3896
1003516,P0024142,F,55+,9,A,4+,1,14,12.0,12.0,16608
1003404,P0088942,M,0-17,4,B,1,0,12,10.0,3.0,18689
1004599,P0053542,F,46-50,3,A,2,0,15,11.0,,6567
1004681,P0012642,M,18-25,10,B,2,1,17,,,9000
1001959,P0014242,M,0-17,5,C,3,0,13,12.0,4.0,9720
1004010,P0023042,M,0-17,1,C,4+,1,1,15.0,,12151
1002736,P0031542,M,0-17,2,A,1,0,13,,14.0,1527
1004492,P0070542,M,46-50,17,A,0,1,16,8.0,,392
1003175,P0061942,M,51-55,17,B,2,0,13,9.0,18.0,10307
1000402,P0069742,F,18-25,6,C,1,0,9,6.0,13.0,2644
1000975,P0044442,F,46-50,20,B,3,1,18,15.0,13.0,19706
1000224,P0060742,M,46-50,12,A,3,0,16,7.0,,18743
1004614,P0074942,M,26-35,12,B,4+,0,12,6.0,,1346
1000236,P0098042,M,36-45,5,C,3,1,8,,16.0,12085
1003499,P0051242,M,55+,2,C,3,0,1,15.0,,12600
1004212,P0034542,M,46-50,9,C,2,1,13,18.0,,13502
1003235,P0054842,M,26-35,20,C,2,1,13,,5.0,4221
1000226,P0012042,M,55+,4,C,3,0,3,,,7457
1002278,P0050742,M,51-55,10,A,4+,0,1,8.0,8.0,1181
1004278,P0055642,F,51-55,3,B,2,1,14,12.0,,3202
1001342,P0054342,F,18-25,9,B,2,1,1,,,1227
1004037,P0036442,M,26-35,3,B,3,0,5,2.0,,14119
1000210,P0075942,M,46-50,12,A,4+,1,5,,,17112
1003728,P0028342,F,18-25,7,A,3,0,11,,,15752
1003929,P0032642,M,26-35,5,A,0,0,12,11.0,9.0,19617
1004990,P0090342,M,46-50,10,A,0,0,8,12.0,18.0,11050
1002804,P0064742,M,18-25,1,B,4+,0,10,2.0,13.0,15515
1001110,P0034542,M,55+,17,C,0,1,18,13.0,6.0,3411
1002027,P0017242,M,18-25,17,C,4+,0,9,4.0,12.0,10126
1000394,P0024942,F,55+,11,A,0,1,11,7.0,,11552
1000844,P0061242,M,36-45,16,B,1,1,5,18.0,,8283
1001525,P0016842,F,51-55,18,B,2,0,13,12.0,13.0,7989
1000604,P0090442,M,55+,16,A,3,0,13,17.0,10.0,3284
1000582,P0032942,M,46-50,3,B,4+,0,4,,7.0,14828
1001940,P0082242,F,36-45,16,C,0,0,17,5.0,13.0,8286
1000133,P0017142,F,18-25,15,A,1,1,14,7.0,10.0,19628
1002839,P0097442,M,18-25,8,B,0,0,9,13.0,14.0,1857
1003386,P0070742,M,26-35,10,B,1,1,2,,5.0,4992
1003771,P0049642,M,36-45,11,B,3,1,4,17.0,,8430
1002269,P0018342,M,0-17,10,A,2,0,11,14.0,3.0,7666
1000976,P0083942,M,46-50,12,C,2,0,10,15.0,,17521
1001814,P0039842,M,51-55,7,B,1,1,5,10.0,10.0,14050
1003264,P0084742,M,55+,13,A,0,1,16,10.0,11.0,5222
1001544,P0039242,M,36-45,17,A,2,1,6,,7.0,1775
1002836,P0083342,M,18-25,13,B,0,1,5,,,15773
1002739,P0032242,M,26-35,15,A,4+,1,13,17.0,4.0,2929
1001358,P0089242,M,46-50,14,C,0,0,9,16.0,10.0,2932
1004135,P0083242,F,51-55,19,C,4+,1,10,13.0,6.0,13253
1001317,P0031542,F,55+,6,A,4+,1,2,8.0,15.0,17729
1000162,P0033042,M,46-50,7,B,2,1,15,10.0,16.0,7687
1001910,P0050442,M,26-35,5,C,4+,0,12,3.0,7.0,10108
1001128,P0026842,M,18-25,12,B,0,1,12,3.0,,14681
1003871,P0042842,M,55+,16,A,3,0,3,9.0,16.0,17283
1001659,P0052542,M,51-55,7,C,0,1,15,4.0,,3084
1003126,P0065342,M,0-17,10,B,1,0,13,9.0,,1347
1001964,P0086942,F,26-35,16,A,1,0,3,6.0,,10638
1002290,P0029542,M,0-17,8,B,0,0,13,9.0,18.0,10285
1000967,P0070742,M,36-45,1,C,1,1,5,9.0,18.0,9372
1000890,P0092842,M,46-50,9,A,3,1,11,17.0,7.0,11013
1003062,P0062542,M,51-55,20,A,1,0,17,15.0,,3810
1003630,P0072442,M,18-25,13,B,2,0,12,18.0,12.0,7428
1003190,P0017642,F,0-17,1,B,3,1,5,9.0,,13724
1002749,P0037642,M,18-25,4,A,2,0,17,18.0,14.0,15452
1001667,P0056542,M,36-45,16,C,2,0,11,,,14335
1003067,P0054742,M,0-17,7,C,3,0,2,7.0,13.0,1099
1001442,P0041942,F,18-25,17,B,2,0,6,16.0,16.0,14565
1001068,P0025942,F,18-25,7,B,1,0,3,3.0,7.0,8966
1004224,P0059142,M,55+,11,B,0,0,15,12.0,16.0,19818
1002924,P0041242,M,36-45,13,C,3,0,18,5.0,8.0,4656
1004254,P0073042,M,26-35,2,C,0,1,17,18.0,,3238
1003857,P0026042,M,51-55,13,B,3,0,15,10.0,12.0,1450
1000827,P0040742,M,36-45,3,B,3,0,2,14.0,13.0,2593
1004608,P0096242,M,0-17,0,A,2,0,5,13.0,,14782
1003986,P0024542,F,0-17,8,A,0,1,5,4.0,5.0,14073
1002093,P0077442,M,46-50,13,A,1,1,9,4.0,10.0,1189
1003180,P0049542,M,18-25,9,A,0,0,6,13.0,,8339
1004539,P0079042,M,51-55,17,B,3,0,10,8.0,,7707
1003902,P0018842,M,0-17,9,C,1,1,16,4.0,8.0,10759
1002363,P0083442,M,26-35,6,C,2,0,12,8.0,15.0,5755
1002225,P0087742,M,26-35,7,A,1,1,9,5.0,17.0,3843
1001727,P0085042,M,36-45,13,C,1,0,3,2.0,10.0,6073
1002007,P0040742,M,0-17,3,A,0,0,17,9.0,11.0,6697
1000267,P0064542,F,51-55,10,B,3,1,10,15.0,,1110
1000838,P0047042,M,51-55,9,A,3,1,18,4.0,6.0,16058
1004585,P0055042,M,0-17,16,C,3,1,7,13.0,,561
1004798,P0026642,M,55+,4,C,4+,0,7,5.0,11.0,4250
1000687,P0049142,M,46-50,9,C,2,0,9,3.0,8.0,14808
1003362,P0073642,M,46-50,9,B,0,0,16,3.0,9.0,12302
1000357,P0083542,M,46-50,6,A,3,0,11,6.0,10.0,14497
1003816,P0059042,M,55+,16,B,1,0,9,11.0,10.0,17193
1000872,P0024942,F,0-17,19,B,4+,0,1,10.0,9.0,6905
1001974,P0056742,M,36-45,11,A,2,0,12,11.0,,6735
1004648,P0080042,F,55+,4,C,3,1,3,9.0,9.0,15484
1001811,P0014242,M,51-55,4,C,4+,0,8,,,5664
1004419,P0012842,F,36-45,3,C,2,1,7,,,5897
1002642,P0097342,M,36-45,6,C,1,0,5,15.0,9.0,18966
1002229,P0073142,F,55+,1,B,4+,1,5,8.0,17.0,17329
1003392,P0094842,M,36-45,0,A,0,1,5,5.0,14.0,7352
1004179,P0013042,M,26-35,9,A,2,0,12,15.0,,13876
1002351,P0079242,M,0-17,0,A,4+,0,5,,10.0,11972
1004358,P0077342,M,18-25,12,B,4+,0,7,18.0,,10781
1004880,P0022742,M,0-17,16,C,2,0,1,8.0,14.0,14669
1002740,P0086642,M,36-45,8,C,4+,0,2,5.0,18.0,2101
1002731,P0039342,M,26-35,3,A,4+,1,12,18.0,17.0,13204
1001319,P0054042,M,26-35,8,C,2,0,10,10.0,4.0,17999
1001536,P0096842,M,0-17,6,B,1,0,16,13.0,17.0,7208
1004785,P0048742,F,18-25,1,C,0,1,11,2.0,,9147
1002444,P0086542,F,55+,17,C,2,0,18,18.0,10.0,5272
1001773,P0074142,M,55+,20,C,3,1,12,6.0,13.0,14317
1003210,P0062342,M,36-45,14,A,4+,1,9,17.0,8.0,6501
1004935,P0064642,F,26-35,9,B,0,0,7,15.0,8.0,7811
1000878,P0080942,F,36-45,16,A,0,1,7,10.0,10.0,7716
1002871,P0085942,M,36-45,6,B,2,0,13,12.0,,3829
1003201,P0020942,F,51-55,10,A,3,1,13,12.0,15.0,3955
1004145,P0042742,M,36-45,6,B,3,1,5,6.0,,19315
1003748,P0050442,M,46-50,10,B,1,1,14,4.0,,6664
1002837,P0034442,M,51-55,14,A,3,0,16,18.0,,2841
1000293,P0086142,M,36-45,18,A,2,0,13,15.0,12.0,13750
1001652,P0097742,M,36-45,18,C,0,0,12,14.0,15.0,16726
1004632,P0092842,M,18-25,9,B,0,1,1,7.0,9.0,4427
1004407,P0026242,M,55+,15,B,3,1,8,10.0,4.0,5302
1000537,P0065942,M,51-55,19,B,4+,1,8,4.0,,19688
1002687,P0049842,M,55+,7,B,1,0,15,17.0,,2168
1000234,P0068242,M,51-55,0,B,3,1,3,2.0,,666
1002653,P0049842,M,18-25,1,C,2,0,8,2.0,6.0,13303
1002375,P0059242,M,46-50,9,C,1,1,18,12.0,,13789
1002273,P0074542,F,51-55,9,C,3,1,7,8.0,,11317
1000967,P0033842,F,46-50,9,B,1,1,12,4.0,5.0,634
1000890,P0056442,M,36-45,8,A,4+,1,15,16.0,,19510
1003864,P0067942,M,26-35,17,A,2,1,8,,3.0,1121
1003401,P0088942,M,26-35,1,B,3,0,16,7.0,,2645
1000035,P0013142,F,0-17,4,C,0,1,5,14.0,13.0,15379
1004543,P0022242,M,26-35,20,A,2,1,5,16.0,,17352
1003524,P0063342,M,26-35,10,A,4+,1,9,14.0,,7440
1001764,P0076642,M,18-25,5,C,4+,1,13,9.0,4.0,14880
1003292,P0020942,F,0-17,7,B,0,1,15,13.0,8.0,16291
1002489,P0037042,M,55+,7,B,2,0,8,16.0,,7776
1002701,P0047942,M,0-17,9,B,3,0,12,,6.0,12302
1001559,P0039942,M,18-25,10,B,0,0,9,17.0,4.0,8655
1004691,P0072642,M,26-35,18,B,3,1,15,8.0,6.0,6923
1002277,P0083142,M,26-35,13,A,1,0,15,15.0,,10450
1004007,P0084142,M,0-17,10,C,3,1,13,,3.0,5170
1004440,P0086342,M,26-35,2,A,1,1,15,12.0,13.0,1017
1001104,P0034842,F,0-17,0,A,3,1,5,3.0,5.0,3828
1001420,P0062042,M,26-35,20,A,1,0,10,14.0,,397
1001479,P0013342,M,36-45,2,C,2,1,12,14.0,9.0,12906
1003915,P0032742,F,18-25,8,A,4+,0,17,4.0,,12631
1003743,P0068442,M,51-55,0,A,2,0,9,6.0,7.0,13591
1002957,P0049842,F,46-50,11,B,0,1,5,15.0,12.0,10236
1001383,P0091242,F,55+,11,C,2,1,9,,,5677
1002575,P0082342,M,36-45,5,B,2,1,5,5.0,12.0,13205
1003385,P0068342,M,26-35,7,B,4+,1,14,14.0,5.0,19217
1001570,P0066942,M,46-50,2,A,2,0,7,11.0,12.0,16243
1001895,P0031942,F,51-55,20,B,0,0,9,8.0,14.0,18702
1002244,P0047042,M,36-45,10,A,2,1,12,,14.0,15072
1001867,P0088642,M,51-55,10,B,2,0,5,,,1437
1000029,P0086042,M,18-25,4,C,2,1,7,5.0,6.0,7937
1000706,P0062742,F,46-50,6,C,2,0,5,16.0,14.0,18058
1001021,P0017442,F,51-55,18,B,4+,0,17,17.0,9.0,2249
1002064,P0071742,F,46-50,6,A,4+,0,11,,14.0,11747
1001447,P0023542,M,18-25,9,A,0,0,5,3.0,7.0,6922
1003665,P0017342,M,51-55,7,A,0,0,4,,8.0,8040
1002988,P0035342,M,36-45,20,B,0,1,1,6.0,16.0,6122
1003603,P0011742,M,46-50,20,A,2,0,1,,10.0,16562
1003686,P0014242,M,55+,13,B,3,1,14,18.0,6.0,10421
1003369,P0014942,M,55+,0,C,2,0,9,17.0,18.0,8008
1003582,P0061442,M,55+,12,A,3,0,1,7.0,,334
1002763,P0084342,F,51-55,5,B,0,1,8,17.0,,5114
1004038,P0083042,M,18-25,5,A,2,1,13,7.0,,1595
1000573,P0067042,F,55+,20,B,0,0,9,8.0,3.0,18748
1004089,P0089542,M,51-55,4,A,4+,1,15,18.0,,13841
1000615,P0091342,M,51-55,2,C,0,1,11,13.0,,4299
1004051,P0067542,M,36-45,11,B,2,0,4,8.0,,6949
1000326,P0068142,M,26-35,14,B,4+,1,8,15.0,9.0,9107
1003741,P0040242,M,0-17,2,C,4+,0,13,,17.0,6109
1000359,P0024142,M,26-35,15,C,3,0,17,13.0,14.0,3857
1003778,P0030142,F,26-35,17,A,1,1,4,6.0,14.0,15982
1002372,P0030642,F,0-17,8,B,4+,1,10,13.0,,7461
1001722,P0051442,M,51-55,7,B,1,0,2,13.0,6.0,4477
1001350,P0032042,F,26-35,10,A,0,1,15,14.0,5.0,9702
1003697,P0046142,M,26-35,2,A,0,0,18,17.0,15.0,13813
1003897,P0085742,F,18-25,4,B,4+,0,14,,,15991
1004261,P0018042,M,18-25,9,C,3,1,3,4.0,4.0,12446
1001597,P0086242,F,36-45,4,A,0,0,1,5.0,12.0,314
1001628,P0066242,M,46-50,7,B,1,0,3,18.0,15.0,10325
1002503,P0038442,F,51-55,5,A,4+,0,13,12.0,3.0,8941
1003809,P0046842,M,55+,20,C,4+,0,8,16.0,10.0,19001
1000193,P0059142,M,36-45,15,B,3,0,17,10.0,5.0,14007
1002675,P0099542,M,18-25,11,B,4+,0,16,18.0,,14125
1003846,P0044542,M,18-25,16,B,2,1,16,10.0,13.0,2429
1002578,P0030342,M,0-17,7,C,1,1,12,,18.0,11503
1000092,P0012442,F,0-17,3,A,2,1,16,9.0,18.0,14762
1004235,P0065242,M,55+,20,C,2,0,15,7.0,11.0,9679
1000481,P0016842,M,55+,16,C,1,0,9,4.0,3.0,14881
1002917,P0061542,M,18-25,2,C,4+,1,16,18.0,9.0,18037
1004436,P0059142,M,26-35,17,B,4+,0,2,,15.0,860
1001076,P0033942,M,55+,15,C,2,0,10,,8.0,15330
1002514,P0046042,M,36-45,1,B,1,1,12,17.0,,18959
1000799,P0054042,M,18-25,12,B,0,0,18,10.0,13.0,1070
1004571,P0013042,F,51-55,0,A,1,1,18,8.0,11.0,15279
1003950,P0099842,M,18-25,2,A,2,0,4,7.0,5.0,10759
1000605,P0072842,F,0-17,0,C,1,1,2,17.0,9.0,18888
1002980,P0080642,F,36-45,1,B,1,1,7,8.0,17.0,12750
1004917,P0070142,M,36-45,18,B,0,0,11,17.0,,16962
1000598,P0078942,F,46-50,2,A,3,0,13,,,6374
1001533,P0075642,M,18-25,0,B,3,1,17,5.0,,8923
1000514,P0081342,M,46-50,8,C,0,0,10,4.0,,17043
1001878,P0042142,M,0-17,7,B,1,1,16,4.0,9.0,6419
1003973,P0044342,M,46-50,4,C,2,1,16,3.0,8.0,1867
1003844,P0081442,F,26-35,0,A,0,0,16,15.0,4.0,10844
1001700,P0063542,M,18-25,14,A,3,1,13,13.0,,15198
1001030,P0045442,M,18-25,16,B,3,1,11,13.0,,669
1004596,P0057042,M,36-45,14,B,0,0,12,13.0,9.0,243
1000717,P0020442,M,55+,7,A,1,0,17,3.0,,5120
1004087,P0088642,F,46-50,20,C,4+,1,15,7.0,,13780
1000666,P0042142,M,36-45,2,C,2,1,3,7.0,16.0,19236
1002209,P0067142,M,51-55,8,C,4+,0,9,11.0,16.0,12991
1001080,P0098242,M,46-50,19,A,2,1,10,,,17963
1000228,P0062642,M,55+,13,A,4+,0,12,,,17349
1000149,P0060342,M,46-50,5,A,4+,1,9,14.0,10.0,15283
1001070,P0018442,M,55+,19,B,2,1,5,6.0,4.0,3615
1004728,P0080842,M,55+,3,A,2,0,2,9.0,,13145
1001364,P0033442,F,0-17,11,C,3,1,13,8.0,3.0,5053
1004509,P0095542,M,46-50,2,C,1,1,11,6.0,,18428
1001756,P0036242,F,36-45,2,A,1,0,9,,,3434
1000520,P0010542,F,51-55,20,A,3,1,8,4.0,,4260
1003545,P0059342,F,55+,16,C,4+,1,15,13.0,11.0,13653
1002323,P0099242,M,46-50,5,A,2,0,16,17.0,8.0,2932
1001103,P0038842,F,46-50,14,B,0,1,10,,5.0,6975
1000598,P0066942,F,18-25,10,A,4+,0,2,6.0,3.0,11352
1003274,P0075642,F,18-25,17,C,1,1,15,5.0,13.0,17654
1004050,P0097742,M,51-55,2,C,2,1,18,11.0,,13202
1002606,P0065342,M,55+,16,A,3,1,13,9.0,12.0,13297
1002189,P0044942,F,18-25,10,C,4+,0,5,6.0,13.0,12187
1004826,P0029942,M,26-35,5,A,0,1,1,3.0,,19566
1000589,P0078542,M,18-25,4,C,4+,1,3,9.0,13.0,17027
1004473,P0099642,M,26-35,9,C,3,1,10,7.0,,18129
1001408,P0043442,F,51-55,1,C,0,1,15,5.0,,7942
1004847,P0070642,M,26-35,14,A,4+,1,16,9.0,,15020
1004723,P0031642,F,51-55,10,A,3,1,4,3.0,18.0,3973
1003391,P0072242,M,36-45,13,A,4+,0,3,,5.0,9295
1003441,P0045242,M,18-25,13,B,2,0,5,13.0,,12076
1001630,P0079142,M,46-50,2,B,4+,1,3,11.0,17.0,5266
1000995,P0077442,M,55+,15,B,3,0,8,4.0,17.0,13164
1004799,P0073042,M,0-17,13,C,1,0,6,17.0,17.0,4670
1002060,P0042442,M,55+,9,C,3,1,15,3.0,,17983
1004573,P0032742,M,46-50,7,A,4+,1,6,,13.0,17988
1002987,P0024442,M,18-25,11,C,2,1,7,18.0,5.0,2059
1000401,P0040742,M,46-50,4,B,1,0,8,11.0,15.0,14865
1002856,P0075342,M,18-25,12,B,3,1,16,15.0,6.0,3601
1002225,P0073342,M,55+,11,A,1,0,13,3.0,,204
1003413,P0038442,M,18-25,2,C,2,1,5,11.0,9.0,19266
1000057,P0049142,M,46-50,16,C,0,1,2,18.0,,15629
1001876,P0083742,F,26-35,19,B,1,1,14,3.0,7.0,3736
1004544,P0045942,M,36-45,4,A,3,1,18,6.0,12.0,3844
1004299,P0086842,M,36-45,5,B,2,1,18,17.0,6.0,6618
1003769,P0089642,M,36-45,12,C,3,1,18,11.0,13.0,6393
1004834,P0026442,M,36-45,5,B,2,1,15,15.0,15.0,19051
1004298,P0083242,M,0-17,12,B,3,0,5,18.0,,18412
1001354,P0068042,M,51-55,14,C,2,1,2,4.0,3.0,13294
1002411,P0092042,M,18-25,1,C,4+,0,11,11.0,8.0,18498
1004988,P0032342,M,0-17,10,C,3,1,10,13.0,9.0,7226
1004312,P0022342,M,36-45,15,B,2,0,5,14.0,18.0,17800
1002603,P0044342,M,36-45,17,B,0,0,2,18.0,9.0,18134
1002935,P0095042,M,55+,1,B,2,1,12,11.0,15.0,1143
1000023,P0062342,M,46-50,9,A,0,0,17,8.0,15.0,10515
1002203,P0015142,F,36-45,12,A,1,1,5,18.0,,1772
1001210,P0022842,M,18-25,7,C,2,1,18,,,14133
1002297,P0023442,F,55+,6,A,1,0,16,9.0,,223
1000749,P0075642,M,36-45,15,C,1,0,8,16.0,,7489
1000805,P0022642,F,36-45,16,B,4+,0,4,6.0,,4477
1000134,P0083742,M,0-17,8,C,2,1,4,3.0,,8085
1004417,P0017042,M,18-25,7,B,4+,0,4,9.0,,18547
1002438,P0037242,M,26-35,19,C,4+,1,17,10.0,8.0,15837
1000434,P0028642,M,46-50,4,A,1,0,10,4.0,,9630
1004969,P0010242,M,26-35,4,B,3,1,1,4.0,,18371
1003672,P0038442,M,51-55,12,B,1,1,18,16.0,16.0,1545
1003737,P0012142,M,0-17,15,B,1,1,15,16.0,7.0,15905
1004040,P0026542,M,36-45,10,A,0,0,10,3.0,4.0,12638
1002099,P0040942,M,46-50,14,A,3,1,16,12.0,8.0,18484
1002918,P0097442,M,51-55,16,A,1,0,4,13.0,,10582
1000253,P0057642,M,51-55,14,B,3,0,18,11.0,9.0,6100
1004835,P0059742,M,18-25,11,C,0,1,11,,14.0,16007
1001130,P0053342,M,46-50,3,C,3,1,8,11.0,,10905
1003265,P0085742,F,51-55,3,A,2,0,1,12.0,15.0,10802
1000302,P0033342,F,0-17,20,C,0,1,2,8.0,,16011
1001978,P0093642,M,36-45,15,B,3,0,17,7.0,,7667
1002764,P0076942,M,0-17,14,B,4+,1,10,18.0,,339
1004006,P0076242,M,55+,7,A,3,1,8,,11.0,18653
1003242,P0082442,M,51-55,20,A,0,1,9,8.0,6.0,18143
1003058,P0047542,M,18-25,19,C,4+,1,10,18.0,,4491
1000551,P0082942,M,26-35,7,C,3,1,5,10.0,18.0,6318
1001588,P0034542,M,36-45,10,C,3,1,9,12.0,17.0,16965
1001823,P0040242,M,36-45,20,A,0,1,11,5.0,17.0,7068
1003218,P0050442,F,0-17,16,A,4+,0,18,13.0,3.0,16468
1003497,P0088742,F,0-17,2,A,4+,1,1,,9.0,1493
1004410,P0076242,F,0-17,6,B,3,1,16,3.0,,13355
1004280,P0080742,M,51-55,11,C,2,0,10,7.0,3.0,12427
1000713,P0012042,M,36-45,0,A,0,0,18,15.0,18.0,11729
1002176,P0035642,F,0-17,10,A,0,1,1,7.0,4.0,3106
1004073,P0049842,M,55+,4,A,1,0,6,9.0,3.0,3451
1003850,P0062842,M,46-50,5,C,4+,0,1,7.0,,17861
1002434,P0015042,M,51-55,13,C,4+,0,3,,,1111
1003302,P0054642,M,51-55,16,B,1,0,13,11.0,10.0,2853
1000271,P0036942,M,46-50,2,B,3,1,12,4.0,,2038
1001795,P0092642,F,46-50,3,B,3,1,14,4.0,4.0,12529
1004907,P0069442,M,51-55,0,B,0,1,17,8.0,13.0,15048
1002463,P0091742,F,36-45,3,A,3,1,16,10.0,14.0,13687
1004294,P0073542,F,0-17,13,B,2,0,13,7.0,13.0,18332
1003395,P0090142,F,55+,20,A,2,0,4,13.0,11.0,9719
1001080,P0036142,M,18-25,6,A,2,0,15,,18.0,3800
1002879,P0046442,M,0-17,20,C,1,0,9,17.0,,4994
1004724,P0014842,F,36-45,6,A,2,1,17,13.0,,16942
1000604,P0061742,M,46-50,0,C,1,1,11,16.0,6.0,19483
1001586,P0072842,M,36-45,1,B,0,1,7,15.0,,6039
1003058,P0021742,M,0-17,2,B,0,0,7,3.0,,13998
1003986,P0055242,M,55+,17,C,2,1,4,14.0,10.0,12205
1004690,P0087442,M,36-45,10,C,1,0,8,,8.0,211
1001396,P0096442,M,18-25,11,B,2,1,14,18.0,5.0,12917
1003689,P0098542,M,36-45,13,A,3,0,4,11.0,13.0,17501
1000600,P0074042,M,26-35,8,A,1,0,17,8.0,16.0,9708
1000514,P0049642,F,36-45,9,C,1,0,18,9.0,17.0,17056
1001067,P0078242,M,0-17,12,A,1,1,15,13.0,13.0,15401
1002887,P0012642,M,26-35,2,A,1,1,5,10.0,,11183
1002654,P0081042,F,46-50,8,B,3,0,15,8.0,,5988
1004906,P0047142,M,0-17,1,C,2,0,4,4.0,15.0,19117
1001089,P0099842,F,51-55,7,B,0,0,4,4.0,16.0,6544
1004386,P0092542,M,18-25,6,A,4+,0,12,2.0,7.0,17420
1004865,P0095642,M,36-45,8,A,4+,0,18,,16.0,5931
1002515,P0019642,M,36-45,12,B,1,0,18,9.0,4.0,15740
1003970,P0062842,M,0-17,6,A,1,1,1,3.0,17.0,18992
1003285,P0078442,M,36-45,6,A,0,1,4,13.0,,4611
1004567,P0071242,M,36-45,0,B,4+,0,15,15.0,,3817
1002197,P0028542,M,46-50,1,A,1,1,6,15.0,13.0,12246
1004184,P0079542,F,36-45,20,B,3,1,2,,15.0,7153
1000790,P0031442,M,36-45,16,C,4+,1,2,6.0,14.0,12282
1003476,P0035042,F,46-50,9,A,3,1,2,,9.0,688
1003154,P0031542,M,51-55,14,A,0,1,11,,5.0,18145
1001665,P0012842,M,36-45,15,B,0,1,8,11.0,,18719
1001310,P0020142,F,51-55,20,C,4+,1,17,,4.0,15979
1000865,P0022242,F,46-50,12,A,2,0,12,6.0,13.0,6581
1003864,P0015342,M,18-25,20,A,4+,1,4,8.0,3.0,16047
1003364,P0038242,F,36-45,7,C,3,0,1,17.0,,1364
1003525,P0071342,M,0-17,8,A,2,1,10,,,3581
1003787,P0021642,M,26-35,0,B,3,1,7,3.0,8.0,15470
1000024,P0071542,M,18-25,3,C,3,0,16,15.0,9.0,18689
1003004,P0065642,F,36-45,17,C,3,0,17,,11.0,11537
1000311,P0021342,F,0-17,0,A,1,1,6,4.0,15.0,6783
1001232,P0095442,M,26-35,2,C,2,1,1,5.0,18.0,16674
1003789,P0064242,F,46-50,9,C,1,0,11,15.0,4.0,7325
1002712,P0077542,F,36-45,1,C,1,1,13,14.0,,19216
1004802,P0080042,M,55+,17,A,3,1,13,7.0,4.0,16396
1000422,P0039242,M,51-55,1,C,0,1,9,,,7501
1001774,P0029442,M,51-55,12,A,4+,0,3,9.0,15.0,13739
1003569,P0039142,M,46-50,20,C,0,1,2,8.0,,18313
1000947,P0098642,F,18-25,8,B,3,1,1,18.0,,5712
1001187,P0036042,M,51-55,1,C,4+,0,7,13.0,13.0,7225
1001835,P0030642,M,26-35,1,C,4+,1,10,10.0,,9865
1001565,P0066342,M,51-55,4,C,3,1,2,12.0,4.0,12696
1004945,P0014842,M,55+,13,B,1,1,4,16.0,17.0,15455
1001948,P0010542,M,55+,2,C,4+,1,16,3.0,9.0,18144
1001309,P0047842,M,26-35,13,B,4+,1,8,8.0,,15364
1002987,P0049342,M,51-55,0,B,4+,0,12,,,19164
1000387,P0098542,M,46-50,8,B,4+,0,5,16.0,17.0,18483
1001162,P0032342,F,46-50,15,A,2,0,3,3.0,9.0,447
1003259,P0012242,M,51-55,16,A,1,0,1,11.0,12.0,16209
1004812,P0075642,M,55+,7,B,2,1,14,8.0,18.0,7692
1003934,P0020942,M,18-25,14,A,2,1,16,17.0,13.0,17772
1002848,P0082342,M,0-17,20,B,3,1,9,4.0,,9413
1004522,P0091142,F,55+,7,A,1,1,5,4.0,12.0,12534
1001440,P0065242,M,51-55,6,A,0,1,4,16.0,15.0,6869
1003443,P0049842,M,55+,8,C,1,0,6,,7.0,6287
1004481,P0027142,M,55+,1,A,0,1,12,9.0,,14665
1000056,P0079742,M,36-45,9,A,4+,1,14,,,18282
1003325,P0082542,F,0-17,4,C,0,1,14,9.0,12.0,2982
1000106,P0040542,M,55+,15,B,0,0,6,15.0,,6379
1003202,P0066342,M,51-55,20,C,0,1,5,11.0,3.0,11948
1000670,P0068142,F,55+,0,A,4+,0,2,16.0,8.0,11160
1004472,P0080742,M,26-35,5,A,4+,0,3,3.0,13.0,3954
1000743,P0025042,M,36-45,9,B,2,1,9,12.0,13.0,17755
1000967,P0052742,M,18-25,9,A,0,1,7,,,18228
1000308,P0072042,M,0-17,18,C,1,0,12,17.0,,853
1002139,P0056642,F,0-17,12,B,3,0,18,6.0,10.0,15396
1003465,P0072942,M,36-45,18,C,2,1,13,8.0,18.0,8801
1004898,P0097642,F,18-25,2,A,0,1,1,15.0,16.0,12945
1000110,P0070642,M,55+,12,B,2,0,1,4.0,7.0,11463
1003633,P0086742,M,51-55,3,A,0,0,1,2.0,11.0,18029
1004436,P0065542,M,18-25,7,A,0,1,7,17.0,3.0,19603
1001916,P0016642,M,51-55,11,C,2,1,9,13.0,10.0,13088
1004264,P0025542,M,0-17,16,A,0,0,1,15.0,5.0,2756
1000557,P0093442,M,55+,0,C,0,0,15,2.0,,3568
1000105,P0030542,F,51-55,1,A,3,0,12,9.0,,5826
1002048,P0088542,M,0-17,8,C,1,0,4,12.0,,4402
1000146,P0025442,M,46-50,0,C,4+,1,10,15.0,,11718
1002764,P0079042,F,36-45,18,B,3,1,18,18.0,17.0,2412
1000874,P0060842,F,55+,16,B,4+,1,5,7.0,8.0,169
1000299,P0067142,M,18-25,4,A,4+,0,2,,,12623
1003239,P0017342,F,26-35,14,A,1,1,7,15.0,8.0,5579
1000646,P0014842,M,36-45,19,B,3,1,6,9.0,9.0,17393
1004734,P0088242,M,51-55,11,C,0,0,16,15.0,,19284
1003079,P0056642,F,46-50,3,C,1,0,15,15.0,6.0,9159
1002512,P0068442,F,36-45,14,B,0,0,9,6.0,18.0,19285
1000784,P0080742,F,0-17,2,B,0,0,7,2.0,10.0,3908
1004993,P0027842,F,36-45,13,A,0,0,10,4.0,18.0,7995
1000371,P0014742,M,55+,3,C,0,1,2,,,18621
1000487,P0017142,M,51-55,18,B,3,0,3,,12.0,12525
1002038,P0021242,M,36-45,5,C,4+,1,3,5.0,11.0,12938
1003197,P0085642,M,55+,16,C,4+,1,8,15.0,11.0,14965
1001361,P0099642,M,36-45,17,B,3,0,5,,11.0,17577
1004288,P0092042,M,51-55,7,C,4+,1,12,,,16808
1004826,P0025842,F,26-35,18,A,1,0,11,13.0,13.0,11539
1002262,P0088542,F,46-50,19,B,0,1,4,16.0,,1056
1002622,P0087942,M,36-45,11,C,0,1,4,9.0,,6701
1000957,P0091542,M,36-45,16,B,0,1,1,3.0,16.0,6012
1000381,P0012942,M,26-35,18,B,2,0,7,12.0,14.0,17863
1003650,P0019642,M,18-25,0,C,1,1,2,8.0,12.0,4683
1004894,P0035042,F,36-45,10,A,2,1,1,10.0,,3134
1000239,P0061842,M,55+,9,B,3,1,17,5.0,15.0,4538
1001106,P0019142,M,51-55,15,C,2,1,11,16.0,10.0,5839
1001387,P0021242,F,55+,4,B,4+,1,5,,16.0,18117
1002553,P0035842,F,51-55,16,B,4+,0,6,16.0,,18479
1002250,P0020642,M,36-45,8,C,1,0,6,11.0,16.0,6740
1001528,P0067442,M,18-25,7,A,2,1,17,10.0,3.0,10206
1001668,P0048942,F,51-55,9,C,2,1,10,13.0,,2450
1004133,P0045742,M,55+,7,B,0,1,10,15.0,,728
1002692,P0088242,F,55+,2,A,1,1,9,4.0,9.0,152
1003673,P0029842,M,36-45,11,A,0,1,18,17.0,,18294
1001997,P0052642,M,36-45,3,A,1,0,13,2.0,,6452
1001426,P0057742,M,36-45,17,A,1,1,8,18.0,18.0,1661
1002813,P0095842,M,46-50,8,B,2,0,11,12.0,18.0,1338
1003248,P0094842,M,51-55,20,C,0,0,7,10.0,7.0,19388
1002593,P0060242,M,0-17,3,C,3,0,7,4.0,12.0,13662
1001491,P0075742,M,46-50,1,A,0,1,3,13.0,17.0,1847
1001225,P0067242,M,18-25,6,A,3,0,16,3.0,4.0,3846
1002588,P0021942,M,46-50,17,C,4+,1,13,,,4807
1003065,P0067242,M,55+,1,A,1,0,18,8.0,5.0,7046
1000833,P0040842,F,46-50,1,C,0,1,18,5.0,13.0,14831
1004693,P0063742,M,26-35,9,C,1,0,12,7.0,,14048
1002441,P0072642,M,18-25,2,A,0,0,13,12.0,3.0,13906
1004796,P0057442,M,18-25,18,C,4+,1,3,13.0,,11578
1001647,P0065142,F,18-25,1,C,0,1,3,8.0,12.0,7184
1000441,P0044342,M,46-50,2,C,4+,0,2,17.0,,2397
1001530,P0072742,M,18-25,8,A,1,1,7,9.0,,4441
1002966,P0023542,M,51-55,10,B,2,0,2,10.0,17.0,14827
1002368,P0037642,M,26-35,10,B,3,0,6,4.0,,5502
1003287,P0091042,M,36-45,2,B,1,1,13,4.0,3.0,1407
1004664,P0063242,M,46-50,4,B,2,1,11,4.0,6.0,10731
1004332,P0099842,M,36-45,11,B,1,1,5,4.0,,8217
1001305,P0013042,M,36-45,14,A,1,1,7,,18.0,4601
1003035,P0034642,M,46-50,16,A,0,0,11,15.0,,6140
1003689,P0051042,M,51-55,15,B,4+,0,7,15.0,13.0,1963
1003974,P0012642,M,46-50,16,B,4+,0,8,4.0,16.0,10570
1001186,P0017242,M,18-25,14,C,0,1,4,12.0,18.0,8523
1003263,P0019642,M,26-35,12,C,0,0,10,11.0,7.0,12098
1002108,P0077242,M,46-50,1,C,1,1,15,7.0,6.0,3303
1001841,P0044542,M,36-45,16,B,4+,0,15,7.0,9.0,10714
1004321,P0057542,F,46-50,0,B,1,1,10,17.0,12.0,12853
1002748,P0039942,M,26-35,9,A,2,0,2,7.0,15.0,17223
1004678,P0039842,M,0-17,3,C,2,1,16,13.0,14.0,7386
1004265,P0038642,M,51-55,9,C,0,1,5,,,1757
1003134,P0098442,M,36-45,11,A,4+,0,17,12.0,6.0,6597
1003421,P0054842,M,0-17,2,A,2,1,3,14.0,12.0,8779
1001466,P0031142,M,0-17,0,A,4+,1,8,,,15379
1004110,P0017542,M,55+,18,C,4+,0,11,16.0,,9688
1002212,P0050042,F,26-35,0,A,3,0,5,2.0,13.0,6471
1002805,P0075442,M,51-55,18,B,2,1,17,4.0,17.0,13591
1001544,P0013342,M,46-50,3,B,2,0,4,7.0,14.0,8073
1001690,P0059742,M,0-17,12,B,1,0,8,10.0,12.0,2002
1001572,P0094742,M,55+,13,A,1,1,2,7.0,6.0,1939
1004542,P0061542,M,18-25,13,C,4+,0,16,11.0,7.0,6851
1003280,P0042742,M,46-50,2,C,0,0,9,17.0,10.0,10713
1003542,P0019742,M,51-55,18,A,1,0,17,,12.0,14773
1004812,P0046542,F,36-45,10,A,1,0,10,14.0,9.0,17875
1003024,P0082842,M,46-50,8,C,4+,1,13,,17.0,388
1000819,P0056242,M,26-35,5,B,2,0,17,8.0,17.0,14962
1004522,P0012742,F,55+,3,B,1,1,12,4.0,4.0,14493
1001125,P0081242,M,26-35,4,C,0,0,9,18.0,,891
1004946,P0048542,M,36-45,8,A,4+,0,15,17.0,14.0,16642
1001130,P0037242,M,36-45,0,B,2,1,10,6.0,16.0,6916
1001703,P0092542,M,36-45,14,B,3,0,17,12.0,,10955
1002002,P0022642,M,55+,10,B,0,0,7,,7.0,11471
1003879,P0030142,M,55+,0,A,2,1,14,,13.0,13022
1004373,P0062042,F,26-35,16,A,4+,0,13,11.0,15.0,7629
1001807,P0038642,M,51-55,14,B,3,0,2,7.0,17.0,19296
1002948,P0054942,F,55+,13,A,0,1,16,7.0,,18270
1003210,P0018742,F,51-55,8,C,1,0,17,,6.0,2194
1002153,P0041742,M,55+,3,A,1,0,6,15.0,,9766
1004642,P0011842,F,46-50,8,C,0,0,1,13.0,8.0,7764
1004206,P0069242,M,0-17,4,B,1,1,6,7.0,,16491
1000545,P0020642,F,0-17,2,B,4+,0,1,10.0,5.0,7428
1002402,P0055742,M,18-25,17,C,0,1,10,13.0,,6582
1004839,P0041042,F,26-35,8,B,0,1,8,12.0,,16710
1002365,P0051142,M,36-45,3,B,1,1,16,3.0,,7019
1001290,P0084142,F,51-55,6,B,0,1,12,11.0,3.0,5855
1003766,P0072342,M,55+,0,A,3,1,14,14.0,8.0,7293
1001876,P0083142,M,46-50,15,A,0,0,8,17.0,17.0,11727
1004429,P0073442,M,51-55,5,C,1,1,15,4.0,,12830
1004688,P0059742,M,26-35,5,C,1,1,5,18.0,,16108
1000783,P0034342,M,18-25,13,A,1,0,17,3.0,4.0,16841
1000540,P0078942,M,51-55,4,B,1,0,14,11.0,,4038
1002783,P0067642,M,0-17,10,A,4+,1,15,3.0,15.0,197
1002669,P0047942,M,46-50,0,B,1,1,8,18.0,10.0,12892
1004715,P0061442,M,0-17,19,C,3,1,4,11.0,,18221
1003938,P0030642,M,46-50,9,C,0,0,7,14.0,9.0,16391
1002957,P0049342,F,36-45,0,C,2,0,7,11.0,,17009
1003723,P0012042,M,46-50,20,A,2,1,5,11.0,18.0,19676
1003868,P0090442,M,55+,3,A,4+,1,10,5.0,17.0,490
1001834,P0062642,M,36-45,7,B,2,0,5,,16.0,12212
1002147,P0044242,F,26-35,0,C,1,1,4,16.0,9.0,9557
1002171,P0081742,M,0-17,7,B,2,0,11,13.0,8.0,6834
1003392,P0030142,M,46-50,13,B,3,1,6,6.0,12.0,511
1001617,P0021942,M,46-50,16,A,1,1,15,10.0,,12191
1004618,P0074842,F,18-25,8,A,2,1,11,8.0,,6753
1000917,P0091142,M,0-17,5,B,1,0,7,17.0,12.0,15184
1004813,P0090642,M,26-35,0,B,4+,0,5,5.0,,6377
1002757,P0048842,M,36-45,8,B,3,1,4,15.0,10.0,7550
1001937,P0063642,F,26-35,0,A,0,1,1,,8.0,5912
1004043,P0092342,M,18-25,13,B,1,0,16,18.0,17.0,1100
1003092,P0033342,M,26-35,10,A,3,1,12,8.0,9.0,7284
1004656,P0073242,M,36-45,7,C,4+,1,18,5.0,16.0,2516
1000969,P0070142,F,0-17,11,C,4+,0,2,9.0,5.0,9633
1003365,P0041942,M,51-55,5,B,3,1,13,9.0,,15003
1003204,P0081142,M,18-25,16,A,2,1,12,12.0,12.0,13759
1000890,P0027942,M,55+,10,C,3,0,4,2.0,3.0,10583
1000793,P0095642,M,46-50,9,A,2,0,4,12.0,,8738
1003459,P0046742,M,46-50,7,A,2,1,13,14.0,16.0,7815
1000982,P0017542,M,0-17,11,C,3,0,3,,,8464
1003532,P0074842,M,51-55,20,B,4+,0,17,16.0,7.0,1048
1003530,P0074942,M,26-35,3,B,0,0,7,2.0,10.0,4131
1000802,P0059542,F,55+,20,C,0,0,13,5.0,12.0,16311
1000043,P0062142,M,55+,20,A,3,0,15,11.0,7.0,746
1003350,P0030042,F,46-50,12,B,1,1,14,,14.0,13305
1001778,P0092942,M,18-25,2,A,3,1,16,14.0,10.0,9535
1003202,P0044542,M,51-55,19,C,0,0,17,18.0,6.0,2550
1000350,P0058242,M,36-45,3,B,3,0,16,4.0,5.0,3001
1001568,P0031842,M,55+,7,B,4+,1,16,10.0,9.0,8101
1001130,P0015942,M,26-35,4,B,0,1,1,2.0,,5944
1002960,P0075842,M,51-55,1,C,0,1,14,6.0,9.0,18217
1003788,P0071842,F,55+,7,C,0,0,2,18.0,,4164
1001781,P0064942,M,36-45,4,C,4+,1,9,14.0,14.0,11161
1000584,P0074542,M,51-55,15,A,0,1,5,7.0,9.0,2982
1004528,P0032042,M,51-55,20,A,1,0,10,18.0,,7843
1003378,P0091442,F,26-35,14,A,0,0,6,16.0,,11899
1003402,P0060142,M,18-25,18,B,3,1,3,12.0,18.0,16239
1003186,P0023242,F,36-45,12,B,1,0,2,2.0,10.0,11321
1002195,P0094542,M,18-25,10,B,2,0,6,,,9655
1001163,P0015242,F,36-45,15,C,0,0,10,15.0,3.0,19524
1000299,P0054942,M,55+,17,C,2,1,18,18.0,9.0,8743
1003348,P0016142,M,55+,14,B,2,1,14,,,11379
1001940,P0012242,F,26-35,5,C,4+,1,2,4.0,8.0,1894
1000789,P0014342,M,18-25,7,A,3,1,4,17.0,18.0,2994
1004946,P0091942,M,55+,3,A,3,1,15,5.0,14.0,3924
1002890,P0065742,M,26-35,20,C,2,1,6,12.0,13.0,10394
1001378,P0075842,M,51-55,15,A,4+,0,6,16.0,,6126
1001950,P0082742,M,51-55,20,A,1,1,9,12.0,3.0,14195
1003273,P0095142,M,26-35,10,A,0,1,18,11.0,15.0,18902
1000878,P0014642,M,36-45,19,B,1,1,4,7.0,14.0,19986
1003743,P0095842,F,55+,1,C,0,0,1,17.0,,10446
1001578,P0091942,M,51-55,3,C,2,0,4,3.0,13.0,6874
1003140,P0012342,M,36-45,13,B,4+,1,3,6.0,,2199
1002493,P0075642,M,18-25,10,A,4+,0,13,2.0,,19715
1002756,P0018842,M,46-50,3,B,3,0,15,5.0,,14812
1001904,P0027342,M,51-55,2,A,3,1,1,10.0,,15531
1001383,P0067542,M,51-55,4,B,1,0,16,2.0,,17014
1004241,P0021842,M,0-17,5,A,3,0,2,6.0,17.0,3870
1002323,P0083442,F,36-45,8,B,0,1,6,2.0,,12733
1002557,P0076742,F,26-35,3,B,4+,0,1,,18.0,4108
1001862,P0027742,M,0-17,6,A,4+,0,17,,,18647
1001867,P0093142,M,18-25,12,A,2,1,17,15.0,,2873
1004048,P0044142,F,0-17,9,C,2,1,1,13.0,17.0,3409
1003176,P0066742,M,0-17,11,C,1,0,16,17.0,13.0,17518
1001099,P0015842,F,46-50,9,B,2,0,9,7.0,7.0,810
1001735,P0053742,F,46-50,10,B,0,1,2,16.0,9.0,2857
1004664,P0052742,M,0-17,10,C,3,0,5,8.0,8.0,5628
1003417,P0052542,M,46-50,5,C,3,0,8,10.0,,16067
1004627,P0048042,F,55+,5,A,1,0,1,,,16900
1000681,P0058542,F,46-50,19,C,3,0,9,18.0,11.0,4546
1002071,P0083142,M,0-17,5,B,4+,1,14,10.0,,17139
1004825,P0028442,M,36-45,11,C,3,1,17,,6.0,9210
1001730,P0065842,F,46-50,13,C,2,1,5,3.0,17.0,12615
1002192,P0055942,M,0-17,17,C,4+,0,8,,10.0,9232
1000668,P0098842,M,36-45,18,C,2,0,17,,,11035
1001613,P0020142,M,51-55,9,B,2,1,12,14.0,6.0,7022
1000681,P0065542,F,46-50,9,C,1,0,8,8.0,6.0,12759
1000973,P0011442,F,0-17,6,C,1,1,12,18.0,,17741
1002847,P0084742,M,46-50,9,B,4+,1,8,7.0,10.0,4822
1002133,P0097242,M,36-45,13,C,3,0,11,4.0,9.0,6785
1002464,P0015042,M,55+,4,B,0,0,11,13.0,8.0,1487
1002530,P0040842,F,0-17,10,C,3,1,15,4.0,9.0,3320
1002504,P0013342,M,36-45,6,C,4+,0,2,9.0,,229
1004923,P0073542,F,51-55,19,C,0,1,3,13.0,14.0,1384
1004393,P0068842,M,26-35,17,A,2,0,1,6.0,9.0,15632
1003184,P0073442,F,18-25,10,C,2,1,1,10.0,4.0,19365
1004034,P0030442,F,55+,19,B,0,0,4,8.0,6.0,1525
1003168,P0083942,M,26-35,2,A,2,0,18,5.0,,9774
1002998,P0016942,M,46-50,6,C,3,0,1,14.0,9.0,3741
1003228,P0032942,M,36-45,3,B,1,1,1,14.0,16.0,19871
1002153,P0057942,F,0-17,18,C,3,1,10,13.0,16.0,4466
1001729,P0063242,M,55+,20,B,2,0,13,,12.0,19640
1002025,P0020742,M,36-45,17,C,1,0,8,,,18984
1000330,P0097542,M,46-50,10,B,3,0,5,13.0,3.0,7733
1002487,P0034042,M,0-17,13,B,2,0,11,16.0,13.0,14955
1001156,P0035042,M,55+,9,A,3,1,8,18.0,13.0,19465
1001891,P0023442,M,26-35,13,A,2,0,14,4.0,6.0,19453
1004478,P0018942,F,36-45,3,B,4+,0,12,18.0,3.0,10915
1002186,P0069042,M,18-25,11,B,0,1,11,2.0,16.0,13014
1004939,P0053942,M,55+,11,A,2,0,13,2.0,10.0,5858
1002318,P0078842,M,51-55,1,B,3,0,10,8.0,,14253
1003622,P0039742,M,51-55,5,C,2,0,8,17.0,,1634
1004492,P0050642,M,46-50,4,C,2,1,10,,5.0,10125
1002512,P0040742,M,46-50,18,B,3,0,6,9.0,,8430
1000450,P0020142,F,36-45,20,B,3,0,1,14.0,,2020
1001355,P0046042,M,26-35,14,A,1,1,9,11.0,,14628
1001294,P0094642,M,26-35,9,A,2,1,4,7.0,10.0,9910
1002466,P0072342,M,18-25,6,B,4+,0,1,,13.0,18965
1003103,P0079242,F,18-25,18,C,0,1,10,13.0,,1633
1001850,P0071542,M,36-45,7,A,2,1,7,15.0,,12735
1003176,P0062742,F,0-17,14,C,3,1,7,14.0,,7199
1004282,P0070742,M,26-35,3,C,1,0,5,3.0,12.0,8200
1003200,P0039242,M,55+,12,C,2,0,2,18.0,5.0,18024
1001234,P0024542,M,55+,4,C,4+,1,9,2.0,6.0,9204
1001438,P0050342,M,55+,10,A,3,1,6,15.0,16.0,222
1003353,P0091342,F,0-17,15,B,4+,0,9,4.0,8.0,8961
1004031,P0010142,M,0-17,19,B,4+,0,15,12.0,14.0,153
1000253,P0021842,M,36-45,17,A,0,0,13,4.0,13.0,1212
1000019,P0095442,M,18-25,14,C,0,0,15,,17.0,7092
1002760,P0070542,M,0-17,0,B,2,1,1,10.0,11.0,4730
1000223,P0029042,M,36-45,7,B,0,1,15,17.0,14.0,9588
1000003,P0010242,M,18-25,3,B,2,0,18,17.0,17.0,18974
1001260,P0058642,M,0-17,8,C,2,0,11,4.0,17.0,4759
1004950,P0072242,M,0-17,18,B,3,1,3,13.0,14.0,4404
1004324,P0027642,M,55+,6,A,3,0,1,,,1969
1004595,P0035642,M,18-25,14,B,1,1,4,9.0,12.0,2846
1002569,P0097242,F,51-55,2,B,0,0,2,3.0,,7286
1001886,P0063342,M,18-25,11,A,1,0,16,17.0,,16098
1001300,P0057642,M,46-50,1,C,4+,0,16,13.0,,18856
1002339,P0049742,M,55+,18,B,2,1,12,16.0,,5492
1001077,P0059542,F,46-50,6,C,2,1,8,12.0,,12740
1003759,P0031942,M,36-45,10,C,3,1,4,7.0,5.0,9418
1003182,P0027242,M,36-45,18,C,4+,1,16,11.0,17.0,17641
1004811,P0083542,M,26-35,7,B,2,0,9,13.0,,9490
1000948,P0048942,M,46-50,12,B,2,0,15,6.0,,4952
1003739,P0060142,M,18-25,8,A,4+,1,12,,,8180
1002732,P0067642,M,46-50,1,C,4+,1,17,10.0,12.0,12891
1004008,P0088842,M,51-55,17,A,2,1,15,16.0,10.0,1924
1000870,P0086042,M,55+,14,B,4+,0,4,,10.0,19694
1000094,P0035942,M,36-45,10,B,0,0,8,10.0,9.0,6916
1002988,P0023042,M,51-55,14,A,4+,1,3,11.0,10.0,11166
1004656,P0021242,M,36-45,20,A,1,1,7,5.0,,15706
1001776,P0089742,F,51-55,17,C,1,1,7,9.0,5.0,9448
1002261,P0089842,M,36-45,13,B,2,0,15,12.0,,7553
1000436,P0082242,F,18-25,20,C,2,0,17,6.0,7.0,5309
1004948,P0011942,M,51-55,18,C,3,0,10,2.0,18.0,18587
1004301,P0031442,M,55+,12,B,4+,1,16,7.0,17.0,3942
1003145,P0040942,F,0-17,15,B,1,0,16,15.0,17.0,1258
1003588,P0035042,F,36-45,1,C,3,0,15,,10.0,11133
1000077,P0058742,M,46-50,1,A,2,0,12,4.0,6.0,15119
1000816,P0048142,F,0-17,16,B,0,0,7,15.0,,19099
1000768,P0050842,M,46-50,19,C,4+,1,3,8.0,9.0,12912
1003686,P0037042,M,36-45,17,A,3,0,2,8.0,4.0,7729
1000106,P0050642,M,18-25,9,C,0,0,4,10.0,6.0,14260
1003917,P0079142,M,55+,11,B,2,1,8,,5.0,17267
1002874,P0029342,M,55+,2,A,1,0,10,13.0,,14655
1003347,P0054042,M,0-17,5,A,3,1,12,14.0,,11979
1003149,P0041242,M,0-17,19,A,3,1,12,4.0,11.0,12469
1003149,P0017842,M,36-45,4,B,2,0,9,4.0,,4235
1001466,P0027942,F,55+,20,B,2,0,11,12.0,,13659
1002588,P0077442,M,55+,7,C,1,0,13,16.0,14.0,11414
1000245,P0081342,M,51-55,17,C,1,1,1,5.0,,18714
1002626,P0011342,M,36-45,15,B,1,1,3,12.0,15.0,7905
1003850,P0095842,M,36-45,13,C,0,1,11,,,8586
1001406,P0034542,M,55+,5,A,0,1,15,12.0,14.0,5371
1000982,P0011342,M,26-35,10,B,2,0,7,11.0,4.0,9634
1003809,P0019842,M,18-25,5,B,3,0,16,13.0,8.0,17741
1000142,P0013242,F,51-55,4,C,0,1,6,15.0,10.0,4561
1000893,P0053542,M,18-25,14,B,2,0,10,8.0,14.0,17985
1002400,P0035642,M,55+,5,A,0,1,4,8.0,14.0,151
1004641,P0013342,M,36-45,20,B,1,0,6,5.0,,18068
1002961,P0011842,M,26-35,15,A,2,1,12,,14.0,18085
1002200,P0076342,M,55+,17,B,1,1,3,2.0,12.0,15244
1001470,P0035942,M,36-45,20,B,4+,1,12,11.0,12.0,18162
1002701,P0077542,M,36-45,0,B,3,0,16,15.0,,10843
1003006,P0068842,F,18-25,2,C,1,0,12,16.0,12.0,18588
1004859,P0092542,M,55+,19,C,3,1,15,14.0,,9108
1003375,P0051542,M,26-35,2,A,2,1,18,8.0,9.0,12649
1004720,P0023642,F,18-25,6,C,4+,1,16,3.0,13.0,15940
1000656,P0045842,M,36-45,13,B,3,0,6,,17.0,18723
1002769,P0081942,F,46-50,17,C,0,1,17,5.0,17.0,5645
1000043,P0085342,F,0-17,14,C,2,0,3,,17.0,3752
1002312,P0067842,F,55+,12,A,4+,0,18,6.0,,12043
1001661,P0021542,M,51-55,18,B,0,1,11,3.0,15.0,1922
1004692,P0050342,M,36-45,1,A,0,0,17,3.0,7.0,17193
1002225,P0030142,M,51-55,6,C,4+,1,6,9.0,17.0,6340
1002111,P0047542,M,26-35,12,B,1,1,18,5.0,10.0,656
1000958,P0034942,M,55+,3,A,4+,0,5,11.0,10.0,16067
1000561,P0054542,F,46-50,5,A,4+,0,16,11.0,6.0,4688
1001331,P0037742,M,51-55,17,B,4+,0,10,18.0,,9414
1001313,P0021142,M,55+,18,A,3,0,16,15.0,4.0,16240
1001822,P0094242,F,51-55,14,A,1,0,3,15.0,3.0,16977
1003003,P0057242,M,26-35,2,A,2,0,10,13.0,,17016
1003404,P0084542,M,36-45,19,C,0,0,18,2.0,,6182
1004946,P0078742,M,36-45,16,A,3,1,16,16.0,11.0,3883
1002652,P0049142,M,0-17,15,C,1,0,17,9.0,,5873
1001815,P0024242,M,26-35,12,A,4+,1,17,18.0,15.0,14165
1001742,P0013142,M,46-50,19,A,3,0,10,6.0,,5410
1004702,P0028042,M,0-17,7,A,3,0,5,15.0,16.0,5101
1003809,P0067842,F,55+,20,A,0,1,4,14.0,,16043
1002878,P0061542,F,26-35,13,B,2,1,15,4.0,,17691
1003271,P0089742,M,36-45,3,C,1,1,16,4.0,10.0,2919
1004084,P0036842,M,0-17,6,B,1,1,18,,12.0,12954
1000746,P0033542,M,36-45,9,B,1,0,10,8.0,15.0,1238
1000558,P0037642,M,18-25,14,B,4+,0,11,10.0,7.0,17900
1003302,P0065242,M,18-25,15,B,4+,1,9,,,5920
1000942,P0073242,F,0-17,7,A,3,0,5,14.0,,16548
1004024,P0037442,M,0-17,1,A,2,0,6,15.0,,3675
1002297,P0084242,F,26-35,16,B,0,1,3,14.0,7.0,3248
1000940,P0091542,M,55+,5,B,0,1,13,8.0,14.0,10383
1001611,P0018542,F,46-50,15,C,2,0,6,18.0,,449
1001726,P0016242,M,46-50,1,B,1,1,11,2.0,18.0,14458
1000985,P0050342,M,18-25,20,A,2,0,16,9.0,12.0,13048
1001588,P0029142,M,18-25,17,C,0,1,11,,5.0,14794
1004022,P0039242,F,18-25,10,B,4+,0,10,9.0,5.0,1712
1001337,P0013042,M,36-45,11,C,2,1,16,2.0,,4930
1003138,P0042942,M,46-50,4,B,3,1,14,5.0,10.0,12702
1000662,P0075742,M,0-17,1,C,4+,1,16,,15.0,12129
1000033,P0020642,M,18-25,17,C,3,1,17,18.0,,3965
1003415,P0097042,M,51-55,5,A,3,0,8,5.0,7.0,18620
1001157,P0072142,F,26-35,0,C,2,0,4,,4.0,8978
1003127,P0037542,M,55+,8,B,3,0,17,5.0,12.0,15544
1000061,P0082142,M,0-17,14,C,1,0,10,,7.0,3497
1003929,P0075042,M,55+,7,B,2,1,2,18.0,15.0,6666
1001544,P0069742,F,0-17,13,B,0,0,12,,16.0,17324
1000272,P0065542,F,0-17,3,A,1,1,8,4.0,5.0,19557
1004077,P0018142,M,46-50,6,C,4+,0,6,8.0,,618
1003389,P0016342,M,18-25,19,A,2,1,18,16.0,3.0,19564
1002753,P0098942,M,26-35,7,B,0,0,14,12.0,11.0,19004
1002710,P0095442,M,55+,9,C,0,1,3,7.0,4.0,1683
1001155,P0093242,M,36-45,17,C,2,0,18,15.0,,4912
1004406,P0066642,M,26-35,17,B,1,1,15,17.0,,17823
1003854,P0068542,M,26-35,18,A,0,1,16,7.0,11.0,13905
1001746,P0098442,M,51-55,3,A,2,0,17,3.0,11.0,1713
1003433,P0022842,M,26-35,12,C,2,0,3,13.0,,404
1000338,P0035542,F,36-45,5,A,3,1,18,9.0,,4865
1000010,P0033042,M,26-35,20,C,2,0,13,,,14695
1004145,P0059642,M,51-55,12,A,0,0,12,2.0,17.0,6785
1000731,P0023642,M,26-35,15,B,3,1,2,14.0,17.0,7603
1004891,P0096242,M,55+,19,B,0,1,1,2.0,18.0,12964
1001649,P0055442,M,18-25,9,B,1,1,10,4.0,15.0,16330
1004229,P0045442,F,51-55,8,C,1,0,18,9.0,16.0,14195
1003655,P0072342,M,18-25,6,C,0,0,12,6.0,5.0,17662
1002131,P0058442,M,18-25,16,B,4+,1,13,5.0,,11487
1004472,P0091942,M,0-17,19,B,4+,0,4,17.0,4.0,13888
1002397,P0024542,M,51-55,6,A,4+,0,1,6.0,15.0,1055
1004367,P0013242,M,26-35,1,B,0,0,4,9.0,,16862
1001507,P0035942,F,55+,18,B,2,1,18,,17.0,11805
1002159,P0018642,M,55+,0,B,3,0,17,17.0,5.0,17872
1002917,P0094242,F,55+,1,C,2,0,14,12.0,16.0,2309
1004172,P0036442,F,46-50,4,C,0,1,2,3.0,,5381
1003230,P0093142,M,46-50,17,B,2,0,14,,18.0,19775
1003604,P0064142,M,46-50,5,A,1,1,10,16.0,,5732
1001667,P0049142,M,55+,5,A,3,0,3,2.0,14.0,15965
1004425,P0033142,M,36-45,15,B,0,0,15,,10.0,14522
1004137,P0068742,M,55+,15,C,3,1,7,3.0,8.0,13086
1002970,P0054642,M,18-25,2,B,4+,1,15,14.0,,3134
1002690,P0022842,M,18-25,2,A,4+,1,12,9.0,,526
1002327,P0037042,M,55+,3,C,1,0,4,,7.0,7894
1002811,P0018842,M,18-25,5,C,0,0,1,,16.0,16926
1002517,P0056542,M,51-55,2,C,4+,1,5,13.0,,6063
1003472,P0026942,M,36-45,8,B,3,1,9,16.0,17.0,11376
1000013,P0022742,M,26-35,2,B,3,0,8,18.0,,6610
1002971,P0027342,F,0-17,5,B,1,0,14,18.0,7.0,7524
1003622,P0012542,M,55+,20,A,4+,1,14,13.0,,19728
1003684,P0067242,M,55+,19,C,2,0,4,7.0,18.0,18605
1003474,P0061042,M,51-55,8,C,4+,1,7,8.0,,12529
1003123,P0058742,M,18-25,14,A,1,0,2,15.0,,12299
1003465,P0099042,M,26-35,8,A,4+,0,11,15.0,,16377
1000653,P0067842,F,46-50,4,C,0,0,7,9.0,13.0,1762
1000621,P0050542,M,55+,20,C,1,0,17,,7.0,12637
1003791,P0012542,F,0-17,15,A,2,0,15,10.0,,2194
1001646,P0018242,F,46-50,2,B,3,1,4,15.0,,4894
1002244,P0046342,M,55+,8,B,4+,1,2,6.0,12.0,16284
1004513,P0046642,M,26-35,16,B,3,1,9,9.0,8.0,13301
1004760,P0015942,F,26-35,2,A,1,1,12,12.0,,19239
1003492,P0065042,M,46-50,6,C,3,1,3,2.0,14.0,13993
1003712,P0073442,M,51-55,6,A,0,1,5,2.0,,17053
1003689,P0039142,M,0-17,20,B,1,0,9,7.0,18.0,17313
1001380,P0088842,M,46-50,5,B,1,1,9,18.0,,2004
1004244,P0098542,M,46-50,19,B,4+,0,18,6.0,3.0,3279
1002046,P0091542,M,51-55,7,A,1,1,16,,18.0,3078
1003049,P0089342,F,46-50,3,A,0,1,2,16.0,16.0,9007
1001389,P0029042,M,0-17,14,B,4+,1,12,15.0,,19598
1000402,P0056042,F,36-45,5,B,0,0,18,15.0,,11380
1002654,P0090342,M,0-17,15,C,2,0,11,,,6152
1004325,P0076342,M,51-55,4,A,4+,0,3,14.0,14.0,2187
1003924,P0099542,F,46-50,11,C,1,1,3,14.0,17.0,18785
1000268,P0033242,F,18-25,13,B,1,1,15,11.0,8.0,11454
1004222,P0057342,M,18-25,5,B,1,0,12,,3.0,19228
1001726,P0050442,M,26-35,2,B,2,1,1,3.0,6.0,11241
1001113,P0075742,M,36-45,18,C,0,1,11,8.0,4.0,6599
1002676,P0037042,F,55+,9,A,1,1,2,7.0,,17104
1004785,P0094642,M,55+,6,A,3,1,14,9.0,7.0,19416
1001281,P0023342,M,51-55,12,C,1,1,1,11.0,5.0,1066
1001233,P0027042,M,26-35,0,A,4+,0,18,,10.0,4279
1004377,P0051442,M,55+,0,C,4+,0,18,,,7725
1004539,P0012742,F,26-35,16,C,3,1,15,14.0,9.0,10354
1001864,P0023542,M,18-25,3,A,2,1,4,2.0,,16570
1004933,P0050442,M,0-17,13,A,4+,0,2,13.0,,109
1004485,P0098742,F,26-35,5,C,2,1,15,3.0,,4007
1000617,P0060442,M,26-35,13,A,2,1,13,9.0,,5996
1000147,P0034042,M,55+,14,A,3,1,10,8.0,12.0,17918
1004617,P0095542,F,36-45,0,C,4+,1,15,14.0,15.0,18977
1004726,P0054342,M,55+,19,B,1,1,6,2.0,8.0,5085
1003678,P0053342,F,18-25,15,C,2,1,10,17.0,4.0,2371
1000289,P0032742,M,0-17,3,A,2,0,3,18.0,,5618
1001410,P0060842,M,36-45,1,B,4+,0,13,2.0,,2346
1000014,P0089842,M,0-17,0,A,4+,1,18,3.0,10.0,11965
1000257,P0040242,M,55+,12,C,3,0,6,,,9445
1001722,P0013342,M,0-17,15,C,0,1,14,14.0,,7156
1001424,P0010142,M,26-35,7,C,0,0,18,,9.0,17004
1004954,P0046142,M,36-45,3,B,0,1,11,11.0,,5683
1002991,P0029442,M,26-35,1,A,2,0,15,5.0,11.0,10154
1001196,P0070542,F,46-50,12,B,3,1,13,9.0,17.0,19631
1004560,P0093942,M,0-17,4,C,0,0,16,,,3046
1004366,P0040742,M,36-45,19,A,4+,1,12,4.0,17.0,3212
1001245,P0074642,M,18-25,20,C,2,1,1,,9.0,10986
1003224,P0081542,M,26-35,12,A,2,1,14,12.0,,7461
1003471,P0034942,M,46-50,4,B,4+,0,3,3.0,3.0,18094
1004168,P0024642,F,51-55,15,B,3,1,10,9.0,16.0,6546
1003970,P0044542,M,46-50,5,B,3,1,10,6.0,4.0,16028
1001307,P0044742,M,46-50,15,B,0,1,1,13.0,,4535
1002122,P0035342,M,26-35,12,A,4+,0,18,5.0,4.0,6649
1002403,P0049842,M,18-25,10,A,1,1,17,,4.0,19833
1000497,P0043342,M,55+,20,B,3,0,1,6.0,15.0,1980
1003400,P0027542,M,36-45,0,B,0,0,5,14.0,,2849
1003607,P0022442,M,0-17,3,A,2,1,6,18.0,13.0,2072
1000910,P0086242,F,18-25,2,C,3,1,1,13.0,,14298
1000373,P0049742,M,26-35,17,B,1,1,17,15.0,,12359
1004458,P0023042,M,51-55,15,A,2,1,12,10.0,14.0,17478
1001345,P0066142,F,36-45,12,B,2,0,4,4.0,18.0,19255
1000324,P0070442,M,0-17,12,A,4+,0,4,4.0,,5706
1002432,P0099142,M,51-55,6,B,4+,1,10,16.0,,13261
1004671,P0092142,F,36-45,14,B,3,1,8,17.0,6.0,3144
1004832,P0050642,F,0-17,14,C,1,0,12,18.0,4.0,18582
1002785,P0083142,M,55+,4,C,4+,1,12,9.0,17.0,10213
1002394,P0094542,M,0-17,16,C,0,0,3,,,6513
1003921,P0043342,M,46-50,10,C,2,0,16,14.0,,4963
1001216,P0011942,M,51-55,12,B,0,0,4,5.0,18.0,1118
1001696,P0030442,F,51-55,9,B,2,0,5,3.0,,13053
1001908,P0070242,M,26-35,14,C,0,0,15,12.0,6.0,12069
1004815,P0045442,F,18-25,1,C,2,0,8,16.0,14.0,6126
1000781,P0027242,M,55+,10,B,4+,1,10,2.0,,9004
1001020,P0028842,M,46-50,10,A,0,1,1,2.0,6.0,7317
1003266,P0092342,F,46-50,0,C,3,1,10,13.0,12.0,19015
1001404,P0010142,M,36-45,7,A,3,1,18,,14.0,5600
1001427,P0097242,M,51-55,16,B,1,1,17,16.0,4.0,7594
1000664,P0026742,F,0-17,7,A,1,0,4,5.0,3.0,14854
1002648,P0046742,M,0-17,12,C,1,0,13,3.0,15.0,1076
1000011,P0063542,M,55+,4,C,0,0,6,18.0,,11069
1001039,P0097642,F,36-45,5,C,2,1,1,18.0,5.0,13312
1002826,P0067942,F,51-55,19,C,1,0,1,11.0,6.0,1454
1003004,P0046942,F,26-35,13,C,4+,0,3,2.0,4.0,8517
1004681,P0080542,M,0-17,16,B,3,1,5,17.0,12.0,1970
1001076,P0069542,M,46-50,15,A,3,0,18,10.0,12.0,14256
1003089,P0053642,M,46-50,8,B,4+,1,12,18.0,,10039
1001790,P0030642,M,51-55,18,B,3,0,1,4.0,,12683
1003037,P0014842,F,0-17,1,B,0,1,9,11.0,12.0,9827
1004839,P0064342,M,0-17,3,A,4+,0,17,12.0,12.0,930
1003654,P0092842,M,26-35,19,A,0,1,13,9.0,13.0,949
1003176,P0078142,M,51-55,8,B,3,1,14,,17.0,14990
1004300,P0022842,F,0-17,3,A,4+,0,11,17.0,,4527
1001077,P0054642,F,26-35,4,B,4+,1,11,18.0,8.0,16852
1000974,P0071342,M,46-50,5,B,4+,1,4,6.0,9.0,4957
1001866,P0013442,M,26-35,19,C,3,0,9,9.0,,17580
1003126,P0091842,M,0-17,0,A,3,0,18,4.0,15.0,8657
1001300,P0029842,F,18-25,12,C,3,0,4,,,18182
1003407,P0091242,M,51-55,17,B,1,0,12,7.0,,8986
1001159,P0017642,M,55+,2,B,1,0,18,4.0,15.0,5143
1003130,P0046842,M,0-17,19,B,2,0,18,6.0,3.0,3650
1000105,P0093242,M,18-25,4,C,4+,1,6,13.0,,19858
1003568,P0062542,M,46-50,12,C,3,0,11,8.0,17.0,6592
1004349,P0044842,F,51-55,9,B,4+,0,5,5.0,,14720
1004391,P0060542,F,55+,2,C,0,0,16,11.0,,13351
1001182,P0074242,F,36-45,10,B,0,1,11,15.0,12.0,1483
1004645,P0033742,F,51-55,0,B,3,0,5,15.0,4.0,16606
1003139,P0037942,M,46-50,14,C,1,1,9,2.0,16.0,9564
1004395,P0067642,M,46-50,3,A,2,0,11,17.0,,12031
1003535,P0053142,F,46-50,14,B,1,1,15,6.0,7.0,13444
1004197,P0023742,M,26-35,6,B,4+,0,17,,15.0,12747
1003128,P0036842,M,55+,14,C,1,0,18,4.0,5.0,7339
1001775,P0083942,M,46-50,3,C,3,1,14,9.0,,1686
1003815,P0030042,M,36-45,2,C,1,0,7,8.0,,3556
1004970,P0024142,M,0-17,13,B,0,0,16,11.0,16.0,18048
1000092,P0071142,M,18-25,5,A,3,1,9,8.0,18.0,15750
1000447,P0074942,M,51-55,0,A,3,0,3,17.0,,19445
1000109,P0077942,M,51-55,8,A,3,1,16,9.0,,11465
1004413,P0071042,F,46-50,11,B,1,0,7,9.0,,14351
1003240,P0092242,M,18-25,17,C,0,0,7,,,19413
1004054,P0093042,M,46-50,2,A,1,1,1,10.0,10.0,19171
1004538,P0093842,M,26-35,20,A,4+,0,8,4.0,18.0,6932
1001246,P0045442,F,18-25,18,A,2,1,1,7.0,16.0,10104
1002721,P0067742,M,46-50,2,B,2,0,12,16.0,,18778
1000278,P0094642,M,46-50,13,C,2,1,17,7.0,,280
1003057,P0042842,F,36-45,3,C,4+,0,10,15.0,18.0,6366
1004665,P0065842,M,36-45,12,C,4+,1,9,,15.0,13491
1002923,P0094842,M,55+,12,C,4+,0,10,9.0,,18601
1002514,P0099342,M,36-45,1,A,0,0,11,5.0,14.0,13757
1000839,P0033042,M,55+,20,C,3,1,10,16.0,14.0,8804
1002802,P0040742,F,26-35,1,A,4+,1,17,10.0,3.0,7263
1000030,P0075742,M,55+,9,B,2,0,7,2.0,4.0,17742
1001258,P0081842,M,18-25,10,B,2,1,5,13.0,13.0,17022
1000365,P0024542,M,26-35,14,B,1,1,12,13.0,3.0,3318
1001801,P0025142,M,0-17,2,C,3,1,5,15.0,8.0,3261
1000905,P0089042,M,46-50,13,C,4+,1,1,16.0,,16546
1004794,P0023942,M,46-50,17,A,3,0,10,14.0,18.0,325
1002179,P0076242,M,46-50,18,C,4+,1,7,8.0,17.0,5472
1002851,P0012042,M,36-45,18,B,2,0,12,18.0,,16724
1002837,P0035342,F,46-50,0,C,3,1,2,,12.0,14813
1004447,P0016342,M,55+,18,A,3,0,9,8.0,,6566
1000180,P0031742,M,36-45,2,B,4+,1,5,7.0,,1870
1003874,P0017142,M,0-17,19,B,4+,0,5,12.0,,439
1003961,P0026142,F,26-35,7,A,3,0,14,,,11493
1001187,P0022942,M,26-35,16,B,4+,0,18,5.0,,1348
1003960,P0068042,M,55+,0,A,3,1,8,11.0,18.0,5202
1000774,P0032442,M,26-35,5,A,1,1,3,5.0,,1674
1004606,P0085742,M,36-45,16,C,3,1,14,10.0,13.0,10339
1004461,P0067942,M,51-55,20,B,0,1,11,9.0,,9950
1000353,P0055342,M,51-55,0,C,3,0,8,13.0,3.0,2531
1004508,P0048342,M,18-25,12,C,1,1,12,2.0,6.0,15106
1004831,P0020642,F,51-55,11,A,1,0,11,18.0,5.0,6029
1003029,P0072042,M,18-25,4,A,2,1,9,16.0,13.0,10462
1000118,P0093942,M,0-17,19,C,2,0,4,,17.0,15911
1000482,P0020242,M,18-25,12,A,0,0,7,7.0,14.0,15826
1004288,P0024042,M,0-17,7,B,4+,0,17,,8.0,11677
1002638,P0067642,M,46-50,11,B,4+,1,16,14.0,8.0,11904
1000107,P0023342,M,55+,8,C,1,0,12,6.0,,4174
1004478,P0029842,M,26-35,16,B,1,0,7,7.0,4.0,6428
1004879,P0097942,M,55+,13,C,2,1,14,2.0,,341
1000244,P0060942,M,51-55,6,B,1,1,11,8.0,,8425
1002633,P0076642,F,36-45,3,A,3,0,11,,,11409
1004564,P0017842,M,0-17,6,B,3,1,7,3.0,7.0,17356
1000866,P0099342,F,51-55,16,A,0,0,11,,16.0,1194
1002982,P0058142,F,36-45,16,C,3,1,3,9.0,16.0,2174
1001562,P0061142,M,36-45,0,B,0,0,15,16.0,18.0,12004
1000604,P0034942,F,26-35,1,A,2,1,3,15.0,,9900
1003063,P0098842,M,55+,17,A,3,0,9,15.0,,14073
1004019,P0069842,M,46-50,8,C,0,1,17,12.0,12.0,14434
1002016,P0091542,M,46-50,4,C,4+,1,17,11.0,,7417
1001659,P0085242,M,55+,0,B,0,1,12,,3.0,9240
1003381,P0069942,M,18-25,6,B,3,1,7,15.0,9.0,15071
1003768,P0058242,M,51-55,1,B,0,1,11,14.0,15.0,17957
1003771,P0093542,M,46-50,2,A,2,1,14,10.0,,17705
1001614,P0027142,M,26-35,3,C,1,0,1,6.0,12.0,10196
1004956,P0096842,M,51-55,2,B,4+,0,6,2.0,,13760
1001880,P0011642,F,36-45,18,B,2,0,17,,9.0,16794
1004109,P0083442,F,0-17,11,A,4+,0,9,17.0,,13620
1002347,P0039342,F,0-17,14,B,4+,0,1,,3.0,6354
1001100,P0049342,F,46-50,3,A,0,0,12,17.0,7.0,9615
1001075,P0092142,M,18-25,0,A,1,0,17,2.0,3.0,10376
1000787,P0059742,M,0-17,15,C,0,1,4,10.0,3.0,6695
1000149,P0031842,M,18-25,5,A,0,0,8,4.0,,13928
1001755,P0033342,F,0-17,16,C,3,1,5,18.0,9.0,18810
1002170,P0048942,M,18-25,4,A,0,1,11,5.0,8.0,13087
1003757,P0034742,M,55+,12,C,1,1,6,15.0,9.0,6395
1001180,P0015142,M,18-25,11,A,2,0,13,15.0,,5645
1003310,P0011442,M,36-45,0,B,0,1,6,14.0,10.0,13141
1002424,P0042342,M,26-35,11,C,1,1,13,,17.0,18260
1004178,P0054042,M,0-17,1,C,0,1,6,16.0,,7059
1004588,P0021142,M,51-55,17,A,4+,0,16,8.0,10.0,11333
1000925,P0079542,M,46-50,8,B,0,0,18,8.0,6.0,3805
1001604,P0097142,F,26-35,15,B,3,1,11,2.0,4.0,9033
1003053,P0010642,F,36-45,19,C,4+,1,17,,17.0,13606
1004219,P0066242,M,36-45,14,B,1,1,10,4.0,18.0,19793
1004804,P0092542,F,36-45,9,B,0,1,16,11.0,,13171
1002378,P0085242,F,46-50,1,A,4+,0,5,12.0,14.0,15872
1003481,P0034442,M,0-17,3,B,4+,1,10,10.0,,17709
1003183,P0054742,M,0-17,17,B,2,1,3,13.0,15.0,3229
1002818,P0046442,M,55+,18,B,4+,1,4,16.0,17.0,2624
1003161,P0046642,M,55+,17,B,1,0,12,5.0,16.0,14432
1004806,P0079742,M,18-25,13,A,0,1,10,3.0,10.0,6090
1004890,P0038642,M,18-25,7,A,4+,0,11,,,8913
1000712,P0070342,F,51-55,4,B,1,0,8,11.0,,13433
1002587,P0020542,M,18-25,4,A,2,1,12,4.0,,1618
1002649,P0011242,M,46-50,7,C,0,1,14,15.0,5.0,4004
1001718,P0024542,M,26-35,10,A,3,0,3,6.0,,19714
1004353,P0057742,M,55+,20,A,4+,1,11,3.0,14.0,4968
1000871,P0073042,M,0-17,6,A,4+,1,7,7.0,5.0,3646
1003575,P0081442,M,18-25,12,C,2,0,15,7.0,4.0,11226
1004905,P0075242,F,55+,16,C,1,0,11,,,6647
1000271,P0021442,F,46-50,18,C,2,0,7,8.0,12.0,13390
1001544,P0060842,M,46-50,2,A,1,0,16,17.0,12.0,12730
1000550,P0025142,M,51-55,1,C,0,1,13,13.0,8.0,4576
1004664,P0015642,M,18-25,5,C,4+,1,17,3.0,18.0,18083
1004015,P0048142,F,55+,18,A,3,1,14,5.0,6.0,897
1004455,P0025642,M,55+,14,B,2,0,2,3.0,3.0,4391
1001713,P0092142,M,51-55,3,A,3,1,10,10.0,3.0,5610
1003241,P0023242,F,55+,18,A,3,0,6,,12.0,2080
1001363,P0026242,F,36-45,6,A,4+,1,16,5.0,,18199
1004894,P0037442,M,36-45,19,B,4+,0,7,8.0,18.0,12512
1001285,P0079442,M,36-45,20,A,3,0,10,18.0,9.0,3330
1000887,P0017642,M,18-25,13,A,0,0,15,,5.0,8564
1002259,P0093642,F,46-50,6,B,3,1,12,16.0,12.0,15665
1004383,P0014342,M,46-50,19,A,1,0,9,11.0,,5074
1001786,P0081742,M,0-17,13,A,1,0,18,14.0,11.0,2682
1004839,P0064942,M,55+,4,A,1,0,17,11.0,6.0,16037
1003544,P0041742,M,36-45,14,B,1,1,10,18.0,,19678
1000296,P0063342,M,18-25,11,A,2,0,8,10.0,11.0,6739
1002054,P0068442,M,0-17,16,B,0,1,5,18.0,,10382
1002598,P0085242,M,46-50,20,B,2,0,13,13.0,9.0,12672
1000681,P0025342,M,55+,4,C,2,0,2,12.0,,5375
1004891,P0033642,M,55+,18,A,1,1,1,15.0,5.0,16925
1004299,P0099242,M,0-17,9,A,0,1,8,7.0,9.0,16610
1000325,P0061642,M,36-45,11,C,0,0,10,9.0,,6004
1002292,P0032042,M,55+,1,C,3,1,5,18.0,12.0,13733
1004423,P0040942,M,55+,16,A,2,1,18,9.0,16.0,19711
1000987,P0069742,F,55+,4,A,0,0,2,15.0,9.0,4709
1003119,P0027642,M,26-35,14,C,4+,1,9,15.0,12.0,15671
1000761,P0087042,M,36-45,19,A,2,0,16,,18.0,15632
1003694,P0031942,M,36-45,12,A,0,1,17,10.0,,9525
1001037,P0013742,M,18-25,19,A,4+,1,16,,,6082
1000907,P0075342,F,26-35,10,C,4+,1,1,,11.0,4871
1000365,P0053042,M,55+,17,C,4+,1,5,5.0,18.0,18956
1003414,P0084642,F,51-55,8,B,1,1,18,16.0,15.0,19800
1001070,P0030242,M,26-35,15,B,3,1,3,15.0,,630
1004370,P0094042,M,26-35,14,A,3,0,18,11.0,18.0,12435
1002256,P0090542,M,46-50,3,A,0,0,11,8.0,18.0,13034
1003687,P0054742,F,0-17,11,B,0,1,11,2.0,13.0,15553
1004220,P0059442,F,46-50,12,B,3,1,11,14.0,10.0,5102
1003082,P0078342,M,51-55,8,B,4+,1,10,8.0,13.0,3267
1003259,P0022442,M,26-35,14,A,0,1,10,13.0,,19414
1002108,P0093742,M,18-25,17,A,1,1,4,4.0,11.0,7527
1002934,P0016442,F,51-55,19,B,1,0,9,2.0,,12777
1002830,P0089242,M,55+,6,C,3,1,10,18.0,7.0,5150
1000442,P0088342,M,36-45,20,B,0,0,13,4.0,16.0,14734
1001560,P0034342,M,55+,11,C,0,0,1,4.0,5.0,1740
1001742,P0062642,M,36-45,9,C,4+,1,16,13.0,14.0,6481
1000626,P0032542,M,46-50,6,A,0,0,12,16.0,,3102
1003864,P0056442,M,55+,13,C,3,0,5,2.0,18.0,8240
1001691,P0074242,F,51-55,14,C,0,0,5,10.0,3.0,18468
1002782,P0080642,M,46-50,3,B,0,0,7,14.0,,2079
1000091,P0039242,M,18-25,7,B,1,1,12,16.0,15.0,16792
1003007,P0082042,M,36-45,18,C,3,1,14,,,5811
1004303,P0048042,M,55+,18,B,2,0,1,2.0,,9424
1001089,P0072442,M,46-50,4,B,3,1,6,,7.0,11917
1004612,P0085542,F,55+,2,B,3,1,18,,13.0,6353
1001181,P0026542,F,0-17,9,B,2,0,6,,8.0,12990
1001902,P0080242,F,46-50,14,C,2,1,12,,7.0,7507
1004491,P0086842,F,46-50,1,C,1,1,18,4.0,16.0,2679
1000187,P0093842,M,26-35,20,C,4+,0,3,,8.0,15169
1001598,P0031742,M,0-17,9,C,3,1,11,17.0,8.0,6004
1003409,P0097042,M,0-17,15,C,3,1,4,3.0,18.0,9687
1003748,P0037442,M,55+,2,A,3,1,13,15.0,13.0,11324
1002671,P0015142,M,18-25,6,B,3,0,1,16.0,8.0,3343
1004826,P0047342,M,55+,18,A,1,1,6,14.0,12.0,15731
1000240,P0076942,F,26-35,14,C,3,1,14,,17.0,10909
1002581,P0046242,F,0-17,11,B,2,1,9,16.0,17.0,7861
1004237,P0066642,F,26-35,1,C,2,1,9,5.0,,6381
1000139,P0011342,M,26-35,12,A,0,0,7,7.0,,10462
1002507,P0088042,F,36-45,19,C,1,0,15,11.0,8.0,18001
1004166,P0043942,M,55+,18,B,0,0,10,9.0,15.0,12916
1004481,P0070142,M,0-17,6,C,3,0,9,15.0,14.0,19823
1004726,P0063842,M,36-45,2,C,1,0,15,4.0,,2445
1002246,P0018842,M,55+,5,B,1,0,9,9.0,7.0,671
1004301,P0014042,F,46-50,0,A,4+,0,7,6.0,8.0,18948
1001750,P0040342,M,55+,20,A,4+,1,8,7.0,6.0,2439
1000568,P0036742,M,46-50,1,B,0,0,2,16.0,,14913
1004901,P0023742,M,36-45,0,B,0,0,3,3.0,8.0,10874
1000882,P0010542,F,46-50,3,A,2,1,2,,13.0,5464
1000640,P0034142,M,36-45,4,B,2,0,1,14.0,9.0,9830
1003962,P0026142,M,55+,1,A,2,0,12,10.0,,3804
1004421,P0079142,M,18-25,15,C,1,1,5,11.0,,7846
1004538,P0090842,M,26-35,7,A,3,1,18,15.0,10.0,2321
1004900,P0061742,M,18-25,14,B,0,1,2,16.0,5.0,9910
1002336,P0099742,M,0-17,10,C,2,0,16,18.0,13.0,1557
1004322,P0088242,M,18-25,9,B,1,1,6,7.0,7.0,11747
1002986,P0050042,F,18-25,2,A,4+,0,3,,7.0,16197
1000560,P0088342,F,46-50,10,C,3,1,8,18.0,10.0,1119
1000714,P0025542,M,51-55,16,A,4+,1,4,,,13464
1004594,P0018442,M,55+,9,C,4+,0,18,3.0,12.0,9560
1003989,P0081142,M,51-55,16,B,3,1,4,4.0,8.0,19258
1000257,P0010942,F,36-45,13,A,1,0,8,14.0,11.0,2948
1000577,P0023742,M,0-17,0,C,4+,1,7,,14.0,12121
1000038,P0085342,M,51-55,8,C,1,0,18,4.0,4.0,19391
1002073,P0081242,F,46-50,14,C,4+,0,1,16.0,10.0,18045
1004506,P0025542,M,0-17,3,A,2,1,18,4.0,6.0,18285
1000461,P0050742,M,26-35,19,B,3,0,2,,5.0,12707
1001441,P0088642,F,36-45,20,B,0,1,10,18.0,,5997
1004479,P0032442,M,46-50,2,C,3,0,1,7.0,10.0,14948
1001833,P0067942,M,18-25,19,B,4+,0,7,2.0,8.0,9343
1004665,P0028342,M,55+,20,A,4+,1,14,10.0,,10578
1003400,P0029442,M,26-35,6,B,2,1,1,12.0,4.0,10013
1000433,P0065342,M,18-25,20,B,2,1,4,12.0,,5257
1004152,P0049542,M,51-55,2,A,3,1,11,,,19881
1001752,P0076242,M,55+,14,A,0,0,2,,,17303
1002048,P0069542,M,0-17,9,B,3,0,8,10.0,,8089
1004998,P0023342,M,26-35,15,B,0,1,18,5.0,9.0,8693
1002841,P0040842,M,55+,16,B,1,0,17,9.0,9.0,17582
1000257,P0096542,M,55+,18,C,4+,1,14,16.0,,6866
1000672,P0090942,F,46-50,0,A,1,0,18,13.0,18.0,5375
1000490,P0064142,M,18-25,0,C,3,1,10,3.0,,14989
1003715,P0010842,M,51-55,20,C,0,0,18,6.0,3.0,19190
1002097,P0026942,M,18-25,13,C,0,0,5,15.0,14.0,19364
1001683,P0038942,M,0-17,1,C,1,0,8,15.0,9.0,9361
1004412,P0026742,M,0-17,1,B,2,1,10,14.0,6.0,9036
1002461,P0044342,M,51-55,19,A,2,0,1,7.0,15.0,16226
1004530,P0059642,M,36-45,9,B,1,1,17,5.0,9.0,9810
1003913,P0024442,F,51-55,14,A,2,0,17,6.0,16.0,16742
1001976,P0051242,M,36-45,14,C,0,0,10,18.0,4.0,2997
1003217,P0083942,F,51-55,6,A,3,0,18,11.0,,3168
1001390,P0091742,M,51-55,7,A,2,0,1,9.0,,2661
1004516,P0068742,M,0-17,10,A,0,1,17,4.0,18.0,1039
1003857,P0083442,F,36-45,15,A,3,1,13,9.0,6.0,16829
1001585,P0078842,M,51-55,6,B,0,0,10,10.0,,10307
1004940,P0055642,M,55+,19,C,4+,1,1,,,16984
1002964,P0080042,M,18-25,8,B,3,1,7,,12.0,2440
1004530,P0040142,M,0-17,18,C,4+,0,13,18.0,15.0,16430
1000977,P0014542,M,55+,0,B,2,0,7,9.0,4.0,3456
1003365,P0099342,M,55+,17,B,2,0,6,13.0,16.0,16688
1000046,P0011642,F,26-35,7,B,0,0,13,18.0,4.0,7395
1001194,P0067742,M,0-17,7,A,1,1,8,3.0,11.0,15129
1003343,P0045942,F,51-55,7,A,0,0,16,12.0,9.0,16712
1004513,P0036042,M,46-50,13,A,4+,0,9,9.0,7.0,7122
1004944,P0022242,M,46-50,1,A,3,1,13,9.0,,17522
1000247,P0033042,M,55+,2,B,1,0,2,9.0,18.0,19738
1003220,P0073642,M,55+,6,B,0,0,12,14.0,,2784
1004326,P0021142,M,0-17,2,C,4+,1,12,10.0,15.0,7403
1000792,P0088342,M,26-35,14,A,4+,1,15,8.0,,14895
1000637,P0069242,F,0-17,10,A,2,0,10,13.0,12.0,17090
1003776,P0034542,M,26-35,1,A,0,1,14,9.0,14.0,703
1002422,P0095842,M,51-55,17,A,0,0,17,2.0,5.0,16309
1004834,P0049042,M,18-25,13,A,4+,1,10,10.0,10.0,6214
1001089,P0049142,F,18-25,17,A,0,1,11,5.0,5.0,19548
1004184,P0042742,M,26-35,1,B,2,0,17,3.0,15.0,6617
1003160,P0031442,M,55+,3,A,1,0,11,,,3977
1000713,P0096342,M,36-45,13,A,4+,0,15,15.0,,18146
1004697,P0084642,M,18-25,6,B,2,0,4,9.0,13.0,332
1003645,P0046642,M,46-50,14,C,2,1,4,,10.0,13004
1003891,P0018142,M,0-17,5,B,3,0,15,9.0,11.0,15984
1002587,P0090542,M,51-55,4,A,1,0,14,6.0,14.0,7943
1004310,P0092142,M,36-45,19,B,2,0,9,11.0,9.0,4498
1002109,P0017542,F,55+,17,A,3,1,16,,11.0,19883
1004794,P0062642,M,46-50,10,B,3,0,1,15.0,15.0,13499
1003615,P0083142,M,0-17,7,C,0,1,3,16.0,,13256
1001243,P0060242,M,46-50,11,A,2,0,4,5.0,5.0,18019
1002060,P0084142,M,36-45,17,B,4+,1,9,2.0,13.0,2441
1003487,P0057842,M,26-35,14,B,0,1,8,12.0,7.0,1752
1004333,P0047142,M,0-17,7,B,1,1,4,8.0,18.0,4561
1003811,P0036442,M,46-50,3,A,4+,1,13,2.0,17.0,7955
1003901,P0036342,M,51-55,20,B,4+,1,14,,17.0,16166
1002606,P0020942,F,55+,14,A,3,0,5,2.0,16.0,13689
1004743,P0040642,M,51-55,10,A,2,1,18,2.0,,14369
1003035,P0029942,M,46-50,0,C,3,1,18,7.0,6.0,16570
1004569,P0032542,M,55+,1,C,3,1,15,11.0,7.0,7268
1004208,P0028442,M,36-45,7,B,2,0,17,11.0,,9529
1004052,P0013042,M,36-45,15,A,2,0,3,9.0,6.0,15411
1003364,P0071342,M,55+,0,B,2,1,1,,,6363
1004022,P0087042,M,51-55,2,A,3,0,18,7.0,7.0,5005
1001846,P0019842,M,51-55,17,A,2,0,16,15.0,,15057
1000383,P0043842,M,55+,15,B,2,0,6,9.0,4.0,15648
1004113,P0091042,F,36-45,20,A,4+,0,9,9.0,,4579
1004589,P0089642,M,26-35,19,B,3,0,10,,8.0,13984
1003811,P0036542,M,18-25,19,A,2,0,17,15.0,11.0,8941
1001897,P0075142,M,46-50,12,B,3,0,7,12.0,,10887
1001510,P0091342,M,26-35,19,B,1,1,14,5.0,10.0,18378
1004213,P0089742,M,46-50,3,C,0,0,14,4.0,12.0,15947
1001579,P0044942,M,51-55,3,C,4+,1,12,5.0,7.0,10611
1000880,P0082742,M,26-35,1,A,4+,1,6,14.0,4.0,13689
1002163,P0064342,M,51-55,12,B,3,0,14,3.0,5.0,8803
1001573,P0055642,M,55+,12,B,2,0,8,11.0,17.0,5267
1001649,P0091442,M,55+,19,B,3,0,17,11.0,4.0,3821
1004740,P0018742,M,51-55,6,B,0,0,8,,8.0,12342
1001360,P0016242,F,51-55,6,B,4+,1,8,9.0,12.0,7760
1004432,P0048642,M,0-17,16,A,4+,0,17,,5.0,6234
1002970,P0089042,M,18-25,9,C,0,1,11,14.0,,13297
1003961,P0055842,M,51-55,11,B,3,0,7,9.0,,9455
1003812,P0068542,M,46-50,15,B,4+,0,7,12.0,,7504
1004243,P0091742,F,36-45,1,B,2,1,12,3.0,,4281
1004218,P0073542,M,18-25,20,A,3,1,16,,16.0,6636
1000081,P0036842,M,46-50,8,C,2,1,13,14.0,6.0,16976
1002733,P0099342,M,0-17,11,C,1,0,15,10.0,,12630
1002710,P0089642,M,51-55,16,B,0,1,3,17.0,4.0,8571
1002423,P0073242,M,46-50,15,A,4+,1,11,10.0,14.0,11603
1003642,P0044542,M,46-50,4,C,0,1,8,11.0,,17085
1004600,P0082342,M,46-50,18,C,0,0,8,10.0,,12689
1000668,P0075942,M,18-25,16,A,2,1,12,,10.0,13693
1002497,P0017742,M,51-55,2,C,4+,1,3,17.0,8.0,5649
1003500,P0046442,F,46-50,16,A,1,0,2,,,12776
1003499,P0011342,M,36-45,14,C,0,1,3,9.0,6.0,13167
1001445,P0023542,M,51-55,18,A,2,1,16,11.0,,9020
1001346,P0040342,F,26-35,14,B,2,1,7,6.0,11.0,18080
1001190,P0049642,F,36-45,17,C,4+,1,1,2.0,,15345
1000459,P0089142,M,0-17,11,C,3,0,13,5.0,,18516
1001213,P0017842,M,55+,11,C,3,1,14,,10.0,9090
1004560,P0085442,M,18-25,2,A,1,0,1,11.0,12.0,16723
1000912,P0080442,M,26-35,10,C,2,1,4,4.0,,10159
1001026,P0051742,F,18-25,9,C,3,0,17,11.0,8.0,990
1002412,P0034142,M,18-25,14,A,0,0,6,17.0,4.0,9488
1000072,P0015042,M,46-50,10,C,1,0,6,12.0,6.0,2170
1002686,P0084342,F,36-45,0,C,0,0,2,,,5057
1001194,P0087042,M,26-35,19,A,3,1,17,,8.0,4328
1001849,P0048342,F,46-50,3,A,2,0,16,11.0,17.0,9373
1002385,P0047442,F,26-35,20,A,3,0,12,3.0,12.0,18116
1002023,P0082942,M,51-55,20,C,1,1,12,16.0,,16651
1003742,P0030542,M,51-55,7,B,1,0,18,9.0,15.0,6996
1004749,P0092542,M,36-45,19,A,0,1,16,17.0,6.0,12658
1001299,P0058842,F,46-50,12,C,0,0,6,8.0,,1294
1004103,P0048042,F,26-35,16,B,1,1,13,8.0,5.0,7334
1000905,P0098042,M,55+,14,B,0,1,16,12.0,,18254
1003027,P0041042,M,51-55,20,A,4+,0,10,2.0,4.0,16995
1002029,P0047442,M,46-50,0,A,1,1,11,5.0,3.0,10798
1004712,P0073142,F,18-25,2,A,0,0,1,,,6686
1002621,P0069142,M,51-55,20,A,3,0,7,,17.0,15489
1002647,P0014142,M,0-17,16,A,2,0,17,5.0,8.0,1904
1004866,P0063242,M,26-35,3,C,4+,1,12,17.0,,6213
1002290,P0062142,M,55+,7,C,4+,1,15,4.0,18.0,17725
1003873,P0092442,F,51-55,14,A,2,0,9,11.0,8.0,11657
1001486,P0025242,M,36-45,7,C,2,1,6,12.0,13.0,13784
1003152,P0041142,M,26-35,13,A,3,1,5,13.0,,4763
1001441,P0039342,M,0-17,5,A,2,0,5,9.0,8.0,3241
1000766,P0069742,F,26-35,14,B,4+,1,9,,,8615
1004480,P0021242,M,26-35,19,A,3,1,2,8.0,8.0,4661
1002439,P0080042,M,51-55,8,B,2,0,10,11.0,3.0,6779
1004093,P0021142,M,26-35,4,C,3,0,5,5.0,9.0,7806
1004784,P0027442,M,36-45,12,A,3,1,17,13.0,4.0,19307
1001150,P0092142,M,0-17,6,B,0,1,4,5.0,8.0,4669
1003566,P0040142,M,51-55,16,B,2,1,4,6.0,9.0,419
1004143,P0061542,M,0-17,7,C,0,0,13,10.0,13.0,1364
1001973,P0083342,M,36-45,4,B,4+,1,6,7.0,10.0,14312
1002667,P0032042,M,26-35,6,A,3,1,16,2.0,,7191
1000464,P0027042,M,26-35,7,A,4+,1,6,17.0,,15120
1004219,P0041742,M,51-55,6,B,3,0,11,18.0,4.0,14216
1002182,P0031242,M,0-17,11,A,2,1,10,,15.0,19954
1001643,P0035242,M,26-35,5,A,1,1,18,,9.0,15645
1003889,P0022342,F,55+,20,B,2,0,9,4.0,14.0,5300
1000841,P0073942,M,18-25,20,C,3,1,10,7.0,,11454
1002655,P0031242,M,26-35,3,C,1,1,15,14.0,,2622
1004119,P0072342,M,55+,2,A,1,0,14,,,12523
1000566,P0018442,F,26-35,4,B,2,1,16,5.0,7.0,6803
1000965,P0061542,M,46-50,18,A,4+,1,7,11.0,17.0,1661
1002283,P0016442,M,0-17,7,A,2,0,8,,10.0,1353
1000996,P0041742,M,0-17,4,B,3,1,8,8.0,15.0,11628
1001188,P0044542,M,55+,12,C,4+,1,13,11.0,,17967
1004922,P0073142,M,18-25,9,A,3,1,10,15.0,4.0,17394
1004312,P0034242,M,18-25,5,C,4+,1,1,10.0,17.0,10704
1003255,P0099742,F,18-25,0,A,0,1,16,16.0,11.0,16953
1000657,P0023642,M,0-17,10,B,4+,1,3,4.0,,14575
1002983,P0034642,F,46-50,19,B,0,0,3,6.0,8.0,5764
1001114,P0054042,M,46-50,8,C,3,0,6,9.0,11.0,19923
1004407,P0014442,F,36-45,15,A,2,0,12,,3.0,1355
1000557,P0075742,M,0-17,14,B,3,0,5,8.0,13.0,8679
1003020,P0097942,M,36-45,4,A,2,1,16,,18.0,15976
1002305,P0078742,M,26-35,14,A,0,0,17,,7.0,19571
1002581,P0065342,F,18-25,0,C,2,0,10,17.0,18.0,9127
1000052,P0090842,M,36-45,14,A,3,0,7,9.0,,7398
1001362,P0018842,M,51-55,3,A,3,0,10,8.0,7.0,3944
1001195,P0082942,M,36-45,15,C,3,1,2,14.0,,16754
1004020,P0032742,F,0-17,6,B,4+,1,15,6.0,,9534
1003139,P0090942,M,18-25,7,A,3,1,17,9.0,8.0,1634
1001649,P0039042,M,18-25,20,A,4+,0,4,18.0,6.0,5004
1000672,P0052142,F,46-50,1,B,1,0,8,6.0,11.0,14213
1000778,P0016642,F,36-45,11,C,0,0,2,18.0,7.0,9629
1004928,P0035042,M,46-50,1,B,1,0,16,13.0,,6287
1002280,P0014042,F,36-45,13,A,1,1,14,12.0,6.0,4111
1003023,P0019842,M,0-17,18,A,4+,1,12,14.0,3.0,5963
1001861,P0040542,M,0-17,19,C,4+,0,9,14.0,11.0,11739
1003140,P0097142,F,26-35,5,C,0,1,12,13.0,,6024
1001075,P0095342,F,36-45,18,B,0,0,3,16.0,,6258
1001717,P0055542,M,36-45,16,C,0,0,13,9.0,16.0,9285
1001284,P0069042,M,18-25,2,B,3,1,6,18.0,14.0,5925
1004687,P0040042,M,55+,19,B,3,1,2,6.0,,19039
1001987,P0029842,F,18-25,9,A,0,0,7,16.0,15.0,18638
1002634,P0075842,F,55+,12,B,4+,0,14,9.0,,713
1001002,P0058742,M,46-50,19,B,1,1,6,15.0,,4549
1001047,P0020542,F,26-35,17,C,0,1,9,2.0,7.0,16838
1002177,P0050042,M,0-17,18,C,0,0,7,9.0,8.0,10146
1002339,P0080442,M,36-45,16,A,1,0,16,,15.0,6839
1001856,P0057642,M,46-50,7,A,2,1,13,13.0,,9301
1000501,P0022142,M,26-35,17,A,0,1,6,11.0,,8180
1002234,P0017642,M,18-25,6,B,0,0,4,6.0,6.0,4802
1004575,P0041142,F,26-35,10,C,3,1,12,11.0,10.0,2349
1002540,P0021142,M,46-50,2,B,1,0,10,18.0,,10369
1004609,P0096042,M,0-17,1,A,0,1,16,8.0,,9096
1003715,P0090842,F,18-25,18,C,0,0,1,13.0,5.0,9999
1002333,P0078142,M,51-55,10,B,2,1,12,15.0,14.0,8929
1000601,P0061742,M,18-25,7,C,1,0,18,10.0,15.0,9125
1004285,P0029642,M,0-17,10,B,0,1,9,7.0,3.0,3999
1000989,P0019742,F,55+,1,A,2,0,4,5.0,,9314
1001882,P0055842,M,18-25,11,B,0,1,11,4.0,5.0,15600
1004484,P0094042,M,46-50,8,B,4+,1,16,6.0,,10651
1001755,P0032942,M,55+,5,A,2,1,2,2.0,3.0,2427
1002465,P0026742,F,18-25,11,A,4+,1,9,17.0,,14694
1002224,P0090842,M,36-45,17,B,0,1,18,4.0,16.0,187
1004483,P0087642,M,26-35,4,B,2,1,17,,10.0,2023
1001495,P0010742,M,55+,16,B,1,0,17,12.0,18.0,340
1000853,P0027142,M,46-50,15,A,3,0,14,11.0,10.0,4786
1000452,P0045942,M,0-17,11,A,0,0,13,3.0,5.0,12188
1002325,P0029442,F,46-50,1,A,2,1,6,4.0,9.0,9930
1001759,P0036842,M,36-45,15,C,4+,0,12,,,7067
1004309,P0011842,F,55+,0,C,2,1,13,15.0,9.0,9404
1003354,P0045342,F,18-25,19,A,1,0,3,3.0,13.0,12451
1004137,P0096342,M,18-25,1,C,2,0,16,15.0,16.0,2418
1004696,P0014842,M,51-55,12,C,4+,1,10,4.0,,8494
1003339,P0056342,F,46-50,15,B,0,1,10,16.0,3.0,12280
1002589,P0045542,F,18-25,0,B,4+,1,18,,,16560
1001783,P0094942,M,18-25,18,B,4+,1,3,17.0,,8002
1003521,P0025742,M,36-45,3,C,4+,1,13,18.0,12.0,17840
1001780,P0016542,M,0-17,19,C,3,1,16,14.0,,6003
1003133,P0095842,M,51-55,2,B,0,0,4,2.0,4.0,15844
1003574,P0067042,M,51-55,1,B,3,1,11,17.0,,15299
1003219,P0092042,F,51-55,11,A,2,1,17,10.0,,11813
1003758,P0040742,M,55+,12,C,0,0,1,,,615
1004017,P0043642,F,26-35,17,B,0,0,12,13.0,,12644
1002838,P0077042,M,46-50,4,B,2,0,3,5.0,17.0,9500
1002382,P0088242,M,0-17,11,B,2,0,9,3.0,8.0,3750
1004240,P0022042,M,26-35,18,C,4+,0,18,13.0,15.0,16370
1003937,P0086542,M,0-17,0,B,0,0,11,13.0,5.0,19622
1004429,P0050342,M,46-50,8,B,1,0,1,,15.0,113
1001420,P0087242,M,51-55,0,B,4+,0,12,2.0,7.0,5229
1004151,P0074642,M,36-45,17,B,0,0,11,18.0,,13242
1001331,P0088542,M,36-45,2,B,2,1,10,10.0,13.0,16398
1002918,P0066742,F,36-45,5,A,2,1,11,12.0,6.0,17508
1001447,P0094242,F,0-17,3,B,1,1,8,12.0,3.0,15807
1001441,P0019542,M,46-50,11,A,0,1,17,9.0,11.0,3118
1003745,P0021342,F,18-25,11,C,3,0,6,5.0,4.0,10766
1002845,P0096842,M,18-25,4,C,4+,0,7,3.0,14.0,4620
1004176,P0052842,M,36-45,20,C,0,0,5,6.0,4.0,5796
1000865,P0063942,M,55+,12,C,3,0,4,16.0,,17931
1000472,P0091742,M,0-17,11,C,2,1,7,15.0,14.0,12055
1001503,P0010142,M,18-25,3,B,2,0,16,15.0,,14502
1004685,P0031142,M,0-17,5,B,3,1,4,,12.0,15674
1001411,P0067942,M,46-50,18,C,3,1,3,11.0,,12757
1003771,P0073942,M,55+,5,B,1,1,14,17.0,13.0,19510
1001906,P0043242,F,55+,5,A,0,1,4,15.0,,6544
1004660,P0012342,F,36-45,10,A,2,1,9,,,8428
1004002,P0086442,M,26-35,13,B,4+,1,11,15.0,18.0,15969
1003505,P0046742,M,36-45,2,C,2,1,1,5.0,4.0,17040
1003484,P0084142,M,26-35,7,C,0,0,9,16.0,12.0,18102
1004563,P0060542,F,55+,3,A,3,0,8,9.0,,10059
1000599,P0027542,M,18-25,15,B,1,1,15,7.0,,16614
1000992,P0052842,M,55+,17,A,2,0,8,7.0,,5360
1001933,P0098642,M,51-55,6,B,1,0,7,18.0,,11901
1002785,P0083242,M,26-35,10,C,3,1,14,11.0,9.0,17658
1003042,P0054142,M,51-55,7,A,0,1,18,11.0,6.0,2528
1000067,P0064742,M,0-17,19,B,2,1,3,2.0,11.0,3922
1003399,P0061342,F,55+,5,C,0,1,15,7.0,,2915
1002751,P0099442,M,51-55,15,B,4+,1,6,,12.0,1350
1000470,P0046042,M,26-35,4,C,0,0,15,11.0,,6761
1001725,P0037342,M,18-25,5,B,3,1,14,10.0,,7284
1003986,P0027642,M,18-25,5,A,3,0,11,3.0,18.0,3748
1001632,P0036342,M,55+,1,B,4+,0,8,7.0,,14607
1000775,P0028542,M,36-45,6,A,0,1,8,4.0,8.0,8608
1003013,P0062642,F,18-25,8,A,3,1,5,5.0,5.0,6951
1002504,P0037842,M,0-17,14,A,3,0,16,8.0,4.0,7206
1001487,P0080542,F,26-35,20,C,3,0,7,3.0,,16106
1004020,P0029742,F,46-50,13,A,3,0,1,17.0,,14879
1004228,P0044842,F,18-25,20,A,1,1,5,14.0,8.0,17018
1000930,P0052042,M,51-55,12,A,2,1,3,17.0,14.0,14503
1003013,P0040442,M,26-35,4,C,1,0,13,8.0,4.0,12848
1001506,P0016342,M,36-45,16,B,3,1,17,6.0,,13575
1004730,P0038942,M,46-50,4,C,0,1,1,13.0,,5573
1002945,P0011742,M,36-45,2,C,1,0,4,2.0,,13021
1002820,P0016342,F,0-17,8,B,4+,0,13,3.0,18.0,1688
1001185,P0097342,F,36-45,8,B,2,1,18,16.0,,16553
1000289,P0042942,F,26-35,3,A,0,1,11,,15.0,1878
1001812,P0096942,M,46-50,19,A,1,1,9,6.0,,19302
1000528,P0086242,M,55+,10,B,2,1,3,17.0,,12727
1000917,P0011642,M,36-45,16,B,1,0,16,9.0,,3473
1001709,P0054242,M,36-45,13,C,4+,0,17,10.0,16.0,9254
1003575,P0024042,F,55+,9,C,3,1,13,,17.0,18355
1003320,P0040742,M,51-55,4,C,4+,0,6,14.0,,1639
1001407,P0054342,M,51-55,20,B,3,1,7,18.0,4.0,3828
1001242,P0059542,F,0-17,20,A,2,0,9,17.0,11.0,16595
1003134,P0052542,M,55+,16,C,1,1,5,13.0,4.0,17881
1000799,P0057442,F,55+,15,C,1,0,5,16.0,,4570
1001524,P0093142,M,26-35,0,B,4+,0,15,16.0,,8014
1004108,P0034442,F,36-45,9,C,0,0,4,11.0,12.0,1324
1004929,P0054942,M,26-35,11,B,2,0,10,5.0,9.0,2804
1002889,P0090142,M,18-25,17,A,3,0,9,7.0,4.0,6741
1002691,P0045042,M,0-17,0,C,2,0,7,9.0,3.0,6947
1004092,P0069842,M,51-55,11,C,4+,1,15,13.0,16.0,10439
1001242,P0081042,F,55+,19,C,1,1,10,7.0,11.0,13714
1000691,P0096942,M,0-17,5,B,3,0,7,6.0,,12676
1000528,P0026042,F,0-17,7,B,3,0,3,2.0,,19133
1001496,P0023942,F,26-35,13,A,3,1,3,6.0,14.0,10112
1003826,P0059242,M,55+,4,B,3,0,18,12.0,7.0,3515
1002894,P0068742,M,51-55,3,C,2,0,13,4.0,12.0,19729
1000893,P0063042,M,51-55,15,C,2,1,12,2.0,4.0,11311
1000387,P0049242,M,36-45,5,B,4+,0,17,3.0,18.0,14333
1001250,P0094142,M,36-45,2,A,1,0,17,,,2060
1002529,P0050042,M,26-35,3,B,1,0,11,2.0,13.0,636
1004504,P0014942,M,26-35,7,B,2,1,17,11.0,15.0,834
1003529,P0084342,M,18-25,13,C,4+,0,17,15.0,,11525
1000898,P0039442,M,46-50,6,C,0,1,7,6.0,10.0,7372
1000711,P0052442,F,46-50,3,C,3,0,2,,5.0,1451
1003696,P0011142,M,0-17,18,B,1,1,10,2.0,4.0,16559
1002687,P0043442,F,36-45,10,B,3,0,6,,,18498
1004513,P0011442,M,51-55,14,A,1,1,16,9.0,8.0,16184
1000416,P0012742,M,55+,15,C,0,1,8,9.0,,631
1001472,P0048742,F,0-17,5,A,1,1,4,11.0,,1304
1004181,P0039142,M,55+,11,C,0,1,11,,,8610
1004263,P0098642,M,51-55,7,A,1,0,18,14.0,15.0,16464
1002432,P0093242,M,36-45,9,C,2,1,15,,15.0,4418
1002516,P0034942,M,36-45,10,B,3,1,16,2.0,,13618
1001096,P0060442,M,18-25,8,C,4+,1,8,,10.0,6659
1000810,P0019742,M,26-35,16,A,4+,0,17,6.0,15.0,9427
1003045,P0091442,M,55+,13,A,1,0,2,8.0,13.0,7125
1000993,P0043642,F,26-35,2,C,4+,0,17,3.0,11.0,6181
1001282,P0013842,F,26-35,8,B,3,1,15,,,12223
1004371,P0013742,M,46-50,19,C,2,1,7,12.0,,6584
1001774,P0039942,M,26-35,17,B,2,1,11,3.0,,17904
1003562,P0027842,M,46-50,16,C,0,1,6,9.0,4.0,8900
1003817,P0070842,F,51-55,4,B,4+,0,18,9.0,,15870
1001757,P0099142,M,0-17,19,C,3,0,9,3.0,11.0,17917
1002374,P0056842,M,55+,20,C,4+,0,16,8.0,17.0,7941
1002577,P0038142,M,46-50,20,B,3,0,13,7.0,,18229
1000892,P0084942,M,36-45,5,B,0,1,8,,6.0,16468
1004185,P0026342,M,18-25,2,C,4+,0,17,18.0,,14509
1000708,P0055242,M,55+,15,A,2,1,14,5.0,11.0,5461
1002398,P0019642,M,18-25,14,B,0,1,9,,9.0,17519
1004483,P0086842,M,36-45,7,A,4+,0,6,16.0,14.0,8923
1002135,P0040842,M,51-55,8,A,2,0,16,11.0,,14809
1002355,P0036142,M,55+,3,A,2,0,3,10.0,13.0,8123
1004536,P0039242,F,0-17,12,A,3,1,2,,16.0,548
1000977,P0086942,M,18-25,2,C,2,0,8,8.0,8.0,620
1000735,P0034842,M,55+,20,B,1,0,4,9.0,10.0,16144
1002469,P0034442,M,36-45,6,C,4+,1,12,15.0,,16091
1002541,P0035042,M,18-25,15,C,4+,1,1,17.0,,10559
1000633,P0022242,M,46-50,16,C,3,0,17,8.0,,15174
1004269,P0042442,M,51-55,16,C,2,0,18,,12.0,17973
1004100,P0078042,M,18-25,18,C,3,1,17,7.0,3.0,2959
1002902,P0060042,M,51-55,19,B,1,0,16,8.0,,7315
1001664,P0078642,M,51-55,16,C,3,1,3,5.0,13.0,17014
1002016,P0088042,M,46-50,1,C,4+,1,9,12.0,,3513
1003182,P0081542,F,55+,4,C,3,1,12,,15.0,11573
1004064,P0093642,M,51-55,15,A,4+,1,7,16.0,,5064
1002631,P0016542,M,46-50,10,C,0,1,6,11.0,5.0,4377
1003873,P0092642,M,18-25,5,B,1,0,11,,,17324
1001055,P0093542,M,18-25,10,B,1,0,6,2.0,,17394
1000381,P0015842,M,51-55,0,B,4+,1,17,7.0,10.0,4716
1003083,P0083042,F,46-50,18,A,0,1,10,18.0,18.0,10732
1002392,P0059742,M,18-25,2,B,2,0,3,12.0,4.0,9043
1001593,P0047242,M,51-55,7,A,3,0,3,2.0,10.0,7500
1004262,P0036542,M,55+,17,B,2,1,2,11.0,12.0,16002
1002748,P0075242,M,0-17,12,A,0,1,1,2.0,5.0,2522
1002390,P0033542,F,26-35,0,B,1,1,18,13.0,13.0,5402
1003554,P0099742,M,55+,19,C,2,1,8,14.0,,13281
1003028,P0031742,M,55+,16,B,0,0,5,6.0,,16425
1001208,P0062642,M,26-35,4,B,1,0,10,,14.0,4082
1003854,P0091342,M,36-45,11,B,2,0,9,18.0,6.0,356
1000545,P0054042,M,51-55,10,C,1,1,18,11.0,4.0,12155
1003082,P0074942,M,26-35,17,A,4+,0,5,8.0,,16952
1003664,P0050542,M,0-17,7,A,1,1,11,2.0,16.0,17571
1002240,P0084342,M,51-55,12,C,1,1,1,15.0,,15251
1002368,P0070042,M,26-35,1,C,0,0,12,7.0,3.0,17991
1003774,P0068842,M,26-35,15,A,0,1,6,9.0,14.0,12481
1002628,P0074742,M,0-17,11,A,3,1,12,10.0,,18837
1003932,P0056842,M,46-50,7,A,0,0,12,,,18790
1002475,P0020942,M,26-35,3,A,4+,1,3,,,8022
1003131,P0045242,F,55+,13,A,4+,1,15,17.0,14.0,4649
1003508,P0091242,M,36-45,8,C,1,0,11,17.0,,10395
1000097,P0019042,M,55+,10,A,0,1,10,11.0,,10014
1003859,P0098142,F,26-35,15,A,3,1,16,17.0,6.0,11780
1002709,P0051342,M,26-35,5,B,0,0,12,,5.0,5934
1003337,P0080142,F,0-17,11,C,3,1,16,11.0,7.0,1376
1000457,P0017242,M,0-17,18,C,1,0,5,,4.0,14887
1004369,P0078442,F,51-55,15,A,4+,1,18,,17.0,6568
1002988,P0064642,M,36-45,12,B,0,1,10,5.0,,5978
1004089,P0082142,M,18-25,3,B,0,0,6,,,388
1003885,P0039742,M,0-17,11,A,4+,0,14,6.0,,7051
1001032,P0074442,F,18-25,3,B,4+,1,14,,,5816
1000208,P0038242,M,36-45,16,A,2,1,9,,,1368
1001938,P0060442,M,26-35,13,C,2,1,16,,10.0,10873
1001147,P0029742,M,51-55,16,B,2,0,13,11.0,5.0,764
1004300,P0013142,F,26-35,0,A,4+,0,14,5.0,,17093
1002565,P0074742,M,55+,19,A,2,1,11,6.0,13.0,4975
1000443,P0085942,M,51-55,0,A,0,0,2,8.0,,3815
1004785,P0097042,M,18-25,1,C,4+,1,12,6.0,,6906
1000833,P0044042,M,55+,16,B,0,0,17,,,14409
1001462,P0075742,M,36-45,0,C,4+,1,9,5.0,,1833
1003517,P0043342,M,36-45,11,C,1,0,11,15.0,18.0,15773
1001160,P0024242,F,0-17,12,B,0,0,12,12.0,,11332
1000387,P0084542,M,18-25,13,C,4+,1,3,2.0,9.0,6604
1002042,P0050942,F,51-55,9,A,3,1,17,6.0,3.0,12189
1002554,P0014342,M,0-17,11,B,4+,1,6,,14.0,3671
1001719,P0013142,M,18-25,17,C,1,1,4,18.0,18.0,12356
1004776,P0084242,M,55+,6,B,4+,0,13,13.0,,4437
1004051,P0012742,M,0-17,18,C,1,0,17,3.0,4.0,6634
1003410,P0052242,M,0-17,14,A,2,1,10,4.0,4.0,11768
1000690,P0059042,M,36-45,6,C,0,0,18,16.0,,5926
1001170,P0025942,F,36-45,13,B,1,1,14,17.0,8.0,1519
1004989,P0094442,M,26-35,8,C,3,0,16,,,14484
1000953,P0030642,F,26-35,4,A,0,0,15,6.0,6.0,17202
1004880,P0011742,M,36-45,0,A,4+,1,13,14.0,,17953
1004591,P0020242,M,36-45,15,A,4+,1,2,10.0,,19281
1003497,P0068142,M,55+,4,C,1,1,9,4.0,4.0,5792
1003918,P0073042,M,0-17,7,B,3,1,13,8.0,9.0,11120
1004843,P0075042,M,26-35,18,C,1,1,12,9.0,,8831
1002485,P0077142,F,36-45,19,C,3,1,1,11.0,,8187
1001855,P0033142,F,18-25,11,C,1,0,13,7.0,4.0,13770
1003440,P0075942,M,18-25,7,B,2,0,8,13.0,10.0,8449
1003232,P0096442,F,26-35,7,A,2,0,4,14.0,11.0,8519
1002598,P0052342,M,18-25,5,A,2,1,11,10.0,14.0,6503
1003984,P0085442,M,51-55,19,A,1,0,6,9.0,9.0,12303
1002192,P0064642,M,0-17,8,B,0,1,13,15.0,,15839
1002636,P0093642,M,26-35,1,C,4+,0,5,3.0,14.0,635
1000657,P0099342,M,51-55,17,C,0,1,13,,3.0,17674
1003813,P0096642,M,36-45,0,C,4+,0,17,,12.0,9358
1003341,P0033842,M,55+,10,B,3,0,1,3.0,17.0,19743
1003912,P0043342,M,55+,14,C,2,1,4,16.0,,14886
1001797,P0024842,M,51-55,11,B,2,1,2,7.0,5.0,4005
1004364,P0072242,M,18-25,2,A,4+,1,12,10.0,15.0,18151
1001763,P0050742,M,0-17,18,A,2,1,1,7.0,13.0,18359
1004473,P0011642,M,36-45,19,B,0,0,12,6.0,7.0,2055
1003286,P0032542,F,46-50,18,A,1,1,13,10.0,7.0,15074
1001586,P0075142,M,0-17,9,B,2,1,6,9.0,,412
1003564,P0075542,M,18-25,15,C,2,1,7,10.0,13.0,13724
1002441,P0035942,M,0-17,5,A,3,0,5,18.0,,6943
1004585,P0082842,M,55+,8,A,1,1,9,,8.0,17665
1004818,P0077342,M,46-50,7,C,4+,1,13,4.0,,11027
1003101,P0070342,M,46-50,15,C,1,0,14,16.0,,13282
1003245,P0027342,M,0-17,7,B,1,1,8,12.0,,9900
1001041,P0094242,M,55+,17,A,4+,1,16,9.0,13.0,4748
1003128,P0030442,M,36-45,4,C,1,1,14,15.0,13.0,259
1002274,P0051442,F,55+,19,A,3,0,18,,,15186
1003630,P0060742,M,51-55,11,A,0,1,10,14.0,,8144
1002115,P0025242,F,36-45,5,A,1,1,16,16.0,,147
1001678,P0020242,M,46-50,1,A,0,0,9,4.0,9.0,11812
1003095,P0081342,F,26-35,3,B,3,0,1,16.0,,7672
1000999,P0089142,M,26-35,15,C,3,0,9,,,8102
1002285,P0016442,M,36-45,13,A,1,0,14,,12.0,6075
1001590,P0021642,M,26-35,16,C,2,1,7,10.0,5.0,6003
1001162,P0076442,M,36-45,18,C,1,1,11,,5.0,12259
1002521,P0025542,F,18-25,3,B,0,0,7,13.0,,19251
1003856,P0077542,M,36-45,17,B,3,0,10,4.0,11.0,4351
1004649,P0018142,M,18-25,11,A,0,1,2,,,764
1000695,P0061742,M,51-55,1,A,0,0,2,14.0,10.0,11137
1004413,P0093342,M,46-50,5,B,4+,0,16,4.0,8.0,13739
1004864,P0016642,M,26-35,5,C,3,1,12,13.0,12.0,12270
1003799,P0033742,F,51-55,2,C,3,0,8,16.0,,12575
1003684,P0068342,M,51-55,7,B,0,1,10,6.0,18.0,5773
1001972,P0070642,F,55+,11,A,3,1,15,15.0,6.0,16071
1001504,P0091542,F,55+,2,A,1,0,16,,,13127
1003250,P0042542,F,46-50,1,A,4+,0,4,6.0,,466
1004219,P0068942,M,0-17,20,B,1,0,5,11.0,9.0,10074
1003243,P0016642,M,0-17,0,B,2,1,17,8.0,16.0,14865
1001869,P0027542,M,51-55,17,C,2,0,10,9.0,8.0,14529
1001672,P0093242,F,51-55,17,B,0,0,4,18.0,,2649
1001083,P0078342,F,55+,7,A,2,1,1,18.0,11.0,4486
1001729,P0057742,M,46-50,13,C,1,1,1,2.0,,15553
1003852,P0035442,M,36-45,12,A,2,0,7,4.0,13.0,15985
1002143,P0016242,F,36-45,14,A,0,1,3,8.0,,12808
1001149,P0091342,M,26-35,14,C,3,1,16,8.0,,16011
1000254,P0050242,M,46-50,12,A,4+,0,16,3.0,18.0,1559
1004103,P0085742,F,0-17,3,C,0,1,15,15.0,8.0,13452
1003543,P0029142,F,46-50,3,A,0,0,11,14.0,,13277
1002776,P0042842,F,46-50,4,A,0,1,18,6.0,,7400
1004638,P0017042,M,55+,2,C,1,0,8,9.0,5.0,11640
1003334,P0097742,M,26-35,11,A,3,0,6,11.0,12.0,2912
1004185,P0084042,M,36-45,19,A,0,0,18,2.0,,3604
1003280,P0016242,M,51-55,11,C,3,1,8,5.0,,4329
1004309,P0039642,M,0-17,19,C,0,1,17,14.0,7.0,981
1002882,P0034442,F,26-35,6,C,1,1,5,11.0,,11542
1000266,P0061842,F,0-17,6,B,0,0,3,14.0,14.0,1403
1002341,P0049242,M,0-17,0,A,2,0,7,,,7800
1003149,P0087142,M,36-45,11,C,1,1,12,17.0,,5108
1003360,P0070042,M,51-55,2,A,0,0,1,,,18680
1001005,P0027642,M,51-55,14,C,0,0,3,13.0,9.0,14615
1002095,P0030342,M,55+,8,A,0,1,10,2.0,16.0,5353
1004718,P0074542,M,36-45,19,A,2,0,6,3.0,,12790
1003272,P0069342,M,26-35,8,C,2,1,16,15.0,,6390
1004523,P0063242,F,18-25,13,C,0,1,14,8.0,7.0,16377
1000210,P0022742,M,26-35,2,B,2,0,8,10.0,13.0,4476
1000888,P0029442,M,26-35,7,C,0,1,6,15.0,14.0,5135
1000154,P0029342,M,18-25,5,C,2,1,11,8.0,15.0,1006
1003594,P0028342,M,0-17,11,C,3,0,4,,14.0,7689
1000415,P0034642,F,46-50,1,B,0,1,8,9.0,5.0,15279
1003425,P0097242,M,18-25,2,A,0,1,5,2.0,,4446
1001285,P0097142,F,46-50,13,B,4+,0,10,,,19551
1003149,P0042342,M,0-17,16,A,4+,0,12,11.0,13.0,8673
1000769,P0025942,M,18-25,2,C,1,1,17,9.0,,10992
1000983,P0080542,M,36-45,3,C,3,1,11,,16.0,2075
1003203,P0072142,F,26-35,14,C,3,1,12,,4.0,919
1004675,P0016542,M,18-25,6,B,1,0,12,2.0,14.0,6037
1003527,P0035342,M,18-25,18,B,4+,1,17,18.0,8.0,15646
1002788,P0038242,M,0-17,13,C,1,1,5,11.0,,4387
1002211,P0015942,M,36-45,15,B,4+,0,17,15.0,6.0,5467
1001039,P0021742,M,18-25,12,C,0,1,5,4.0,10.0,11451
1003933,P0052242,F,36-45,19,B,1,0,13,15.0,,18231
1000542,P0065542,F,46-50,16,C,2,0,14,6.0,8.0,866
1000359,P0082142,M,18-25,16,B,4+,0,8,4.0,5.0,15122
1000850,P0013542,M,36-45,9,A,0,0,14,4.0,12.0,16846
1004523,P0063042,M,26-35,6,C,2,1,6,7.0,,2064
1002545,P0019042,M,0-17,19,B,2,0,7,,17.0,5640
1004582,P0040042,M,51-55,16,B,3,0,10,3.0,,18141
1001832,P0082342,M,36-45,11,C,4+,0,17,8.0,10.0,14035
1001473,P0083342,M,0-17,10,B,0,0,6,12.0,,7505
1001437,P0031642,M,51-55,9,A,4+,1,3,6.0,17.0,2137
1000330,P0083442,F,18-25,7,A,0,1,3,,11.0,8905
1004355,P0019742,M,18-25,14,B,4+,0,3,11.0,,19712
1004239,P0055542,M,46-50,17,C,2,1,5,15.0,13.0,18459
1004009,P0063042,F,0-17,12,B,3,0,6,9.0,9.0,7287
1004723,P0090842,M,26-35,15,B,1,0,6,5.0,,3935
1001389,P0063742,M,55+,12,A,4+,1,13,8.0,5.0,1999
1004186,P0012742,M,26-35,3,B,2,0,5,7.0,,2731
1000720,P0067542,M,36-45,10,C,1,1,1,18.0,16.0,15051
1003236,P0042342,M,26-35,18,A,1,0,17,2.0,15.0,12502
1004577,P0032242,M,51-55,7,B,1,0,2,,11.0,13969
1002132,P0017942,M,0-17,9,C,2,0,12,9.0,9.0,10952
1001101,P0066242,M,18-25,11,A,0,1,18,14.0,,2747
1000673,P0055742,F,0-17,20,C,1,0,7,18.0,,15332
1000517,P0071342,M,0-17,19,C,3,0,5,11.0,12.0,8093
1002533,P0027542,F,18-25,10,C,0,0,16,3.0,6.0,12759
1003671,P0062142,F,51-55,19,B,2,1,12,12.0,3.0,5030
1000782,P0084842,F,0-17,20,A,1,0,15,4.0,17.0,7086
1003524,P0055642,M,26-35,3,B,2,1,9,18.0,9.0,6730
1003559,P0052242,M,36-45,18,A,2,1,8,14.0,13.0,17934
1002387,P0019942,M,55+,19,C,1,1,7,13.0,16.0,2534
1004783,P0098942,M,36-45,9,C,2,1,12,2.0,,19620
1001590,P0083942,M,0-17,14,B,3,0,3,,13.0,14161
1004996,P0050242,M,51-55,12,C,3,0,4,4.0,,7130
1001502,P0067542,M,18-25,12,C,4+,1,2,5.0,,19879
1003795,P0047942,M,46-50,20,C,1,1,7,,9.0,19062
1004319,P0063042,M,51-55,17,A,1,0,3,3.0,,3858
1003081,P0043142,M,0-17,6,A,1,0,1,16.0,10.0,6355
1001077,P0041742,M,0-17,13,B,4+,0,12,3.0,4.0,9962
1001101,P0075242,F,46-50,4,A,3,0,17,16.0,5.0,9047
1000503,P0063642,M,36-45,8,C,3,1,18,,,4682
1001340,P0083942,M,51-55,16,C,1,0,3,8.0,6.0,2565
1003886,P0018842,M,36-45,4,C,2,1,13,8.0,,269
1000624,P0070342,M,55+,15,B,0,0,5,,16.0,1392
1001887,P0061042,M,46-50,8,C,0,1,8,3.0,10.0,12039
1003351,P0014142,M,18-25,16,C,1,1,16,8.0,18.0,8182
1001051,P0098442,F,55+,17,B,1,0,5,15.0,5.0,17204
1003773,P0090642,F,0-17,2,A,3,1,4,15.0,4.0,5564
1003917,P0048842,M,26-35,4,A,3,0,16,11.0,16.0,6248
1004019,P0018042,M,36-45,20,A,2,1,14,,7.0,13661
1001330,P0050142,F,36-45,16,B,3,1,13,18.0,4.0,11985
1004115,P0020642,M,51-55,19,B,0,0,8,18.0,18.0,11057
1003368,P0021042,M,55+,3,C,0,1,18,5.0,14.0,5444
1003952,P0037642,F,55+,3,C,3,0,5,14.0,15.0,18455
1002498,P0031342,F,36-45,20,B,0,0,6,,,6119
1001574,P0084242,M,18-25,20,B,0,1,6,3.0,,18715
1002635,P0091742,M,46-50,6,C,0,0,17,6.0,,6564
1002769,P0060542,M,18-25,7,C,0,1,16,,5.0,15293
1001212,P0022042,M,36-45,1,C,4+,0,5,11.0,5.0,1614
1000776,P0023342,M,51-55,9,A,1,0,3,12.0,17.0,5946
1001161,P0091742,M,0-17,4,A,2,1,1,9.0,,9886
1002384,P0081942,M,36-45,16,C,4+,1,5,9.0,,2460
1002655,P0047042,M,0-17,6,B,2,1,3,,,3473
1003541,P0035642,F,51-55,1,A,4+,0,16,6.0,11.0,16650
1004698,P0079642,M,0-17,5,C,4+,0,16,7.0,17.0,1143
1004636,P0089742,M,36-45,9,A,2,0,4,12.0,,2551
1001096,P0097442,M,36-45,8,B,1,1,3,8.0,15.0,8389
1000024,P0027942,M,0-17,4,B,3,1,12,,8.0,8981
1004720,P0014742,M,18-25,2,B,4+,1,17,14.0,,14577
1003557,P0069842,F,18-25,10,C,1,0,12,12.0,15.0,3969
1001080,P0099642,M,51-55,9,C,3,1,10,14.0,9.0,13813
1004319,P0011842,M,18-25,15,A,2,1,2,2.0,16.0,18245
1000179,P0014542,M,55+,19,C,4+,1,10,16.0,11.0,14418
1002848,P0055042,M,26-35,18,C,3,0,2,8.0,4.0,14051
1001961,P0099742,M,0-17,0,C,1,1,17,14.0,14.0,15798
1001474,P0015542,M,26-35,10,A,3,0,5,18.0,,15907
1004889,P0084042,M,26-35,14,C,2,1,2,8.0,9.0,5069
1004980,P0075642,M,55+,6,B,3,1,14,2.0,14.0,7463
1001213,P0019142,M,0-17,7,C,0,0,10,2.0,,4301
1000810,P0018142,M,26-35,15,C,4+,1,15,,,1598
1000420,P0083642,M,51-55,17,B,1,1,5,12.0,4.0,1690
1003660,P0017842,F,51-55,10,A,1,0,14,15.0,,19924
1003817,P0076142,M,0-17,0,C,4+,1,18,13.0,11.0,6543
1001279,P0097242,F,46-50,15,C,4+,0,13,5.0,5.0,9698
1002524,P0038242,M,46-50,3,C,0,1,13,2.0,,19695
1001441,P0041042,M,55+,5,C,0,1,3,6.0,14.0,485
1001341,P0025942,M,0-17,10,B,1,1,4,,8.0,2189
1002222,P0041542,M,0-17,5,C,3,1,5,10.0,,9821
1002393,P0097642,M,0-17,9,A,4+,1,10,,8.0,16645
1001362,P0076742,M,18-25,5,B,0,0,2,7.0,18.0,12233
1000592,P0025542,F,0-17,9,B,0,1,9,16.0,11.0,19880
1000527,P0098742,M,51-55,4,A,0,0,9,2.0,8.0,12791
1002504,P0081342,M,51-55,8,C,3,0,10,2.0,3.0,5513
1001293,P0056742,M,36-45,6,C,1,0,12,11.0,6.0,19423
1001655,P0095242,M,46-50,16,C,1,1,15,14.0,,4792
1004907,P0056142,F,46-50,11,A,0,1,3,,14.0,13729
1000188,P0095342,F,55+,10,B,3,0,9,2.0,,17868
1002759,P0021642,M,0-17,5,C,3,0,7,,,4886
1000529,P0076542,M,46-50,10,A,1,0,16,11.0,,4820
1000434,P0046342,F,0-17,10,A,4+,1,4,17.0,,11656
1003513,P0094242,M,0-17,13,C,0,0,14,14.0,7.0,4952
1001805,P0073042,M,46-50,15,A,3,0,5,6.0,9.0,8598
1000303,P0081042,F,46-50,1,C,4+,1,16,8.0,,3736
1004183,P0056542,M,36-45,1,C,2,0,14,13.0,,10852
1000438,P0087442,M,55+,4,C,0,0,13,3.0,,16931
1002589,P0028342,F,26-35,13,B,2,0,14,17.0,,14323
1000833,P0075942,F,36-45,20,A,1,0,5,17.0,,3429
1000797,P0026542,M,36-45,9,B,1,0,17,18.0,17.0,3741
1000560,P0017442,M,46-50,9,C,1,1,1,18.0,,8308
1003589,P0084742,F,55+,17,A,3,1,11,15.0,11.0,4409
1000762,P0092542,F,51-55,19,C,3,1,10,16.0,4.0,14643
1003575,P0037142,F,55+,8,A,4+,0,4,13.0,8.0,16176
1003786,P0079042,M,36-45,3,C,2,0,17,6.0,6.0,4714
1002515,P0060242,F,51-55,16,A,1,1,17,3.0,14.0,9794
1000685,P0089442,M,46-50,20,C,1,1,16,5.0,,5980
1004234,P0066242,M,18-25,1,C,3,1,14,5.0,10.0,5170
1000578,P0068642,M,0-17,13,B,3,1,16,17.0,15.0,15628
1004806,P0075542,M,26-35,0,B,3,0,2,,,19025
1000228,P0044242,F,51-55,6,A,0,0,8,18.0,,9025
1002329,P0079942,F,18-25,3,A,2,1,6,,9.0,10621
1002732,P0073442,M,51-55,8,B,2,1,10,2.0,16.0,1705
1000828,P0094342,M,0-17,2,C,0,1,2,2.0,9.0,19110
1000431,P0035042,M,0-17,4,C,1,0,4,15.0,13.0,6460
1001064,P0090742,F,55+,20,A,4+,1,6,2.0,12.0,306
1001710,P0093442,M,26-35,9,A,4+,1,13,,4.0,19294
1001235,P0022942,M,36-45,9,C,1,0,1,11.0,3.0,3241
1000302,P0086342,M,0-17,3,B,4+,0,5,,18.0,18042
1001421,P0045742,F,26-35,16,A,3,0,7,6.0,7.0,1564
1004629,P0079142,M,51-55,20,C,2,0,14,14.0,6.0,12250
1000769,P0050742,M,51-55,16,A,3,1,11,15.0,11.0,9057
1001405,P0096042,F,51-55,18,B,4+,0,18,7.0,8.0,6113
1000444,P0059442,M,55+,5,A,4+,1,18,9.0,,12051
1003105,P0072142,M,51-55,0,C,2,0,6,13.0,,7670
1004356,P0058142,M,51-55,13,B,3,1,6,9.0,,1144
1003306,P0094942,F,46-50,12,C,2,1,7,11.0,13.0,11893
1001539,P0017742,M,0-17,2,B,4+,1,17,11.0,3.0,9792
1003931,P0061342,M,55+,1,C,2,0,5,15.0,,9150
1001332,P0042042,M,0-17,6,A,2,0,7,3.0,6.0,18827
1000070,P0088742,F,36-45,11,B,4+,0,6,,9.0,7341
1003436,P0038942,M,55+,1,B,2,1,17,4.0,18.0,19736
1000481,P0039642,M,36-45,10,B,3,0,12,8.0,14.0,12793
1004095,P0078042,M,55+,15,A,4+,0,7,2.0,,18651
1003497,P0085142,M,46-50,4,B,2,0,12,18.0,7.0,16667
1002794,P0057442,M,0-17,16,A,1,0,17,4.0,17.0,9995
1002893,P0012242,F,55+,2,A,3,1,15,7.0,14.0,11620
1001199,P0090542,F,36-45,13,B,3,0,16,11.0,17.0,5680
1002373,P0027142,M,55+,15,C,3,1,1,18.0,,11796
1001893,P0093442,M,26-35,16,B,0,1,11,17.0,16.0,4819
1001884,P0041742,M,51-55,18,C,4+,0,1,4.0,,18845
1000798,P0089742,M,51-55,3,C,0,1,13,10.0,,5812
1000018,P0095442,M,0-17,20,B,2,0,17,8.0,,8895
1000044,P0029242,F,51-55,19,B,4+,0,16,,15.0,4477
1000155,P0078042,F,51-55,19,C,3,0,17,,3.0,2935
1004963,P0021742,M,26-35,8,B,3,0,14,5.0,6.0,12726
1003449,P0010542,M,18-25,10,B,3,0,5,10.0,16.0,9457
1004839,P0094242,M,46-50,4,A,3,0,13,10.0,4.0,19285
1004081,P0058242,F,36-45,10,C,2,1,18,,4.0,4829
1001426,P0023142,M,18-25,12,A,1,0,7,17.0,6.0,9479
1004321,P0019242,M,36-45,20,B,4+,1,17,18.0,8.0,8811
1004313,P0086242,M,18-25,1,B,1,1,11,9.0,,7572
1003640,P0062142,F,51-55,1,A,4+,0,17,15.0,6.0,3396
1004127,P0066242,F,36-45,9,A,3,0,6,8.0,9.0,16188
1001893,P0096042,M,46-50,12,B,0,0,18,18.0,,4321
1000898,P0039342,M,0-17,4,C,2,1,10,,,11496
1003425,P0074042,M,26-35,10,A,4+,1,1,14.0,,14779
1004541,P0049142,F,18-25,14,C,3,0,1,12.0,18.0,19516
1001259,P0034842,F,26-35,4,B,0,1,15,,9.0,3546
1002016,P0071342,M,26-35,19,C,3,1,6,,8.0,7436
1004834,P0094842,M,36-45,4,C,2,1,7,3.0,,8363
1001703,P0069442,M,0-17,6,B,0,1,10,15.0,5.0,457
1000874,P0080242,M,36-45,9,B,4+,0,4,14.0,15.0,3830
1000566,P0051642,M,26-35,1,B,4+,1,14,6.0,15.0,11366
1002019,P0024242,M,51-55,0,C,4+,0,8,4.0,,14730
1001886,P0033642,M,55+,19,A,4+,1,1,7.0,,5747
1002124,P0038642,M,46-50,0,B,0,1,2,5.0,15.0,7332
1004643,P0037642,M,0-17,3,B,2,1,10,6.0,,10537
1002315,P0048642,F,0-17,14,A,0,1,4,,,18808
1004413,P0048142,M,51-55,14,B,4+,0,17,,3.0,13760
1003884,P0054942,M,26-35,5,B,2,0,16,7.0,18.0,929
1003193,P0039042,M,36-45,5,A,1,0,5,6.0,,3615
1001860,P0026842,M,51-55,0,C,1,0,10,11.0,,11327
1000025,P0054242,F,46-50,6,C,0,0,11,15.0,,19236
1003504,P0075542,M,18-25,4,C,4+,0,1,4.0,,13743
1004256,P0028342,M,36-45,16,B,1,0,13,18.0,3.0,9660
1001138,P0014442,M,0-17,6,A,1,1,2,3.0,,7081
1004996,P0085442,M,51-55,3,C,3,0,1,4.0,,15382
1001190,P0092642,M,36-45,2,A,3,1,14,14.0,18.0,5109
1004799,P0036742,M,18-25,11,C,2,0,12,6.0,11.0,10561
1004097,P0057542,M,55+,14,C,2,0,11,6.0,12.0,14007
1003158,P0035242,F,55+,19,B,4+,0,1,,16.0,4405
1002368,P0049542,M,46-50,8,C,1,0,14,9.0,10.0,15744
1004478,P0038842,M,55+,20,C,0,0,8,,17.0,2862
1001742,P0031142,F,55+,11,A,0,1,18,4.0,18.0,17973
1003689,P0078842,M,51-55,4,B,3,1,5,,,18308
1003747,P0012042,F,46-50,7,B,2,1,3,,4.0,1495
1000898,P0041542,F,18-25,14,C,4+,0,6,12.0,4.0,19944
1004024,P0066342,M,18-25,6,B,3,0,5,17.0,,12339
1000717,P0053742,M,55+,18,A,3,1,2,10.0,,9886
1003968,P0052242,M,26-35,12,B,4+,0,3,17.0,11.0,16117
1004022,P0033242,F,0-17,0,C,4+,1,4,6.0,3.0,14590
1003216,P0022242,M,26-35,10,B,1,1,1,,18.0,11045
1000391,P0097342,F,36-45,12,B,4+,0,16,17.0,9.0,3411
1003885,P0071142,F,18-25,1,C,4+,0,8,16.0,4.0,4957
1001700,P0031342,F,26-35,18,B,3,0,2,18.0,,5062
1003038,P0093842,F,0-17,10,B,3,1,3,8.0,,5952
1000233,P0074642,M,0-17,0,C,0,0,14,5.0,,15881
1001927,P0092942,F,18-25,0,C,0,0,7,9.0,5.0,17116
1003132,P0082942,M,51-55,7,A,0,0,13,2.0,12.0,19819
1003307,P0069942,M,26-35,12,C,4+,0,7,7.0,9.0,16114
1002725,P0089142,M,46-50,7,C,1,1,16,14.0,12.0,9908
1004802,P0013942,M,18-25,1,B,3,1,3,18.0,16.0,5976
1000234,P0085142,M,55+,7,C,2,0,5,,18.0,10209
1001392,P0043142,M,36-45,13,B,1,0,3,16.0,10.0,17343
1002893,P0074742,M,26-35,1,C,2,1,15,,,4502
1001256,P0028142,M,26-35,12,A,4+,0,11,7.0,,14860
1002539,P0036442,M,18-25,4,A,2,1,18,15.0,,2353
1003691,P0087042,F,51-55,0,B,0,0,5,,15.0,6232
1000890,P0079342,M,26-35,8,B,3,0,13,14.0,11.0,7003
1004688,P0063242,F,26-35,19,B,1,1,1,10.0,,4340
1000746,P0096242,M,36-45,9,A,0,0,14,7.0,7.0,7897
1001720,P0053142,M,51-55,10,A,3,0,9,8.0,14.0,10762
1000428,P0029542,M,36-45,17,C,0,1,9,6.0,18.0,11895
1000732,P0082342,M,46-50,16,C,1,0,4,16.0,6.0,13706
1000800,P0060842,F,36-45,5,B,4+,0,2,16.0,4.0,13609
1004298,P0054642,F,55+,10,A,2,0,16,17.0,12.0,176
1000836,P0062742,F,46-50,3,C,4+,0,5,11.0,11.0,9681
1000135,P0030142,M,36-45,0,A,2,1,18,4.0,,8195
1002539,P0097442,M,46-50,0,A,2,1,2,10.0,16.0,18218
1003719,P0082942,M,51-55,17,B,1,1,14,16.0,3.0,18309
1000041,P0070442,M,36-45,4,A,1,0,15,,,19192
1003368,P0023242,F,36-45,15,B,4+,1,10,3.0,,12544
1002416,P0023842,F,18-25,1,C,3,0,16,6.0,4.0,7527
1002041,P0076842,M,36-45,8,A,3,0,8,,9.0,13028
1004340,P0059242,F,46-50,1,B,4+,1,14,10.0,18.0,8450
1002950,P0094642,F,18-25,4,A,2,1,10,3.0,7.0,8720
1004262,P0016942,M,46-50,19,A,1,0,13,6.0,,6167
1003467,P0091542,M,36-45,16,C,4+,0,2,18.0,13.0,12244
1003089,P0011442,F,36-45,18,B,3,1,5,17.0,,655
1004824,P0084642,M,46-50,9,A,2,1,14,6.0,15.0,1656
1001116,P0031142,M,51-55,7,A,3,1,8,4.0,10.0,2426
1004579,P0090142,M,51-55,19,C,2,1,1,3.0,,19248
1002591,P0015942,M,55+,10,A,3,0,5,11.0,14.0,3149
1003574,P0035142,M,51-55,12,B,0,1,11,15.0,18.0,10373
1002979,P0054542,M,26-35,12,B,2,1,8,8.0,12.0,15815
1002448,P0010142,M,18-25,8,B,2,0,17,3.0,,4904
1001231,P0084742,M,18-25,4,A,2,0,10,11.0,8.0,1391
1002667,P0043542,F,51-55,17,A,0,1,14,6.0,7.0,11345
1004976,P0011842,F,36-45,7,B,0,0,1,5.0,3.0,2893
1004926,P0066042,M,18-25,19,A,3,1,5,17.0,,531
1004855,P0017742,F,46-50,13,C,1,1,15,14.0,6.0,14186
1004259,P0057142,F,36-45,1,B,3,0,10,8.0,9.0,7941
1002595,P0012742,M,18-25,15,C,2,1,15,11.0,8.0,6457
1003431,P0065942,F,0-17,0,C,2,1,1,6.0,,16093
1002918,P0070742,M,18-25,12,A,3,1,11,13.0,,13206
1002953,P0026442,M,51-55,17,A,4+,1,18,17.0,,16855
1001996,P0055742,M,46-50,0,B,1,0,6,10.0,12.0,17083
1003892,P0097642,M,18-25,6,A,0,0,2,9.0,3.0,12593
1000307,P0027542,M,55+,3,C,1,0,2,7.0,,14003
1001363,P0068442,F,26-35,9,A,4+,1,17,8.0,8.0,10862
1002103,P0096742,M,51-55,7,B,3,0,5,9.0,4.0,14605
1003031,P0012842,F,55+,2,A,3,1,14,8.0,12.0,1258
1000333,P0076842,M,55+,6,C,2,0,12,3.0,9.0,9105
1002753,P0092542,F,26-35,15,C,3,1,4,4.0,,10896
1000243,P0091542,M,36-45,19,B,4+,1,9,,3.0,3302
1001885,P0037842,M,26-35,9,B,3,0,18,9.0,,2516
1001433,P0038242,M,46-50,12,A,3,1,10,18.0,17.0,7425
1002551,P0057842,M,0-17,0,A,4+,0,7,16.0,10.0,16222
1000303,P0061842,M,0-17,6,B,0,1,5,13.0,,354
1004331,P0040442,M,36-45,9,C,1,0,15,10.0,13.0,7876
1003110,P0079342,M,36-45,11,A,3,0,13,15.0,16.0,1352
1002187,P0020842,M,26-35,13,B,1,0,14,13.0,6.0,5527
1004291,P0042342,F,55+,10,B,1,0,4,16.0,,15257
1001551,P0030542,M,46-50,16,C,2,1,6,,,13203
1001793,P0033342,M,26-35,8,B,0,1,15,8.0,,10942
1000647,P0055742,F,46-50,7,A,1,1,13,8.0,,12360
1004657,P0028642,M,46-50,9,A,2,0,13,15.0,8.0,5367
1000713,P0058142,M,0-17,3,B,4+,0,18,18.0,14.0,1733
1004509,P0050642,M,55+,4,B,4+,1,17,5.0,5.0,16450
1000538,P0094042,M,46-50,17,C,4+,0,1,,17.0,11875
1000235,P0060842,M,18-25,5,C,4+,1,4,,8.0,14645
1002397,P0096842,M,46-50,9,B,4+,0,11,9.0,10.0,7907
1001505,P0061942,M,0-17,17,A,2,0,13,7.0,,15689
1001375,P0015242,F,51-55,10,C,0,0,16,10.0,,11322
1004512,P0049742,F,26-35,4,B,0,1,15,5.0,12.0,6606
1001910,P0029842,F,46-50,2,C,2,0,12,3.0,,6422
1000916,P0049042,M,18-25,17,C,2,1,8,17.0,6.0,19804
1003959,P0074842,M,36-45,3,C,3,0,1,13.0,16.0,16015
1000081,P0087042,M,26-35,7,C,1,1,8,11.0,16.0,16279
1002084,P0094542,M,36-45,16,C,4+,1,5,6.0,,8057
1002689,P0059742,M,18-25,9,C,1,1,1,13.0,9.0,19185
1001691,P0027142,F,0-17,18,A,3,0,12,10.0,4.0,12362
1000757,P0018542,M,51-55,0,C,0,1,4,12.0,11.0,13259
1002671,P0065742,M,55+,1,B,4+,1,15,3.0,,14122
1003752,P0095742,M,0-17,10,B,0,1,9,,4.0,13575
1003553,P0028542,F,51-55,14,C,2,1,10,17.0,6.0,816
1000468,P0025542,M,55+,0,C,1,1,13,16.0,4.0,13151
1001495,P0059242,M,26-35,8,B,0,1,10,13.0,15.0,16797
1001020,P0062042,F,46-50,7,C,3,1,10,6.0,,15498
1000902,P0072642,M,46-50,0,B,0,0,14,4.0,9.0,8001
1000673,P0076542,M,36-45,9,B,4+,1,1,9.0,3.0,16591
1000439,P0022942,F,0-17,16,A,4+,0,8,10.0,7.0,19875
1004223,P0094242,F,46-50,17,A,1,1,17,17.0,5.0,15997
1002077,P0018042,M,51-55,15,B,2,1,10,4.0,16.0,6098
1000445,P0048342,M,55+,1,C,4+,1,1,18.0,15.0,16395
1000966,P0090142,M,46-50,16,B,3,1,8,10.0,9.0,9066
1003791,P0075842,M,0-17,3,B,1,1,5,17.0,,15039
1000464,P0039442,M,0-17,6,C,4+,1,2,11.0,13.0,15922
1002199,P0036842,F,18-25,8,A,3,0,2,3.0,,17000
1002288,P0074442,M,55+,2,B,0,0,11,14.0,8.0,12111
1003766,P0066142,M,36-45,19,A,3,0,3,10.0,18.0,10254
1003177,P0063442,M,55+,20,C,1,1,9,11.0,,19804
1004009,P0047742,M,0-17,4,A,4+,1,8,17.0,7.0,2183
1003505,P0047542,M,55+,17,C,2,1,6,6.0,,17620
1000913,P0018742,M,18-25,20,C,2,0,14,2.0,,9758
1000497,P0072342,F,55+,16,A,3,0,8,7.0,,19164
1001464,P0021042,M,0-17,6,B,3,1,15,5.0,,4089
1004254,P0068342,M,26-35,13,B,3,1,3,8.0,12.0,10233
1004268,P0025342,M,51-55,14,C,4+,1,8,6.0,13.0,17219
1000494,P0056242,M,51-55,20,A,2,0,16,3.0,3.0,13833
1001427,P0066842,M,26-35,13,A,2,0,6,18.0,,7738
1001693,P0086842,F,26-35,8,A,1,0,7,6.0,3.0,6936
1001794,P0025542,F,0-17,15,A,1,1,13,9.0,9.0,8411
1002724,P0072442,M,46-50,18,C,0,1,9,2.0,18.0,10296
1000659,P0041742,F,46-50,0,A,4+,1,7,17.0,18.0,16103
1004762,P0065842,M,26-35,7,A,3,0,16,11.0,15.0,17232
1004463,P0033742,M,36-45,17,B,1,0,7,,18.0,11384
1000550,P0043342,M,51-55,1,C,0,1,15,3.0,11.0,19545
1000643,P0020542,M,18-25,3,A,0,0,5,5.0,8.0,18300
1004351,P0058142,M,26-35,20,A,2,0,2,7.0,10.0,13840
1000208,P0079842,M,51-55,0,C,4+,0,2,,9.0,4512
1002498,P0077042,M,18-25,18,C,4+,0,5,9.0,13.0,14173
1004191,P0080942,M,55+,10,B,3,1,12,5.0,,16667
1001884,P0048142,M,18-25,5,C,4+,0,4,18.0,11.0,16925
1002887,P0078842,M,26-35,18,A,3,1,18,8.0,11.0,12332
1000478,P0036042,M,46-50,13,B,4+,1,11,8.0,,13704
1000762,P0089842,M,36-45,20,A,2,0,6,15.0,,13276
1000190,P0039242,M,51-55,18,C,0,0,13,9.0,9.0,13173
1000756,P0043442,M,26-35,12,C,4+,0,5,2.0,,17028
1001447,P0075442,F,18-25,11,C,4+,0,4,,18.0,1904
1004932,P0091942,M,51-55,9,B,2,0,10,6.0,16.0,16388
1001664,P0080842,F,0-17,18,A,1,1,2,6.0,3.0,11092
1001836,P0057542,M,55+,10,A,3,0,8,4.0,12.0,11464
1004229,P0032442,F,0-17,11,B,1,1,3,5.0,8.0,4645
1004151,P0065442,M,51-55,6,C,0,1,9,12.0,6.0,1231
1004061,P0055342,M,51-55,7,A,1,0,2,,9.0,7872
1004606,P0076242,M,18-25,16,C,0,1,17,15.0,,2752
1004766,P0039542,M,26-35,2,C,3,0,1,15.0,16.0,9747
1003613,P0067442,M,46-50,5,A,2,1,17,9.0,13.0,18298
1001690,P0074142,M,26-35,11,C,0,1,5,18.0,6.0,19595
1001317,P0086642,M,36-45,14,A,3,0,13,11.0,,1752
1004830,P0056242,M,51-55,6,A,2,0,8,11.0,15.0,3048
1003187,P0095442,F,0-17,5,B,1,1,7,,,11783
1004021,P0031342,F,18-25,11,A,1,1,14,14.0,3.0,6018
1004355,P0068442,M,46-50,11,B,0,0,8,,,12538
1001146,P0071542,M,55+,3,C,4+,0,11,12.0,15.0,2163
1004395,P0025742,M,26-35,20,B,4+,0,3,5.0,11.0,14507
1000561,P0037142,F,36-45,8,C,2,1,5,,,13593
1001913,P0092642,F,26-35,16,B,1,0,18,15.0,,8181
1001865,P0033742,F,55+,1,C,3,1,5,4.0,8.0,14216
1000297,P0040242,M,36-45,4,A,2,0,13,16.0,12.0,8363
1002410,P0098342,F,26-35,20,B,0,0,5,10.0,18.0,8107
1002637,P0076942,F,46-50,9,A,0,1,2,18.0,,6701
1001462,P0072042,M,46-50,5,A,2,1,13,7.0,,8422
1004293,P0062042,F,18-25,5,C,3,0,6,,4.0,14630
1002269,P0042042,M,46-50,20,C,1,1,17,7.0,,3903
1000995,P0015842,M,36-45,4,C,1,0,8,,15.0,9312
1000008,P0045742,F,18-25,7,C,3,1,17,16.0,3.0,9075
1002592,P0080342,M,55+,20,B,1,1,15,,14.0,18162
1002516,P0074742,M,46-50,2,A,4+,1,1,16.0,11.0,17482
1004416,P0035042,M,0-17,13,C,4+,0,18,17.0,5.0,15871
1001418,P0099042,F,55+,4,A,3,0,7,4.0,16.0,5170
1002317,P0053542,M,36-45,14,B,4+,0,7,2.0,,543
1003933,P0024542,F,55+,8,C,2,0,16,3.0,,11771
1001288,P0095842,M,55+,14,B,1,1,11,10.0,17.0,16680
1002845,P0045142,M,18-25,18,B,2,1,5,10.0,8.0,16553
1001119,P0066942,M,36-45,15,A,3,0,14,5.0,5.0,5864
1000553,P0078842,F,18-25,7,A,4+,1,10,2.0,,19836
1000661,P0089942,M,36-45,14,B,2,0,5,15.0,12.0,14570
1000716,P0034442,M,0-17,10,B,2,1,18,5.0,16.0,16416
1003586,P0065942,M,55+,3,C,0,0,4,,,8294
1003762,P0040042,F,46-50,20,A,2,1,9,4.0,18.0,16693
1002530,P0053742,M,26-35,9,B,4+,0,11,9.0,4.0,9379
1003971,P0096742,F,55+,9,B,1,1,3,11.0,,1238
1003408,P0019942,M,26-35,1,A,1,1,11,6.0,6.0,18459
1001459,P0082442,M,26-35,7,B,1,0,7,12.0,,7838
1003268,P0091342,M,55+,7,C,4+,0,17,4.0,15.0,1419
1000855,P0057942,F,18-25,8,B,1,1,18,2.0,,1851
1004761,P0051442,F,46-50,1,B,1,1,15,15.0,6.0,6278
1003538,P0026442,M,55+,13,A,3,0,17,18.0,,19026
1001898,P0073742,F,51-55,19,A,3,0,17,13.0,6.0,12583
1000273,P0040142,M,18-25,1,C,0,1,10,6.0,,19078
1004088,P0022042,M,55+,3,B,0,0,15,9.0,14.0,16133
1001273,P0018742,M,55+,2,C,2,0,16,14.0,,15533
1004375,P0031642,M,18-25,13,B,2,1,15,2.0,9.0,4936
1004020,P0067242,M,55+,20,B,2,0,9,3.0,,2807
1000816,P0091342,M,18-25,15,A,0,1,1,,,8335
1004372,P0027842,M,55+,14,C,1,0,2,15.0,15.0,7984
1000923,P0080142,M,51-55,6,B,2,0,6,15.0,,18410
1004738,P0026242,M,55+,17,B,1,0,9,4.0,,16833
1004601,P0069242,M,18-25,19,A,1,1,18,6.0,10.0,13177
1004868,P0026942,M,46-50,5,A,0,0,1,9.0,,2414
1001265,P0040042,F,55+,20,A,3,1,10,6.0,11.0,18032
1003725,P0047342,M,26-35,15,C,3,1,4,18.0,,17018
1002788,P0080742,F,36-45,10,C,4+,1,14,14.0,,12461
1002723,P0030242,F,18-25,1,B,3,0,6,5.0,6.0,5503
1004224,P0014642,M,55+,1,C,2,0,5,17.0,13.0,12353
1002551,P0056242,M,46-50,13,A,0,0,15,12.0,17.0,15124
1002950,P0076942,M,0-17,8,A,1,1,10,6.0,7.0,6155
1001674,P0050742,M,36-45,11,C,0,1,3,18.0,5.0,19433
1004588,P0029342,M,18-25,2,B,4+,1,17,6.0,16.0,15797
1003093,P0052642,M,18-25,4,B,4+,1,9,15.0,6.0,14146
1002839,P0089042,M,55+,8,B,4+,0,9,9.0,,3581
1001667,P0041642,M,36-45,2,B,1,1,15,16.0,,1810
1004512,P0057842,F,36-45,17,A,4+,0,18,10.0,5.0,12197
1002196,P0052042,M,18-25,1,C,4+,1,3,7.0,,11103
1001385,P0036842,F,46-50,3,A,4+,1,8,,,6416
1004404,P0058042,M,0-17,12,B,1,1,3,17.0,4.0,12034
1003955,P0081042,M,55+,16,B,4+,1,13,18.0,17.0,9877
1002900,P0083542,M,46-50,8,A,2,1,16,8.0,18.0,2416
1000061,P0036242,M,51-55,18,B,0,0,7,8.0,15.0,10108
1003948,P0052542,F,26-35,13,A,4+,0,5,5.0,,12643
1002291,P0026542,M,26-35,12,A,4+,1,2,10.0,9.0,2115
1000473,P0079142,M,26-35,4,A,0,0,3,,9.0,8929
1000959,P0052742,M,18-25,17,A,4+,0,3,13.0,,6022
1000533,P0080342,M,55+,14,B,4+,1,2,16.0,,6911
1000494,P0049642,F,55+,10,B,2,1,16,16.0,12.0,15542
1000082,P0031542,M,0-17,18,B,3,1,17,6.0,,17270
1004975,P0089542,M,0-17,4,C,1,1,16,3.0,,14186
1002971,P0096342,M,55+,6,A,1,1,16,4.0,10.0,532
1000012,P0020642,M,51-55,1,C,0,1,17,16.0,15.0,8886
1004545,P0019742,M,18-25,18,A,2,1,5,11.0,5.0,3755
1000762,P0097942,F,18-25,15,A,1,0,12,,18.0,3526
1003186,P0058142,M,18-25,2,B,0,0,12,9.0,,18659
1000026,P0059842,F,0-17,9,A,0,0,7,4.0,,15316
1001807,P0032942,F,18-25,11,C,0,0,7,,,165
1004158,P0035642,M,36-45,1,B,1,0,4,10.0,7.0,17984
1004325,P0014242,M,36-45,7,B,3,0,6,18.0,4.0,14715
1004703,P0034142,M,36-45,8,A,0,0,16,2.0,,1579
1003660,P0065342,M,18-25,19,B,4+,0,8,9.0,,1997
1001526,P0019442,M,36-45,11,C,3,1,6,13.0,17.0,12629
1000761,P0086542,M,55+,4,A,3,1,10,12.0,13.0,18798
1000595,P0028742,M,51-55,12,C,4+,0,16,16.0,14.0,1930
1001056,P0048442,M,18-25,4,B,1,0,2,,10.0,9208
1001855,P0091842,M,51-55,14,C,1,1,14,17.0,18.0,11001
1003084,P0049942,M,36-45,20,C,2,0,11,8.0,3.0,11242
1003917,P0060542,M,18-25,4,B,1,0,2,,16.0,16221
1003676,P0026642,M,46-50,4,A,2,0,3,,4.0,17342
1002049,P0088242,M,26-35,3,A,0,0,11,14.0,,15384
1001459,P0022442,F,46-50,15,B,1,1,4,12.0,,15384
1001220,P0077242,M,26-35,17,A,1,0,14,12.0,7.0,16022
1004229,P0018642,F,26-35,9,C,4+,0,5,16.0,9.0,743
1004182,P0092042,M,36-45,19,B,0,1,3,11.0,16.0,7653
1001500,P0058842,M,26-35,2,B,2,1,8,,15.0,19876
1001831,P0032542,M,26-35,9,A,0,0,10,16.0,,5825
1003396,P0075642,M,46-50,12,A,3,1,12,6.0,6.0,19150
1001204,P0044442,M,26-35,2,B,4+,1,8,15.0,16.0,9378
1004271,P0085942,F,18-25,3,B,3,0,7,11.0,,8138
1002811,P0097342,F,51-55,12,B,2,1,2,5.0,,6716
1003093,P0061742,F,55+,13,B,1,1,12,12.0,9.0,7298
1003045,P0013042,M,51-55,3,C,1,0,11,,4.0,14448
1004674,P0080842,M,18-25,11,C,1,1,9,2.0,13.0,16638
1003515,P0084342,M,55+,15,B,2,0,5,,14.0,1265
1001799,P0039542,M,36-45,9,B,3,0,6,15.0,6.0,14487
1002576,P0051342,F,55+,19,B,2,0,7,16.0,15.0,5154
1000145,P0093642,M,55+,16,C,2,0,14,,,7724
1004858,P0023442,F,46-50,6,A,3,1,18,,14.0,16705
1003927,P0062442,M,55+,3,C,1,1,15,7.0,8.0,6410
1001378,P0010342,M,55+,11,B,4+,1,1,,,5566
1003147,P0027742,F,0-17,9,B,2,1,16,6.0,5.0,1692
1001826,P0084542,F,51-55,1,B,2,0,15,4.0,18.0,6810
1000794,P0035842,M,46-50,13,B,3,1,9,13.0,,18154
1001602,P0075142,M,51-55,7,C,4+,0,7,,9.0,3126
1004415,P0016442,M,0-17,9,A,2,0,12,3.0,12.0,13898
1001111,P0089442,M,26-35,5,B,0,0,9,12.0,13.0,5336
1004054,P0046242,M,0-17,1,B,4+,1,12,15.0,,9715
1004794,P0091742,M,26-35,13,B,2,1,11,16.0,15.0,2850
1003938,P0081642,M,51-55,10,A,4+,0,3,12.0,7.0,2880
1003964,P0011642,M,55+,1,C,0,1,13,13.0,,19658
1004943,P0029942,M,46-50,3,A,0,1,5,11.0,12.0,14531
1000783,P0064342,M,46-50,5,C,4+,0,18,16.0,12.0,11826
1001117,P0031142,F,36-45,3,B,1,1,11,9.0,,1272
1001751,P0053442,M,51-55,4,A,4+,0,3,7.0,16.0,9738
1002577,P0037242,F,36-45,5,A,3,1,9,7.0,8.0,16095
1004028,P0038942,M,55+,8,B,1,1,8,15.0,,17523
1003337,P0090242,M,51-55,15,A,0,1,8,,,19984
1004388,P0058242,F,55+,10,B,1,0,13,7.0,17.0,11434
1001488,P0033342,M,26-35,10,B,0,0,11,6.0,15.0,16515
1003876,P0050742,M,51-55,20,C,0,1,6,16.0,,11339
1003632,P0079342,M,51-55,20,C,0,1,13,2.0,12.0,3312
1004193,P0024542,M,26-35,9,B,3,0,11,18.0,,2776
1003959,P0066142,M,18-25,0,B,3,0,14,9.0,3.0,9629
1003398,P0052942,M,55+,16,A,2,1,14,,12.0,2745
1000074,P0053142,M,18-25,7,B,3,0,5,16.0,18.0,6778
1001360,P0071442,M,51-55,15,B,0,0,15,17.0,18.0,4997
1001092,P0064442,M,18-25,5,A,4+,1,13,5.0,4.0,11817
1004854,P0059642,M,46-50,13,B,1,0,16,9.0,,7824
1001942,P0018842,M,51-55,1,B,4+,1,17,7.0,5.0,19971
1003149,P0051042,M,0-17,8,C,0,1,16,16.0,,4041
1004304,P0099642,M,26-35,3,B,4+,0,14,2.0,,9903
1001245,P0095242,M,36-45,18,B,1,0,17,14.0,,9414
1001286,P0092642,F,26-35,16,A,2,0,7,,18.0,15695
1004506,P0034042,M,51-55,0,C,2,1,6,2.0,,2925
1003037,P0087742,F,0-17,1,C,3,1,5,7.0,8.0,3460
1000771,P0032242,F,26-35,16,B,4+,0,1,6.0,12.0,13069
1001844,P0084742,F,36-45,1,C,3,1,16,,3.0,13463
1000074,P0076442,M,36-45,2,C,3,1,14,,,1743
1001661,P0056742,M,0-17,3,C,4+,1,2,4.0,,17131
1004350,P0066842,F,36-45,12,A,4+,1,4,5.0,9.0,17161
1000820,P0042142,M,46-50,11,A,1,1,1,2.0,15.0,2475
1003819,P0047442,M,36-45,20,C,4+,1,2,13.0,,16741
1000332,P0021142,M,55+,4,C,4+,0,9,15.0,,12518
1001422,P0062642,M,0-17,13,B,3,1,1,15.0,11.0,7036
1003656,P0051142,M,0-17,5,C,2,1,16,7.0,12.0,6262
1004932,P0036842,M,26-35,0,A,0,1,14,6.0,6.0,8481
1001692,P0072542,M,36-45,15,B,2,0,13,3.0,6.0,13079
1004551,P0035142,F,36-45,5,A,4+,1,15,14.0,13.0,18784
1004409,P0047342,F,51-55,12,A,0,1,18,6.0,14.0,16711
1000228,P0075342,F,51-55,12,A,4+,0,3,3.0,,18158
